frame,psi1,psi2,psi3,csv_gt_angle,inplane_angle_rad
0,-0.4698643850111695,-1.2413746041334395,1.0738525180163823,65.174,0.5972999930381775
1,-0.5150886955986792,-1.2489549430201503,1.1031054491848762,66.3723855255557,5.399799823760986
2,0.9224355094728681,-0.6960318984161293,-0.4642549009728231,67.57058181214477,3.1321001052856445
3,-0.9588176715255736,0.8116875352225471,-0.8604242309178274,68.76839965068365,2.317699909210205
4,0.9576370174539159,-0.734527385567564,-0.4172229723180762,69.96564989185009,6.278299808502197
5,-1.013992518819857,-0.5803250237539717,-0.29954080992262905,71.16214347595204,2.6526999473571777
6,1.1576012692486966,-0.32848962415228516,-1.06096609423242,72.35769146278237,4.134300231933594
7,-0.6348952114992863,1.0560378672185213,0.02834954216448436,73.55210506145472,2.3225998878479004
8,0.6805853240006889,0.9160793535269853,0.7923056916507274,74.74519566021581,3.8647000789642334
9,1.1824732882298066,0.4115448158441057,-0.9848974522904943,75.93677485622933,2.219599962234497
10,1.280425381160566,0.2844248605952073,-1.0116999782309215,77.12665448532701,1.2000000476837158
11,-1.2099282049894822,-0.1290330340554173,-1.2778531559135002,78.31464665172189,0.6075000166893005
12,-1.0142506570118424,-0.6081088471614408,-0.4589164236970616,79.50056375767925,5.600800037384033
13,-1.0918443494773196,-0.5470458023170196,-0.6801757471770736,80.68421853314047,1.0867999792099
14,-0.7139059113417395,1.0384397552172142,-0.0068334685973572,81.86542406529516,0.35350000858306885
15,-0.9116034391007207,0.9088641194160326,-0.46075500075074877,83.0439938280968,4.42579984664917
16,1.0075340123653105,-0.6580444811074464,-0.370179038610906,84.21974171171746,6.245699882507324
17,0.4435070169318696,1.1483184283035794,1.2006209706737763,85.39248205193658,3.8466999530792236
18,0.25792327634955214,-1.2451275319847723,1.1241312445787188,86.56202965945964,5.737599849700928
19,1.008033956096443,-0.7561384413763754,-0.1368861244704087,87.72819984916156,1.6100000143051147
20,-0.667616537417374,-1.0235250496138504,0.4236379852207466,88.89080846925071,5.309500217437744
21,-0.0958748754156615,1.3481980645603886,1.6051519260627818,90.04967193034861,4.5472002029418945
22,1.4385410501270768,0.07608259576580298,-1.2938329681335607,91.20460723448076,2.2932000160217285
23,0.9160938985363314,-0.800047988025442,0.03458188158642756,92.35543200397422,1.8485000133514404
24,1.0720501335898942,0.6086925940596605,-0.6048759899224789,93.5019645102571,0.9460999965667725
25,-0.9301059616239076,-0.7987398414341418,-0.2969394621753085,94.64402370255561,2.994999885559082
26,0.1263156089754735,1.384084384474713,1.4829753627728846,95.78142923648416,2.8680999279022217
27,0.9536554467454775,-0.8388621334680271,0.12944951362166549,96.91400150252367,1.6171000003814697
28,-1.1959411267746163,0.5223661147678897,-1.0239242251631828,98.04156165438417,1.593500018119812
29,0.5894673899276417,0.9258596679148628,0.4436058824033045,99.16393163724659,5.687600135803223
30,-0.43669239227337037,1.3546955727903438,1.2952569381925634,100.28093421587968,4.448599815368652
31,-1.3272690660583046,-0.045857227135063044,-1.282710858524943,101.39239300262761,0.08659999817609787
32,1.1273164152330442,-0.6336076220738053,-0.2881067785317578,102.49813248526348,4.150599956512451
33,1.0370605249008937,-0.8818461991668554,0.13018997571873256,103.59797805470487,3.5527000427246094
34,1.4831006269566636,0.20185208984270858,-1.3868027822212208,104.69175603258654,0.19689999520778656
35,-1.344257064042399,0.007705574432804128,-1.2874021971165328,105.7792936986863,4.252500057220459
36,1.4494731055677588,0.36158455818802887,-1.3576396555013353,106.86041931819952,6.2642998695373535
37,-1.354733725608213,-0.26057773514915095,-1.323231810633052,107.9349621688581,1.0484000444412231
38,0.23956356476899246,-1.4734140092053436,1.230116379733865,109.00275256788944,1.3007999658584595
39,-1.2978867742709654,0.3570993444457995,-1.1036380311630165,110.06362189881128,2.5627999305725098
40,1.2678175617651908,-0.35137827830400953,-0.6287429731567225,111.1174026380583,3.963399887084961
41,-1.1252525204637827,0.8055022201835744,-0.564031381499254,112.16392838143592,1.9259999990463257
42,0.46490393743836383,1.1823339421781136,0.8350078323651315,113.2030338703976,2.883500099182129
43,-0.9418803461230564,1.025026309252613,0.047901872005313144,114.23455501814092,0.9930999875068665
44,0.08056392317980826,1.4712129769786912,1.4623204093453537,115.25832893551889,1.4735000133514404
45,1.175446798936844,-0.6111222743601515,-0.2644812133658683,116.27419395676199,1.5819000005722046
46,0.1818154434604722,1.3885486144802166,1.247191072512443,117.28198966500705,2.8761000633239746
47,-0.9182871656281691,-0.9925988412040423,-0.29432322677973394,118.28155691762903,0.39480000734329224
48,1.0474561446036188,0.8859098043808212,-0.4003426620768472,119.27273787137139,0.6990000009536743
49,-1.0655951619134796,-0.9159170581493975,-0.46742988054552126,120.25537600727141,4.777200222015381
50,-1.2322208260415874,0.657405212830579,-0.6759422530520934,121.2293161553763,4.546800136566162
51,-0.5500132051768943,-1.3676527939402694,0.5065570693729878,122.1944045192464,0.5480999946594238
52,-1.5017509024698346,0.0529209738910908,-1.3347459313842633,123.15048870024145,3.380500078201294
53,1.222231999387959,-0.7609532791016386,0.004472233750540782,124.09741772158591,0.5407999753952026
54,-1.5746851366557353,-0.40825916578272586,-1.3516367188354679,125.03504205221024,4.097599983215332
55,1.6482216714976479,0.47331774790386005,-1.4976075558063653,125.9632136303633,2.2151999473571777
56,-1.2040799181815953,0.995385228399037,-0.313039900851836,126.8817858869932,4.4618000984191895
57,0.7406964943071328,1.0857499466211142,0.24710989306357703,127.7906137688922,5.353300094604492
58,1.6995323721931928,0.20770792899222906,-1.4583634149346836,128.6895537616023,1.9844000339508057
59,-0.3773544606382504,1.6597437018377357,1.678264223679627,129.57846391207772,0.682699978351593
60,-0.01715667566512868,-1.7417062520817026,1.2923529842561632,130.45720385110127,1.1146999597549438
61,-0.2574120515733327,-1.6389190509780056,0.9372739700783804,131.3256348154498,0.7240999937057495
62,1.2794120905731554,-0.8147494060953365,0.008074029009414164,132.18361966980686,2.425299882888794
63,-1.2029173674953033,0.8888275973332401,-0.5708821322743391,133.03102292841794,0.9531999826431274
64,-0.4894304971491314,1.7200871472010786,1.5539888249561251,133.867710776485,4.209700107574463
65,1.7128547674159507,0.0382253012179778,-1.1826180061563776,134.69355109129776,4.812300205230713
66,-0.2655547914088534,-1.647388832743617,1.1015703898586038,135.50841346309699,5.948500156402588
67,-1.3207037529749177,0.9337422747751505,-0.48751986575754114,136.31216921566798,0.7810999751091003
68,-1.6735727429263627,-0.3941579802720008,-1.459012835532427,137.10469142666,1.1633000373840332
69,-0.9867774686969464,-1.1931453793971314,-0.1346575524501302,137.88585494762876,2.390199899673462
70,1.4377295190323967,0.9800741858684195,-0.901564905118901,138.6555364237987,1.0654000043869019
71,0.2858808647003149,-1.7602839183803258,1.3677425384831687,139.41361431354233,0.3028999865055084
72,1.5134021855681974,-0.5744319943963893,-0.3325677756648587,140.15996890757293,3.0095999240875244
73,-0.6321123623725263,1.7117809855102657,1.3877022808398798,140.8944823478481,2.8236000537872314
74,-1.3946372506081015,0.9263561865372295,-0.5903552318211094,141.6170386461809,5.540500164031982
75,0.2537213940773249,-1.836519063804804,1.3807004027012713,142.32752370255562,6.249300003051758
76,0.06119291716722365,-1.888244469930883,1.3702662911659664,143.02582532314568,4.612100124359131
77,-1.3685549731846582,1.009597148839308,-0.49446107025448727,143.71183323803024,3.9823999404907227
78,-0.6883909325404017,1.6768435329234255,1.2692889104149876,144.38543911860705,3.861999988555908
79,0.9662224428310916,-1.2706642442926868,0.8205911915526,145.04653659469895,5.635499954223633
80,0.5677964891112219,-1.7420987516576518,1.2631164125420107,145.6950212713507,1.5317000150680542
81,-0.8342717917276731,1.5521917867217023,0.988574325148727,146.3307907453144,2.9337000846862793
82,-0.5027543008570824,1.8515906612242017,1.632877487184092,146.95374462122004,2.065000057220459
83,1.8318671886698548,0.244817004505961,-1.4793964679260447,147.56378452742916,1.1871999502182007
84,1.6777308257739205,0.8094199530826106,-1.2589810210264794,148.16081413156866,1.024399995803833
85,-1.2366796819852754,1.1433690627925512,-0.19474450468948878,148.74473915574316,5.777500152587891
86,1.8890979489868756,0.3644604404282596,-1.5464167469136518,149.3154673914222,2.882200002670288
87,-1.532520634066579,0.7777942693767086,-0.8994338003919415,149.8729087140013,4.368800163269043
88,1.6999651993342164,-0.43490653968351883,-0.5511124478381954,150.41697509703357,3.9869000911712646
89,-0.997161793375292,1.3778602817702996,0.40943189529512836,150.9475806261301,5.089600086212158
90,0.9641469093331367,-1.3306907778497974,0.9103211296920101,151.4646415125269,0.7936999797821045
91,1.9489512406976872,0.6104382867061057,-1.6142120515084606,151.968076106316,3.6273999214172363
92,-0.7295648497015818,-1.4946166645874055,0.24145592538896005,152.45780490933905,2.803800106048584
93,0.5229456087945304,-1.8186661365978065,1.4155409614431365,152.93375058774097,2.152899980545044
94,0.2630761102187408,-1.8581155839055052,1.4056718964855435,153.39583798418175,4.09119987487793
95,0.42982143974980735,-1.8436139781984704,1.3035504137378757,153.84399412970487,4.251800060272217
96,0.9876797492096001,-1.4747334727488322,0.9553883095250114,154.27814825525974,0.9355999827384949
97,-0.6575816383429816,-1.5000488667158314,0.33038865576237575,154.69823180287702,5.906599998474121
98,1.8815835889771209,0.6676522758209247,-1.5961342480590088,155.1041784364948,5.892899990081787
99,-1.1586704630776876,-1.2204942443427387,-0.3193957634127066,155.4959240524338,3.03629994392395
100,-1.7841132692928927,0.009883273788676488,-1.5491725256181608,155.87340678951992,4.975299835205078
101,0.9535884439433313,-1.3758259829972408,0.9700612632063952,156.2365670388531,1.215399980545044
102,-1.4406555941210817,1.1592802659834673,-0.4256075062997401,156.5853474532201,3.293100118637085
103,1.791196770653504,-0.20825821779682827,-0.9215378872535973,156.91969295615024,6.24459981918335
104,-1.620902979995148,-0.6953228480678937,-1.1532664152645353,157.23955075061284,5.892600059509277
105,0.23272299944340089,-1.9310914377830233,1.3822573372930433,157.54487032735418,3.1851999759674072
106,-0.42931609371644025,1.904416639506131,1.722607939327085,157.83560347287371,0.9157999753952026
107,-0.31759386844878856,1.9255690123844842,1.8696284063548938,158.11170427703752,3.112799882888794
108,0.8320368841155275,-1.5041851067945409,1.0625110619031546,158.37312914032793,2.150099992752075
109,1.8709198163124259,0.4405488983506134,-1.584495211132991,158.61983678072846,4.797500133514404
110,-1.7170681053962922,0.07345453887049694,-1.4988783377896593,158.85178824024285,2.2304000854492188
111,1.7758675385725065,-0.19707613631702564,-0.8394551822570825,159.06894689104672,4.632699966430664
112,-0.596448260503746,1.7772126434491122,1.3734003213213808,159.27127844127176,5.851500034332275
113,-1.6559327547160037,-0.6866120601502289,-1.2869767612127954,159.45875094042066,3.139899969100952
114,-0.0772054088548945,-1.8781709413307162,1.178655245488242,159.63133478441256,3.3015999794006348
115,1.8695356475555713,0.051495908425028436,-1.235058245196787,159.78900272025783,1.1660000085830688
116,-0.6842540890683269,1.666945390659177,1.1817396866290313,159.93172985036165,0.5002999901771545
117,1.5074989618912438,-0.8019828155874097,-0.011500197003606515,160.05949363645567,2.6047000885009766
118,1.6703827217857588,0.723199556536446,-1.297591870367203,160.17227390315696,0.36419999599456787
119,1.957930716235422,0.6014795735515596,-1.6031464964452253,160.27005284115398,2.004199981689453
120,0.21877692087153366,-1.9164019494365605,1.3614451476065998,160.352815010019,0.7972000241279602
121,-0.8147001834337649,-1.4161022818516595,0.005989148997921133,160.42054734064607,3.135999917984009
122,-1.5505128946271725,0.5882726669444606,-1.0034919496086037,160.4732391373151,5.562399864196777
123,-0.3064660151032913,1.9385170292372915,1.7334412208261838,160.51088207938048,2.625200033187866
124,1.052774124852809,-1.3569467462141571,0.9517590598368806,160.53347022258532,3.069200038909912
125,-0.6741443132507713,-1.5735185119839954,0.35597101436035433,160.541,2.5680999755859375
126,-1.0118630607762746,1.5405091432714513,0.6950895563798513,160.53347022258532,3.0278000831604004
127,-1.8713371088894664,-0.16640355233487797,-1.4503639035569142,160.51088207938048,5.994999885559082
128,-1.7043595954456536,0.26313858961244746,-1.33266843918171,160.4732391373151,4.167900085449219
129,0.47961198959130136,-1.745444747240408,1.3683882085908132,160.42054734064607,4.3480000495910645
130,-0.9972489429111746,-1.3494047224398966,-0.06016569349585785,160.352815010019,1.7246999740600586
131,-1.6396570322162534,-0.6754314637800012,-1.183291894038479,160.27005284115398,1.277400016784668
132,-1.0952160347698308,1.2685769892447474,0.17665881217854298,160.17227390315696,1.649399995803833
133,1.4555980414555632,0.9466175472213486,-0.898383047644113,160.05949363645567,2.0596001148223877
134,0.5996234013926001,1.5833487903582422,0.6549200670335301,159.93172985036165,5.2708001136779785
135,1.2918263643434404,-1.030555219327733,0.3572581468381907,159.78900272025783,0.6686999797821045
136,-0.9580393354506922,1.4846155034930042,0.7172606229398524,159.63133478441256,2.0025999546051025
137,-0.6717464432638108,1.9037226939231124,1.6107099177462245,159.45875094042066,5.77400016784668
138,0.1394914117616851,-1.9927572391825796,1.2944025227486566,159.27127844127176,5.496200084686279
139,1.1502778033026162,1.1127175783710976,-0.35989449133168366,159.06894689104675,4.503799915313721
140,0.27550835564855225,1.7052072652006216,1.137597426695835,158.85178824024285,1.6567000150680542
141,-0.6142987636525609,-1.572664409266131,0.4403706075868277,158.61983678072846,1.2344000339508057
142,0.20433010364886955,-1.962363950316181,1.3570748670340063,158.37312914032793,2.4200000762939453
143,-1.379094753890397,-0.9700937128281341,-0.7745579489781148,158.11170427703752,4.616499900817871
144,1.7453700683243416,-0.4118293115474312,-0.5658708232810616,157.83560347287374,4.4816999435424805
145,-0.8455499000024528,-1.4490678753131039,0.02141409803788629,157.54487032735418,5.8155999183654785
146,1.3200846176869065,1.0478948130992405,-0.7183263367162163,157.23955075061284,0.7602999806404114
147,1.7222769313231066,0.9124152958035298,-1.2942503453052214,156.91969295615027,0.3319999873638153
148,-1.305568652854611,-1.057734628157829,-0.5553638435257724,156.5853474532201,3.517899990081787
149,1.9420000243368485,0.5447579586159113,-1.6465016601055136,156.2365670388531,2.2121999263763428
150,-0.17112734905840557,1.9074519071193512,1.7893196595730836,155.87340678951995,5.3649001121521
151,1.764374552871981,-0.20952513695526284,-0.8199486096507355,155.4959240524338,3.90939998626709
152,-1.7374878067445154,0.03407297816608181,-1.4544040831066756,155.1041784364948,2.422800064086914
153,0.7427642290233386,1.3719772390210037,0.38275458883734725,154.69823180287702,5.903500080108643
154,-0.6355399261162749,1.7850900868221433,1.4298433443636387,154.27814825525974,6.0131001472473145
155,1.6735077063477766,-0.41967689364875327,-0.5289931358396738,153.84399412970487,1.157099962234497
156,-1.7832462579507227,-0.5155359180186709,-1.44301881110139,153.39583798418175,2.8373000621795654
157,0.05955974345828306,1.7603922132942367,1.478255096189166,152.93375058774097,4.423600196838379
158,-0.5824356393748691,1.880868830420736,1.5432262881632863,152.45780490933905,0.6044999957084656
159,1.5120584806537947,0.9088260227216255,-1.1002007282906265,151.968076106316,5.314199924468994
160,0.1421632127380652,-1.8891234670970707,1.3477374088402085,151.4646415125269,1.0615999698638916
161,-0.3499232593082429,1.8227830290468658,1.7969255928662184,150.94758062613013,3.19320011138916
162,-1.117416097174174,-1.1478094198196098,-0.34744877832341003,150.4169750970336,4.2932000160217285
163,-1.6395331006504223,-0.6829136166460105,-1.2155371411871665,149.8729087140013,5.400000095367432
164,0.14952692302037193,-1.9104753868384632,1.3680670558346177,149.3154673914222,5.69980001449585
165,0.14635775380754035,-1.8599110474356766,1.33053839250833,148.74473915574316,4.76609992980957
166,1.6739416234713593,-0.27910549792959083,-0.803152983973034,148.16081413156866,3.149899959564209
167,1.8289880624255068,-0.14775825067946727,-1.1215192363994255,147.56378452742916,3.6760001182556152
168,0.34351906481484984,1.5467338227934364,1.0586303139523772,146.95374462122004,1.5848000049591064
169,-1.5845319772045394,-0.6218699503702647,-1.110488369940294,146.33079074531437,5.14169979095459
170,1.734408064069846,-0.10789151189270542,-1.0644085665687113,145.6950212713507,2.3361001014709473
171,1.873609192493223,0.32706364502639435,-1.5570095871740133,145.04653659469895,5.613699913024902
172,1.4027579882796406,0.9282234682488383,-0.8031807297977868,144.38543911860708,1.4631999731063843
173,-0.5912256582224887,-1.476266180635495,0.4553293951758419,143.71183323803027,3.9493000507354736
174,0.749805874826864,1.318104480427935,0.45469790466767657,143.02582532314568,0.4011000096797943
175,1.376525346616945,-0.773841990374942,-0.0949785243931259,142.32752370255562,3.025899887084961
176,-1.1925445738881324,1.1316249409560242,-0.12553317172628728,141.61703864618093,3.2274999618530273
177,0.12932116397407786,1.6638513194580533,1.5372571960038157,140.8944823478481,1.503499984741211
178,1.6695935773635466,0.7576226660109396,-1.2845032421685945,140.15996890757293,0.39250001311302185
179,1.3672360324254178,-0.7521369082419967,-0.10951524853003099,139.41361431354233,3.653599977493286
180,1.385213573506171,-0.6763668308585878,-0.1423411801464163,138.6555364237987,4.606200218200684
181,-1.2921435650865667,-0.9665736075466609,-0.6712488047178179,137.88585494762873,1.5108000040054321
182,0.14744255250060515,-1.7938291632717163,1.387600645285469,137.10469142666005,3.9110000133514404
183,-0.007555011299774377,-1.7078692211473674,1.3849192961354224,136.312169215668,0.9023000001907349
184,1.6657580369204283,0.7095012439278998,-1.4271316838652424,135.50841346309699,4.77370023727417
185,1.2013990119994096,-0.9016265255826034,0.2755392739873736,134.6935510912978,1.3916000127792358
186,-1.3509065589771876,0.875914281848084,-0.678132364151993,133.86771077648504,0.5054000020027161
187,-1.4155849281808908,0.4898249179436526,-1.069939015326851,133.03102292841788,4.334400177001953
188,-1.5281120022775452,0.4641463579358387,-1.1676643830937918,132.18361966980686,4.757999897003174
189,1.7201869032901518,0.2637640944314678,-1.5275197050635947,131.32563481544977,3.252000093460083
190,-0.3242809762560394,1.729323882816823,1.6089398293398658,130.45720385110124,6.021200180053711
191,1.582264801865173,0.6591607836449345,-1.277428902415357,129.57846391207778,0.9686999917030334
192,-0.42730391132381074,1.7154406200588164,1.656054065696888,128.6895537616023,3.9639999866485596
193,1.5213519435139038,0.6853118808048224,-1.226748631869545,127.7906137688922,3.7204999923706055
194,1.2155569834978006,-0.779199349596129,0.06250109980239729,126.88178588699323,0.8655999898910522
195,-0.6217380578455247,1.420894171579722,1.144441068574726,125.96321363036331,0.2985000014305115
196,-1.1711537600175754,-0.892415459718263,-0.6750932388742138,125.03504205221026,5.858399868011475
197,-0.2948859185636399,1.6400606368416597,1.6258172849858759,124.09741772158596,0.620199978351593
198,-1.3389121044554013,0.3519218313116863,-1.1325778557483377,123.15048870024143,4.832900047302246
199,-1.2116123575697424,-0.6922911590754195,-0.778115462226106,122.1944045192464,3.430500030517578
200,1.0038371473708274,-0.9544382190735775,0.4072237351931957,121.2293161553763,4.274899959564209
201,0.6448942090585555,-1.1823912997062114,0.9094812066997517,120.25537600727141,1.1921000480651855
202,-1.2886540328452534,-0.6338459004751591,-0.9183221213370099,119.27273787137139,0.04349999874830246
203,-1.3455277056305477,-0.5766713123721735,-1.1363887097645409,118.28155691762905,2.38319993019104
204,0.7496520296602585,1.0279611238959554,0.1504809821241003,117.28198966500706,4.082300186157227
205,0.5917474178461122,1.0467670763884194,0.47829443725324844,116.27419395676199,0.7160999774932861
206,-0.30989434302948077,-1.3990924577916646,0.9138502402291182,115.25832893551893,5.642899990081787
207,-0.719110591902845,-1.198321686052079,0.12337770308827231,114.23455501814095,3.3966000080108643
208,1.5240609674747356,0.32155456554615663,-1.4279873866585748,113.20303387039759,1.8716000318527222
209,-0.034621804176991205,-1.5582529545976695,1.2468061213715058,112.16392838143594,4.594799995422363
210,-1.3241231826255333,-0.4322037090450565,-1.1513314785909352,111.11740263805828,4.711900234222412
211,-1.3494903866560481,-0.4236792087440474,-1.2361354071357937,110.06362189881126,0.6876000165939331
212,-0.6170770835937309,1.2956525672422314,1.0054681065813482,109.00275256788944,0.967199981212616
213,1.4903101846572604,0.41896613635985874,-1.3331239996107822,107.93496216885812,5.869800090789795
214,0.19281713618025387,-1.4691319389889257,1.282596093213653,106.86041931819952,3.6784000396728516
215,-0.1525361277678454,1.4541944917073537,1.5041703545300735,105.77929369868632,2.882699966430664
216,1.1524799658662073,-0.6156008893885465,-0.31139451555383313,104.69175603258655,4.125899791717529
217,-1.2846614364341638,-0.32585641161731477,-1.1966615007920152,103.59797805470488,5.371799945831299
218,1.4242574411905342,0.2921719165966037,-1.4046659860705413,102.49813248526354,4.266900062561035
219,-0.6333502191216622,-1.1816910798073386,0.4731944904048639,101.39239300262761,4.265900135040283
220,1.032474800675697,-0.7476646820240821,-0.1275224032020475,100.28093421587967,5.101099967956543
221,0.40626498302709724,1.2579950728300247,1.1631876109639947,99.1639316372466,5.150199890136719
222,0.7492011306120427,0.9114927784506888,0.2388925862857639,98.04156165438417,6.012599945068359
223,-1.0733295987869507,0.8373456647079263,-0.5564586228719504,96.91400150252366,4.135900020599365
224,-1.2238581516672395,0.35879712544965353,-1.2291315962693445,95.78142923648417,4.15310001373291
225,0.7858843913949772,-0.9487973465186026,0.40915748808680136,94.64402370255563,4.142300128936768
226,1.3855902110460345,-0.062044974763075876,-1.1824153920302616,93.5019645102571,0.03590000048279762
227,0.30330719654427946,1.2390940806733528,1.3290541637163051,92.35543200397424,2.065000057220459
228,0.4481527901236911,-1.121519206322709,0.868981430129497,91.20460723448079,4.592599868774414
229,-0.2860079123056797,-1.3832770372985168,1.274213847154648,90.04967193034862,5.0524001121521
230,-0.960221374678781,0.8648438073991955,-0.5733184831439821,88.89080846925071,1.6684999465942383
231,0.5357628819636712,-1.0593948981816919,0.5686008893825067,87.72819984916156,3.8912999629974365
232,0.41728807758745723,-1.0923665078632514,0.8466916647826357,86.56202965945963,2.6586999893188477
233,-0.4811627197281456,-1.2033620327940515,0.9339170093791569,85.39248205193661,1.7726000547409058
234,0.9565609869201213,0.6824141272434893,-0.2169066763112982,84.21974171171746,4.55620002746582
235,-1.1078655930539671,0.668213971932557,-1.0640576580879606,83.0439938280968,2.89490008354187
236,1.3464552812789015,0.0030937861709270085,-1.2273256794101655,81.86542406529519,1.9127000570297241
237,-1.2798243361570956,-0.18234055051911663,-1.3372177042571827,80.6842185331405,2.246799945831299
238,-0.6009976344561077,1.0296590736337055,0.2699774652130654,79.50056375767926,0.6226999759674072
239,-0.4315898795936007,-1.212952497259152,1.0739445124594955,78.31464665172193,4.917200088500977
240,0.8302061762860153,-0.8203000067582793,-0.10526907911102794,77.12665448532704,4.685699939727783
241,0.7286460554650234,-0.9946903187946287,0.1674938548841101,75.9367748562293,5.384799957275391
242,-0.898920731999212,-0.7604039527333909,-0.05830144063705925,74.74519566021583,3.7228000164031982
243,-0.8968758455260847,-0.7446381783577771,0.03016517992683729,73.55210506145472,1.1878999471664429
244,-0.6792816689764012,1.1001524205599518,-0.1225171323874762,72.35769146278236,1.368299961090088
245,0.9980563714976501,-0.7484848175665363,-0.3725277545310836,71.16214347595205,3.022200107574463
246,1.3495604569707504,0.12368680341721167,-1.2920719731956263,69.9656498918501,1.1055999994277954
247,1.041069122787325,-0.5746392487515954,-0.6930469013920506,68.76839965068365,5.384399890899658
248,0.6232754791901685,0.9355176061289678,0.8830027644936472,67.57058181214481,1.7275999784469604
249,0.9358217736968264,0.5850802327545623,-0.01890703425975456,66.37238552555571,0.6820999979972839
250,-1.0419527343723067,-0.4429226301277,-0.7394494609176457,65.17400000000002,4.352799892425537
251,-0.4866734985087136,1.1196481099019395,0.43630289689473634,63.97561447444432,1.1993000507354736
252,-0.10956347672123182,-1.4111935679443905,1.2901386838802882,62.77741818785523,0.5914000272750854
253,1.3377094020156666,-0.12185658280637598,-1.241847531795923,61.57960034931634,1.080299973487854
254,1.2395876354262783,0.24101551640409138,-1.002301138320834,60.382350108149936,0.23340000212192535
255,1.1821108976561416,-0.3647239876978922,-1.0286009881740197,59.18585652404798,1.4706000089645386
256,-0.6259672755753131,-1.07066143353793,0.7954838101639407,57.99030853721764,1.8514000177383423
257,0.7414960394423362,-0.961354336750105,0.005377074863724005,56.79589493854531,1.03410005569458
258,-0.39603705091420377,-1.198188645265876,1.1554765545710877,55.602804339784214,6.276800155639648
259,0.3864753723953644,-1.1512197261799497,0.7079284416803016,54.41122514377068,1.1857999563217163
260,0.6073769704573092,-0.9492497698933886,0.0697196266247997,53.22134551467304,3.2147998809814453
261,-1.2297294401517886,0.20266323575462294,-1.295078251623605,52.033353348278155,0.9878000020980835
262,1.018547367790174,0.47663003115315966,-0.19974930780419864,50.84743624232074,3.6070001125335693
263,-0.010235392647290257,1.352604748123763,1.4802214841206331,49.66378146685955,3.228600025177002
264,1.3052048267110603,0.029252138636913727,-1.2022897278488536,48.482575934704855,4.7519001960754395
265,-0.5667482530440567,-1.0975108039285908,0.9090123592942985,47.3040061719032,3.9702000617980957
266,-1.1657424767537747,0.011671381464289907,-1.2497155365089159,46.12825828828257,3.1624999046325684
267,-0.6526645255510519,-1.0334816063868757,0.743909640429099,44.95551794806343,2.915299892425537
268,-0.7221048458593607,1.0484306132036878,-0.30473764496025546,43.78597034054037,4.305699825286865
269,1.2348356732919796,-0.29808761960543273,-1.1389923010263632,42.619800150838486,4.670199871063232
270,0.8931828901773315,0.5303824177278946,0.028858402268160867,41.45719153074932,4.740499973297119
271,0.8301945298836676,0.6141246819993018,0.2807192566136138,40.29832806965142,1.728700041770935
272,-0.869241397044011,-0.7348761103970317,0.25141228102957325,39.14339276551925,1.503499984741211
273,0.669808673862593,-1.0121416172869178,0.23487735512276822,37.992567996025784,4.138299942016602
274,0.595556037634555,-1.0446878896106222,0.27519117825063494,36.8460354897429,4.702400207519531
275,1.3444359933299337,-0.02413321849470576,-1.2643264296490007,35.703976297444406,5.658999919891357
276,1.2876298457470667,-0.06105788009870653,-1.2617975675734832,34.566570763515855,2.2697999477386475
277,-0.3940832320004984,-1.2340274952662666,1.0984731045078238,33.43399849747633,0.5160999894142151
278,0.5247690270332496,0.9905116146108998,1.1642787526020317,32.30643834561586,1.2599999904632568
279,-1.139759012008187,0.2616055606493264,-1.227286761677264,31.184068362753436,3.5095999240875244
280,0.051837340283086765,1.273746618524594,1.4808408049414554,30.067065784120324,4.396699905395508
281,-0.05098694293325447,-1.230625825097736,1.1421553738958246,28.955606997372435,1.215000033378601
282,-0.9331598858426704,-0.6971600372578879,0.05104753895659404,27.849867514736545,0.34470000863075256
283,0.2290858907481445,-1.140677208524378,0.7959803534533026,26.750021945295117,4.2758002281188965
284,-0.8610378584016499,0.7894951537814089,-0.684475381797512,25.65624396741348,2.382499933242798
285,0.6304253931887988,0.929072385188792,0.989036443104026,24.568706301313718,5.00029993057251
286,-0.8748127194814831,-0.7563947237147782,0.19334570688807404,23.487580681800473,5.110799789428711
287,-1.1322583480207928,-0.2625898491039336,-0.650629598141421,22.413037831141914,4.472499847412109
288,1.181869754433793,0.3149261931139338,-0.7491540590003674,21.345247432110583,4.916500091552734
289,-0.9736599517583964,-0.6469634956003892,-0.06675514025203942,20.284378101188736,0.12790000438690186
290,-0.37611597450484535,-1.2529532537698147,1.1235032262607658,19.230597361941754,5.643400192260742
291,-0.9732532091571269,-0.643505608559578,-0.10211911298074136,18.184071618564097,4.565400123596191
292,-1.0017898198526316,-0.5892052349700035,-0.10950010524813081,17.144966129602402,4.554900169372559
293,-1.1519235630601696,-0.17493105896381775,-0.9167107038584372,16.11344498185911,3.2551000118255615
294,-0.9275474010671272,-0.6678570744483087,-0.0820743330153996,15.089671064481102,0.6233000159263611
295,-1.0689783393619272,-0.26120901294247634,-0.7259699578479356,14.073806043238022,2.181999921798706
296,0.41934721666969604,1.075690942828693,1.359805244591887,13.066010334992974,1.121000051498413
297,-0.940823505043595,0.6615205810916046,-0.9091347639292993,12.06644308237098,3.7404000759124756
298,1.2740309184236904,-0.09254530106288536,-1.2523390871519011,11.075262128628616,3.3513998985290527
299,-1.0455412367148915,0.49420184554131213,-1.0527626931872098,10.092623992728626,1.6088999509811401
300,-0.21659727786156016,-1.242271830258584,1.1808456970206482,9.118683844623732,5.133299827575684
301,-0.6529484572538556,0.9680438542168794,-0.22505846646183703,8.153595480753609,0.3206999897956848
302,1.192945012228145,-0.3385249781341988,-1.046964520927858,7.197511299758602,2.6700000762939453
303,-0.6718960352607436,-0.8820319705695866,0.533397848613714,6.2505822784141145,2.968100070953369
304,-0.25576906491610224,1.18756388185847,0.830222685893027,5.3129579477897835,4.380000114440918
305,0.30675163365168595,1.1549229690552143,1.4605577393902691,4.384786369636721,0.17170000076293945
306,-0.2932192188016754,1.1103831162797624,0.6661760425337173,3.4662141130068065,0.19169999659061432
307,-0.6510023666614452,-0.9855866536023888,0.6432650653381976,2.557386231107799,3.728100061416626
308,-0.7333685257015645,0.9935575179978507,-0.2910907237770787,1.6584462383977439,1.648300051689148
309,0.542104644828402,0.9632480028270715,1.0846740843123923,0.7695360879222761,0.361299991607666
310,-0.3493900074989516,-1.2910097272152363,1.1123669259033222,359.89079614889874,1.0022000074386597
311,-0.2850655871707234,1.2196006874922123,0.7560426373371536,359.02236518455027,2.2492001056671143
312,-1.0072098914782222,-0.5355937149675509,-0.2946086984564723,358.1643803301932,0.6187000274658203
313,-0.10925775686816026,1.2460457554631403,1.237894968846032,357.3169770715821,5.183599948883057
314,1.1914137737955302,0.22599868199654888,-1.0332496274373373,356.480289223515,1.5443999767303467
315,0.8969044981806253,0.6187212210499125,0.06830298014319064,355.65444890870225,2.539099931716919
316,0.14614694370668418,-1.1553750787870338,0.901354016875753,354.839586536903,2.800299882888794
317,1.103412651763971,0.36663987431803924,-0.5614515084008492,354.035830784332,4.451600074768066
318,-0.805032145712387,0.8430679852387217,-0.48272843865902126,353.24330857334,3.781599998474121
319,-0.9623274323904928,-0.5276070842683492,-0.3830336863652971,352.4621450523713,3.1705000400543213
320,1.3589163315819524,0.029623527560478796,-1.2174548993360228,351.6924635762013,3.1619999408721924
321,-0.7702982695885371,0.9029356218301134,-0.481006531051226,350.93438568645774,3.213099956512451
322,0.7414759623794924,-0.8241702442834423,-0.02232390084841549,350.1880310924271,4.838099956512451
323,0.3200544315223894,1.213999431525319,1.4270773700546666,349.4535176521519,2.2146999835968018
324,1.05704380424705,0.48649477298230226,-0.4963214479912174,348.7309613538191,5.389999866485596
325,0.560477894446831,0.9578475110506617,0.9390702708456229,348.0204762974444,4.356900215148926
326,-0.08102842832165026,-1.2637788297471428,1.098246012862092,347.32217467685433,4.493000030517578
327,1.3272308434020192,4.1216426048819325e-05,-1.2637764955399897,346.6361667619698,2.0153000354766846
328,0.017219517081491865,-1.2011258150320387,1.0297514258666753,345.96256088139296,5.222499847412109
329,1.3554737041507143,0.039217631588828565,-1.2066225759148572,345.3014634053011,1.5430999994277954
330,1.304011568704122,-0.09567422581844034,-1.2463929498644315,344.6529787286494,3.637500047683716
331,1.2848338416849563,0.17711714165863704,-1.1866151720083133,344.01720925468567,3.1040000915527344
332,-0.7302937531175991,0.9650849246195018,-0.29183933925452826,343.3942553787799,2.1445000171661377
333,-0.8058474273834296,-0.8621927882815522,0.22714646291768292,342.7842154725709,3.197700023651123
334,1.201234585997555,0.29687694083110644,-1.0362231968542686,342.18718586843136,0.33709999918937683
335,0.32373368692711735,1.1935991463645326,1.382805996074624,341.60326084425685,3.666800022125244
336,0.06649571369816976,1.3805454789627736,1.420130671604657,341.0325326085778,2.1696999073028564
337,-0.3393491049087939,-1.2501758708564115,0.9304750777848994,340.4750912859987,2.7720000743865967
338,0.8070112447306677,0.6269266728285658,0.027961547667688047,339.93102490296644,2.0434999465942383
339,-1.1809397833127264,-0.11129191316049916,-0.9356188391824032,339.4004193738699,5.901599884033203
340,-1.077743398686787,-0.4619316928705686,-0.5464183944335479,338.8833584874731,3.4660000801086426
341,-1.2605171841101628,0.21395665651737947,-1.1580029097814037,338.379923893684,5.944499969482422
342,0.4839130040578587,0.9972072580057071,0.9929693682772517,337.890195090661,2.5755999088287354
343,-0.3125555646155796,-1.3100539207923783,1.1195358028521267,337.41424941225904,5.885900020599365
344,-0.2372132902800326,-1.3207411878815345,1.0676470327105574,336.95216201581826,1.9753999710083008
345,-0.9613912301494177,0.631360130155375,-0.8042978946239985,336.50400587029515,3.751699924468994
346,-1.2663655875937518,0.12305689443939902,-1.1039801573087573,336.0698517447403,3.374799966812134
347,-0.9905602050004513,-0.7178237491275659,-0.1956302644187131,335.64976819712297,4.191699981689453
348,-0.3950645315428623,1.1624650593655566,0.6016861900498431,335.2438215635052,1.2825000286102295
349,-1.3068218106976741,0.09522741128912449,-1.224427683325513,334.8520759475662,3.0288000106811523
350,0.5809276050778144,0.8336711920757622,0.6257514287372314,334.47459321048007,3.878999948501587
351,-0.29772851716503995,1.1272345128530197,0.8116468252738439,334.1114329611469,5.469799995422363
352,0.8509336093557334,0.6232982092165078,-0.02881833395004729,333.7626525467799,3.949199914932251
353,0.6446882003890229,-0.9882341182680335,0.46709231373236887,333.4283070438497,4.430200099945068
354,-0.14293379729574715,1.2618863704616496,1.2354460915578798,333.10844924938715,5.531799793243408
355,1.3591706683759135,0.22045776232456363,-1.0921881118183328,332.80312967264587,1.777899980545044
356,-0.2064870921420228,-1.2920351260491634,1.0772465661607307,332.51239652712627,0.2632000148296356
357,0.8092502649492124,0.7226340550288998,0.0884903686127004,332.2362957229625,4.018199920654297
358,1.130985998711046,-0.36228865089142,-0.7511421726806268,331.97487085967214,0.006500000134110451
359,-0.8446693028897553,-0.7587213238456477,-0.057581076139315075,331.72816321927155,1.5098999738693237
360,0.14997938817841597,-1.2026041951308295,0.9603818136690617,331.49621175975716,6.207600116729736
361,-0.43231675085169785,1.0549032739573876,0.41059075078259566,331.2790531089533,2.40339994430542
362,-1.3101046473603588,0.1394379113536337,-1.1643433423433556,331.07672155872825,3.6182000637054443
363,0.03155136942863878,-1.2432252116269316,1.1160923086931596,330.88924905957936,3.0165998935699463
364,0.8002128475361959,0.6601447677578428,-0.062351643538504926,330.71666521558745,6.2093000411987305
365,-1.2618202765678765,0.17163803062177896,-1.160297837879799,330.5589972797422,5.604100227355957
366,1.1407387983825752,0.35930151100957175,-0.7044290612779482,330.41627014963836,1.7870999574661255
367,-1.005984581948551,-0.48289090060869955,-0.5707204026427911,330.28850636354434,0.16459999978542328
368,1.265059106966486,-0.17535231821524327,-1.1263676517412025,330.17572609684305,5.1691999435424805
369,0.28783395565516867,-1.1590477586652983,0.8819828696388793,330.07794715884603,3.924299955368042
370,-0.2198955910290492,1.194085198310876,0.906826647430599,329.995184989981,1.0788999795913696
371,-0.13582253004335093,1.3089256526324737,1.2247351344005635,329.92745265935395,1.6359000205993652
372,-0.9111429491523975,0.6993420408919213,-0.7087551322428057,329.8747608626849,5.138500213623047
373,-0.8150500740497615,-0.8884415288564141,0.18411954361747354,329.83711792061956,5.420400142669678
374,0.2961926577465573,1.1990310822977548,1.274683819497039,329.8145297774147,6.185699939727783
375,-0.9659176649219133,0.7161977174664966,-0.5941790281964925,329.807,5.171599864959717
376,0.12490241652341698,-1.2573124709952286,1.056756386685525,329.8145297774147,2.218600034713745
377,-0.6364437745973508,-1.0185099904139339,0.37528127752663465,329.83711792061956,1.7222000360488892
378,-1.2881357399758386,0.13330839229392605,-1.1649921602060156,329.8747608626849,4.663700103759766
379,0.003785675226183573,-1.2736875031653883,1.1125721322396656,329.9274526593539,4.917600154876709
380,-0.3108519926776419,-1.3125295951500477,0.9622272209449693,329.995184989981,3.456899881362915
381,0.9893865872062572,0.4320979728408952,-0.4620662002185409,330.07794715884603,4.548299789428711
382,-1.26072504055233,-0.01533342147127673,-1.0063713846963305,330.17572609684305,4.471099853515625
383,1.0250383324659373,0.4829859797583647,-0.42625736821341687,330.28850636354434,6.167399883270264
384,-1.2294794805409295,-0.04806891396574449,-1.0005758272333862,330.41627014963836,0.6176999807357788
385,-1.048471453187327,0.579842038775946,-0.8030457610151934,330.5589972797422,1.2609000205993652
386,-0.6937838711156658,-0.9530470309714306,0.3309224648259825,330.71666521558745,5.591100215911865
387,-1.276506264385165,0.07753277710719383,-1.1500460868053626,330.88924905957936,1.423699975013733
388,-0.03397170786038269,1.2975411631008378,1.4442899735560264,331.07672155872825,5.258500099182129
389,0.700946154165812,-0.9341469762120181,0.3851384231398869,331.2790531089533,0.6830000281333923
390,-0.8322111667434198,0.8196105408832222,-0.4089209454370766,331.49621175975716,4.815999984741211
391,-1.1622154269821594,-0.25340317388935374,-0.8131435368149477,331.72816321927155,2.292099952697754
392,-1.0904753058538048,0.6011273888357831,-0.8063233563861538,331.9748708596721,0.18400000035762787
393,-0.7103542282805874,-0.9287395695084076,0.3300114379972964,332.2362957229625,2.022200107574463
394,0.6033904809818327,0.9226082343026903,0.6940981451468003,332.51239652712627,3.3738999366760254
395,1.113797231753227,0.4533798361746271,-0.6828877816915087,332.8031296726458,6.181600093841553
396,-0.8280484887977947,0.754395563440122,-0.5618845229810014,333.10844924938715,0.349700003862381
397,-0.029368133043620306,1.2902044120971154,1.3268309088260666,333.4283070438497,5.6118998527526855
398,1.1249013690625447,0.3760684960973071,-0.7668916643108901,333.7626525467799,4.340400218963623
399,-1.0433111490169815,0.5828245173832065,-0.804265910337278,334.1114329611469,2.8777999877929688
400,-1.1279510960835963,-0.3225449198516527,-0.6802200463896507,334.47459321048007,2.637500047683716
401,1.1156045026209396,0.311144682482298,-0.8759203469093428,334.8520759475662,2.5601000785827637
402,1.402589583278702,-0.029356090445473628,-1.2186359403986227,335.2438215635052,5.9868998527526855
403,1.2681980043515753,-0.3074925262590505,-0.9841519784363496,335.64976819712297,3.1519999504089355
404,-1.0749773352042484,-0.4545815903887534,-0.5358254663333978,336.0698517447403,4.190999984741211
405,-0.4421592196559389,-1.186646465938349,0.818466541079848,336.50400587029515,2.8238000869750977
406,0.05539272354860191,1.3552139392254687,1.4644851038222746,336.9521620158182,0.2619999945163727
407,-0.50525026212648,1.0834747951575776,0.39076947790528954,337.4142494122591,6.172299861907959
408,-1.2580178050862842,0.03187689935195616,-1.091139357912553,337.89019509066094,5.395500183105469
409,-0.21646840842546222,1.1413230747442513,0.9092000322504944,338.379923893684,5.378499984741211
410,0.20666367952462125,1.2478577922244876,1.5526637624162616,338.8833584874731,5.1234002113342285
411,1.2728552810144398,0.23078290990543268,-1.1655154333782625,339.4004193738699,1.142199993133545
412,0.9867013697987919,0.48642447177403353,-0.34695877565164235,339.9310249029664,0.8827999830245972
413,-0.3017445833954046,1.1487886133010226,0.6733756222559705,340.4750912859987,2.8452000617980957
414,0.7553816011739606,-0.778012458094933,-0.030279279879219797,341.0325326085778,6.004300117492676
415,0.760977445833896,0.6521158683980132,0.1742921606686334,341.60326084425685,1.8187999725341797
416,1.1666282218202015,-0.31702752715091326,-0.9161411001124053,342.18718586843136,6.088500022888184
417,-0.8219771356184252,0.8936486670056893,-0.4670495896988449,342.78421547257085,5.631100177764893
418,0.2044042540331576,-1.164435611068209,0.9256813240119377,343.39425537878,0.9236000180244446
419,-0.05963701878127706,-1.270841261788757,1.0948198616624718,344.0172092546856,1.301300048828125
420,-0.12862782935365838,1.2605615817670262,1.2302160867828142,344.6529787286494,0.7856000065803528
421,-0.32615132593123053,1.1638290639357929,0.828906235605029,345.30146340530104,4.700799942016602
422,-0.4662107756744474,-1.1834993847530988,0.8365592086989062,345.96256088139296,2.0264999866485596
423,0.7671868667271855,-0.8735180672387614,0.05495045837403137,346.6361667619698,0.3255999982357025
424,1.3182745855982207,0.05167140316880234,-1.1830870954761568,347.3221746768543,4.272500038146973
425,-0.641522538017985,-1.04827569610291,0.5751721884241618,348.02047629744436,3.884999990463257
426,-1.1170876050255933,-0.2544214349706235,-0.7722116654029858,348.7309613538191,5.070199966430664
427,-0.34747796979157364,1.1107694887094715,0.6332433133129256,349.4535176521519,3.64739990234375
428,-1.1414313579980535,0.47559242413130437,-1.1739011892239373,350.1880310924271,4.259500026702881
429,1.0121646545930856,0.47852947400585344,-0.26399634749291284,350.9343856864577,6.021399974822998
430,-0.7543904757043632,-0.8463366461535855,0.22894146345457717,351.69246357620125,0.24150000512599945
431,-0.9752015377447646,0.7368309545115526,-0.7966661690762761,352.4621450523713,1.8559999465942383
432,-0.4691506647111417,-1.177728819394501,0.8236606759259759,353.24330857333996,4.951499938964844
433,-1.0985730561977316,0.5264653643559403,-0.9978799381470849,354.035830784332,4.795100212097168
434,-1.1819073559105824,0.3793224941492622,-1.196390545448846,354.839586536903,0.3312999904155731
435,0.8179688738970428,-0.7217114997383554,-0.22842383076010128,355.65444890870225,5.603300094604492
436,-1.2417971976645874,0.03932793678853376,-1.1275251535328337,356.48028922351494,5.722899913787842
437,0.6750658406605988,-1.0066835039944064,0.1638748553887012,357.3169770715821,0.2329999953508377
438,0.6205200181135112,0.9183107790147282,0.6815614751343372,358.1643803301932,4.083099842071533
439,-0.9992949384706772,-0.7411411599805426,-0.06229016829120775,359.0223651845502,4.091800212860107
440,-1.0804698890796292,0.5762674873098435,-1.0281768813618386,359.8907961488988,1.4703999757766724
441,0.42966980042135244,1.1584728638415756,1.277952749724474,0.7695360879222477,2.7720999717712402
442,-0.5682557027087937,1.0272237415264707,0.014247021805960937,1.6584462383977154,3.4291999340057373
443,1.3369160841903727,-0.010664636263250942,-1.2870409248603916,2.557386231107799,5.283899784088135
444,0.9741334272183046,-0.5930679005051169,-0.5118060260942782,3.4662141130068065,4.61899995803833
445,0.3471483516741605,1.147524955803214,1.3178027856169237,4.384786369636657,4.963200092315674
446,0.38380834346724507,1.140715246422359,1.4127197083719498,5.312957947789791,5.10260009765625
447,-0.4809177638312366,-1.2308848730289543,1.009604507965083,6.250582278414051,1.0354000329971313
448,0.1938723058224632,-1.1985547546135034,0.803225002133181,7.197511299758538,4.760499954223633
449,-1.140759431747705,0.3838888524044801,-1.070522366064486,8.153595480753651,4.770899772644043
450,0.4716668805007646,1.0297338287357338,1.2341375500261662,9.118683844623696,1.4950000047683716
451,0.714585073119328,-0.9125163319706342,-0.03161215375673132,10.092623992728598,0.7408000230789185
452,0.3213736115513336,-1.1579350556782098,0.7687882293803885,11.075262128628616,0.11680000275373459
453,-0.08632691130538904,1.2625295161028496,1.2814119149664454,12.06644308237098,4.623899936676025
454,-1.2024596282258437,0.17330839201617526,-1.2585516710289473,13.06601033499291,2.8338000774383545
455,1.2937451193342473,0.20812265999718796,-1.0686819608278102,14.073806043238065,1.5312999486923218
456,-0.8952348010080091,0.7012717293998341,-0.9130099616564656,15.089671064481074,2.9626998901367188
457,0.016786309119638486,-1.217127311257041,0.9612493902666696,16.113444981859047,5.665599822998047
458,-1.0697627368074103,-0.38045646392270727,-0.6289015539664358,17.14496612960238,2.11680006980896
459,-1.1913976366307901,0.19144728334177302,-1.2591129874191906,18.18407161856407,0.09679999947547913
460,-0.7802041347440889,0.9032164610036322,-0.5130037759212163,19.23059736194172,1.9263999462127686
461,0.7325551489190795,-0.948993059974927,-0.06363278097135368,20.284378101188736,0.8152999877929688
462,0.7316630988068513,-0.8912100320886791,-0.09355126345552266,21.34524743211059,5.02839994430542
463,0.1928243888006586,1.3362022907463857,1.6173758901369717,22.41303783114185,0.12460000067949295
464,-1.2641136669189212,0.04215333308076555,-1.2442645780534844,23.487580681800523,6.022600173950195
465,-0.989648178711214,0.5970422931130237,-0.9148260901111137,24.56870630131369,4.410699844360352
466,-0.8569426710196523,-0.8599907574886978,0.3510905243178871,25.656243967413452,1.0092999935150146
467,0.5111857963677122,-1.0606815656069688,0.3782811927329533,26.750021945295117,1.200600028038025
468,0.6965173088872396,-0.9891521382571131,0.09764143171636716,27.849867514736516,5.742199897766113
469,0.4107323723480812,1.0518319306060808,1.307969723218947,28.95560699737232,4.5954999923706055
470,-0.9463137236552304,0.6236194491506696,-0.9695509245784549,30.06706578412033,4.6890997886657715
471,-0.6074121385194543,-1.0895830394768324,0.9263258704428476,31.18406836275345,2.667799949645996
472,1.2560767913178539,0.11849987051228898,-1.0360738598723291,32.30643834561579,5.33459997177124
473,0.5255386320161536,-0.999861009941925,0.3159871316511136,33.43399849747638,1.4668999910354614
474,0.3246796285259524,-1.1213868205283626,0.6178305842812891,34.56657076351583,2.5857999324798584
475,-0.7072977059345243,-0.9677986730116367,0.6526972788641456,35.70397629744438,3.5552000999450684
476,-0.976760419455342,-0.5917317333513793,-0.07324408522955608,36.8460354897429,2.6545000076293945
477,-0.9088062857000608,-0.7995111845575995,0.2674869731165142,37.992567996025784,1.9714000225067139
478,-0.23731731806402298,-1.294206620649319,1.2870842748563427,39.14339276551918,2.3859000205993652
479,-0.5973500415624454,1.0118655848081846,-0.02674247837166915,40.29832806965142,0.24809999763965607
480,-0.8092567692078911,-0.8081351153220087,0.3964272250254278,41.45719153074924,2.0655999183654785
481,-0.7430239488621372,-0.9586641874598477,0.6646278682123768,42.61980015083841,3.414599895477295
482,-1.2027952406907336,-0.06520522196651225,-1.206689165409516,43.785970340540416,4.469399929046631
483,1.2090148630379327,0.2723098346304983,-0.9794455186333377,44.955517948063395,2.4249000549316406
484,0.7518093437866815,0.6878141867116206,0.48032298417811914,46.12825828828254,0.8661999702453613
485,1.2362964415519175,0.240650745897878,-1.0829862236414314,47.3040061719032,0.22689999639987946
486,-0.03042201769283647,1.345056528009479,1.3503926316297301,48.482575934704855,1.9074000120162964
487,0.8235465530396281,0.689539810238942,0.39700743371463415,49.663781466859476,3.4351999759674072
488,0.7633496849258127,-0.9866455337650868,-0.010909941936958219,50.847436242320796,2.573199987411499
489,1.2158096751092466,0.24923373400059268,-1.0803649373684794,52.03335334827808,2.775099992752075
490,0.7003901228164031,0.8605055917832066,0.671231193986054,53.22134551467296,3.4932000637054443
491,-1.0889640344115332,-0.46620494622491987,-0.553347423698869,54.411225143770736,2.0004000663757324
492,0.32155218579878564,1.2059793941284986,1.4560783595284796,55.60280433978418,4.406599998474121
493,1.1767113649302257,-0.4347424375383093,-0.8931445286019905,56.795894938545274,0.5960999727249146
494,0.051629335612521934,1.3468300425685074,1.5319894343740568,57.99030853721764,3.1512999534606934
495,0.34557096665011955,1.198651667837924,1.4429424604175412,59.18585652404799,3.467600107192993
496,-0.49450413406881805,-1.2326917882237576,1.1055497073428875,60.38235010814986,2.1240999698638916
497,0.08821961886554339,1.2979541241670873,1.6251416305676296,61.579600349316394,4.411300182342529
498,-0.5245754061617707,1.1048992574145262,0.3695784397561721,62.7774181878552,1.1023999452590942
499,-0.38399340087298456,-1.3102318248895002,1.2015048508006183,63.975614474444285,1.3206000328063965
500,-0.9671785245423445,0.8843594770149217,-0.730959391474457,65.17399999999998,5.996399879455566
501,0.32833385916530095,1.1170951203736288,1.2755612183907976,66.37238552555569,1.2585999965667725
502,1.3300302507582311,0.22753300465841636,-1.2463172122792792,67.57058181214477,3.933199882507324
503,-1.090812840129544,-0.477251936980767,-0.569997366475245,68.76839965068366,4.515999794006348
504,1.0895008353406934,-0.5198150862566517,-0.7681512158519714,69.9656498918501,3.9681999683380127
505,1.3082707026422602,-0.17770579355939745,-1.2532323124481994,71.16214347595198,6.131100177764893
506,-1.2724727547384933,0.2722666994401063,-1.3526418115238033,72.3576914627824,1.7555999755859375
507,0.5518035692333956,-1.0865722434206744,0.648436070534494,73.5521050614547,5.143199920654297
508,-1.073290964116133,0.5621329250708801,-1.1558507128970927,74.74519566021578,2.544100046157837
509,-1.0129042832184052,0.7707815492383971,-0.9232632167881426,75.93677485622932,1.2487000226974487
510,0.17890844229483588,1.331259809276319,1.539943823123307,77.12665448532701,1.256600022315979
511,-1.2074852988893348,0.14886672652524308,-1.273688544862517,78.3146466517218,1.1725000143051147
512,1.1014097837558006,-0.6154274145129873,-0.6930848922544098,79.50056375767926,2.7325000762939453
513,0.44752600243262247,1.126328346426368,1.109684064175684,80.6842185331405,2.6598000526428223
514,-1.2456901751848477,-0.2944935720436456,-1.1089594027002618,81.8654240652951,3.9755001068115234
515,1.3855667868070805,0.0096789268250431,-1.3330970185807256,83.04399382809686,0.02710000053048134
516,-0.9326505492108447,-0.7732436831650566,-0.1609727279835172,84.21974171171743,4.249499797821045
517,-1.0937733245656178,0.6220644580568987,-0.9572916232312455,85.39248205193657,2.163800001144409
518,0.3848657834030315,-1.1721785284980448,0.9341738814936847,86.56202965945963,2.805799961090088
519,-1.1130898479788007,0.5203159437815222,-0.9990562715696926,87.72819984916156,0.2727000117301941
520,1.3581375552552406,0.029807598421290223,-1.3495776604818865,88.89080846925064,1.3006000518798828
521,0.7381950525821083,0.8758366803014896,0.34023042863998515,90.04967193034862,4.701200008392334
522,-0.8744307420370959,-0.875097109068195,-0.02322663128443935,91.2046072344807,0.6004999876022339
523,0.5747026182393336,1.011858679565135,0.6835170747739044,92.35543200397417,1.4141000509262085
524,1.3586544781770857,0.3032887190539145,-1.3521277941987024,93.50196451025715,1.9767999649047852
525,-1.0360839089720757,-0.6629956327290097,-0.5403175084556554,94.6440237025556,1.5372999906539917
526,1.3949732123792222,0.4134307738341926,-1.388953380432683,95.78142923648414,5.645500183105469
527,-0.9915739404314208,0.875656626356154,-0.5581805413239217,96.91400150252367,5.135799884796143
528,1.2700197356726117,-0.3804927811109385,-0.7869560661318561,98.04156165438418,2.512399911880493
529,0.17118089322755,-1.416196817309841,1.2405653649123547,99.16393163724652,1.6475000381469727
530,1.4318819097423767,0.32262850547805316,-1.3251674488687724,100.28093421587971,3.697999954223633
531,-1.1729921677427628,0.7062284299872926,-0.9212560927018763,101.39239300262756,0.8345000147819519
532,1.4315222941551093,0.4268608205103136,-1.2857999104908282,102.49813248526345,5.700799942016602
533,-1.3284683157126804,-0.5337020309224909,-1.1239365000499293,103.59797805470485,4.486000061035156
534,0.3394546693068396,1.277867481937202,1.1506946020283808,104.69175603258651,4.433300018310547
535,-1.3732584130922803,-0.0937428772772539,-1.3687096829893495,105.77929369868627,1.7553999423980713
536,-1.2402002680624036,0.4409950947364557,-1.143036359866423,106.86041931819953,0.8532000184059143
537,1.2954218151411754,-0.4191495700387835,-0.6064709237994222,107.93496216885812,5.424300193786621
538,0.8203490920149813,-1.0080494639802466,0.6066372290213394,109.00275256788939,2.608599901199341
539,-0.3471836278254238,-1.3889382057570023,1.0081334328154223,110.0636218988113,2.606300115585327
540,-1.398716188214483,-0.32175670937382134,-1.3814965654739937,111.11740263805825,0.8016999959945679
541,0.49196812699085724,-1.3563605255892828,1.0915901862038428,112.16392838143591,2.8231000900268555
542,-0.2225911556679682,1.4955098607817845,1.594186400353412,113.2030338703976,1.0462000370025635
543,0.6269016250449275,-1.1311045107803894,0.860461090820782,114.23455501814092,5.990900039672852
544,-1.1067607943807927,0.8659468920975057,-0.4439258651457773,115.2583289355189,2.1891000270843506
545,0.12567167941383192,-1.5523694602265803,1.427229665156881,116.27419395676199,1.8902000188827515
546,1.5237514822811684,0.49760152363237625,-1.3841179280840448,117.28198966500706,1.329300045967102
547,-1.0090660018231545,1.1012923558431922,0.025535014967163403,118.28155691762899,1.7175999879837036
548,1.3620016673693458,-0.388303820406482,-0.6658709952869659,119.27273787137143,1.645799994468689
549,-0.7973073948016651,-1.0949591129123715,0.005156925923861539,120.25537600727137,4.9807000160217285
550,-0.6493880508391557,1.3648903713779692,0.9284073165207112,121.22931615537627,4.0543999671936035
551,1.467011823430596,0.7340159468151293,-1.259609132805463,122.1944045192464,4.093500137329102
552,1.585191095309297,0.6285991404006209,-1.1922501241347176,123.15048870024144,0.5070000290870667
553,0.7754786497772086,-1.188607864696605,0.8325639114935534,124.09741772158586,4.254300117492676
554,1.602724495340191,0.47423321786367334,-1.3977712827482809,125.03504205221026,0.4945000112056732
555,1.4860375081095696,-0.07593318233190557,-0.9838114779957448,125.96321363036331,1.4185999631881714
556,-1.4305456874738955,0.3493004216580781,-1.166502507780929,126.88178588699316,1.5276999473571777
557,-0.2175624216597749,-1.6684296719576612,1.1278852734052616,127.79061376889223,3.0053000450134277
558,-0.34743834339454954,1.6651805090959086,1.643918876479413,128.68955376160227,0.6554999947547913
559,0.3563181082179806,-1.7102070389611386,1.264278372464275,129.57846391207772,2.224299907684326
560,-1.3817168950607446,0.6646925172583876,-0.8954351819306882,130.45720385110127,0.04270000010728836
561,1.6464317875669734,-0.04978019679535055,-1.1511769842397181,131.32563481544977,6.235799789428711
562,1.717661335621329,0.18132045988963347,-1.3192717724013434,132.1836196698068,2.3557000160217285
563,-0.4812936170283911,1.769048648765004,1.5064543109316793,133.03102292841794,6.232100009918213
564,1.4286062934657529,0.7884015221771492,-1.1263979991657975,133.86771077648498,1.2336000204086304
565,-1.4939746784886336,0.46865061026836347,-1.182860375654036,134.69355109129773,2.1547000408172607
566,-0.5349547132249522,-1.4901486090273786,0.48680174637403945,135.508413463097,5.5817999839782715
567,-0.4924437736147631,1.7274360407857146,1.4579066437592527,136.31216921566798,0.34150001406669617
568,0.2351409898987109,-1.7607225198829612,1.3841416333349361,137.10469142666,5.025100231170654
569,-0.6335048755758186,1.674209078747149,1.3521092281819724,137.88585494762876,1.1377999782562256
570,1.4881159611968355,-0.6722316718417563,-0.25877523773170047,138.6555364237987,4.887899875640869
571,-1.3002457830235108,-1.008467696836467,-0.6065784492063895,139.4136143135423,5.348700046539307
572,0.02816874129344287,1.722614991323911,1.5696392890318023,140.15996890757296,4.444900035858154
573,-1.5905812036509932,0.1484707997876517,-1.3827768333570347,140.8944823478481,1.2062000036239624
574,1.9253452580354569,0.4063258847144334,-1.6015643170090619,141.61703864618087,5.913899898529053
575,-0.36575140011594004,-1.6784514545715012,0.8565372631595309,142.3275237025556,5.065000057220459
576,1.720949233918483,-0.1974960652630693,-1.0484599958681042,143.02582532314568,3.7111001014709473
577,-1.1122324083673973,1.1784650353017672,-0.008481571019441018,143.71183323803024,2.7985999584198
578,1.7169250530299467,-0.04275303094388523,-1.0977147623078,144.38543911860708,5.7769999504089355
579,-0.2545137010123049,-1.7164333664838476,0.8155719442700409,145.04653659469895,5.2164998054504395
580,-1.7616614540778295,-0.41386996381890445,-1.4368019123044897,145.69502127135064,3.4885001182556152
581,1.5944859550644055,0.8910122974962492,-1.0847591412527602,146.3307907453144,3.9228999614715576
582,-0.9769486697508764,-1.328582734378842,-0.060234452428825545,146.95374462122004,2.023200035095215
583,-0.019465099947642575,-1.8981217096946137,1.3060559023425211,147.5637845274291,2.3234000205993652
584,1.6452769593409549,0.8227028599609747,-1.2666486953896203,148.16081413156866,0.019099999219179153
585,1.0475360998945253,-1.2501966182682636,0.7639567023526261,148.74473915574316,6.192800045013428
586,0.11921861359105924,-1.9093735569423669,1.2313226961184556,149.31546739142215,0.4097999930381775
587,1.9207347085934676,0.5924202734206812,-1.6321876075384576,149.8729087140013,0.147599995136261
588,-0.8105669594001255,1.6293937174008624,1.0018888579592833,150.4169750970336,3.442199945449829
589,-1.7121683603843258,0.14326140808054563,-1.3348433537725457,150.9475806261301,5.766300201416016
590,0.8506190972108393,-1.5018155850452182,1.1011838073689426,151.4646415125269,3.084399938583374
591,-0.09934868454306758,-1.9567340552984298,1.2446601521719631,151.96807610631598,5.093900203704834
592,0.01344291723378206,1.8764316055923522,1.7295556902046305,152.45780490933905,5.091899871826172
593,-0.15247775951739034,1.9394259486502718,1.8108209051101336,152.93375058774097,3.3973000049591064
594,-1.0564508811846873,-1.2578925843245028,-0.23947075586182812,153.39583798418175,1.7639000415802002
595,0.4856986545351541,1.5318624868172288,0.9589330206675456,153.84399412970487,4.298799991607666
596,1.5644484299646164,-0.5659272092347334,-0.2036242059386681,154.27814825525974,2.639899969100952
597,-1.1708185490568397,-1.1828271926481346,-0.34235852579384585,154.698231802877,4.59630012512207
598,1.060413974223765,1.1345181126448023,-0.23625560405995036,155.1041784364948,4.55019998550415
599,-1.7466106913069646,-0.1471178705398094,-1.4481517218923066,155.4959240524338,3.6763999462127686
600,-1.7923429103965307,-0.07652021876527866,-1.5467707179346535,155.87340678951992,5.613800048828125
601,1.8482063425345672,-0.015135037450901157,-1.1702253956037543,156.2365670388531,3.137700080871582
602,1.7241773490906658,0.851043105956024,-1.2912482490170123,156.5853474532201,1.0805000066757202
603,0.15521869504328445,-1.951009617035734,1.423838387899035,156.91969295615027,0.4693000018596649
604,0.29651603886387684,-1.898083428427761,1.3077229541400228,157.2395507506128,4.394700050354004
605,-1.73081976324589,-0.531243098022761,-1.349773238290184,157.54487032735418,2.6401000022888184
606,0.34060997954720873,1.6767155364186797,1.1158166921875659,157.8356034728737,3.5046000480651855
607,-1.779721480639051,-0.5317930982456592,-1.4347777218777646,158.11170427703752,2.4123001098632812
608,-1.8030229239123379,-0.4795014738107819,-1.4994508997521598,158.3731291403279,2.108099937438965
609,-1.792541544584543,-0.23764032650268896,-1.5455970801361096,158.61983678072846,3.737600088119507
610,0.02566146485298069,1.856565650228483,1.683451354048462,158.85178824024285,1.3968000411987305
611,-1.063096268195285,1.3906205519474744,0.3871087711555059,159.06894689104672,3.7527999877929688
612,-0.9837861930321444,1.5015345728420022,0.753296328705557,159.27127844127176,5.684299945831299
613,1.9419730935800719,0.5831308068269675,-1.6072906946079124,159.45875094042066,4.595900058746338
614,1.8510777007385875,0.6909387958561524,-1.5598212064588697,159.63133478441256,5.8933000564575195
615,-1.7324605928841506,-0.4806674440362464,-1.3629830718863345,159.78900272025783,5.305099964141846
616,-0.9680072472884138,-1.3454405975735713,-0.05766831948105823,159.93172985036165,3.3524999618530273
617,-1.6675555008560763,0.45036345020174595,-1.1455205573368263,160.05949363645567,6.208799839019775
618,0.3004045429797782,1.6200098090926245,1.2225221866882157,160.17227390315696,1.1812000274658203
619,-0.07687501286588325,1.9351158055566857,1.7598951252516422,160.27005284115398,0.09920000284910202
620,1.8947507596764512,-0.05523350756130525,-1.1716635412359047,160.352815010019,4.104300022125244
621,1.0133114622782715,-1.260983818584223,0.8427005759663058,160.42054734064607,0.75
622,1.8971435013900395,0.4503531196309144,-1.5464374719009346,160.4732391373151,5.074100017547607
623,-1.7542948606272057,-0.22486307803295202,-1.4945633567576257,160.51088207938048,3.2718000411987305
624,1.734964068371219,-0.28081679315986713,-0.7875433163866983,160.53347022258532,4.479599952697754
625,0.6682253776187209,-1.6302520268355531,1.1870361332851729,160.541,4.5991997718811035
626,1.8308332553466762,-0.21298893064169588,-0.9101138023009775,160.53347022258532,6.228700160980225
627,0.07549597695618533,-2.000640202660205,1.3136430882248709,160.51088207938048,0.9132999777793884
628,1.8151891057330665,0.6795792986447295,-1.4100073649603486,160.4732391373151,0.6225000023841858
629,-0.6856371451231252,1.8739981540482096,1.4220409466042148,160.42054734064607,5.08620023727417
630,-1.5751608932376515,-0.8432790293604701,-0.9564220764059964,160.352815010019,3.6098999977111816
631,-0.5265193406382958,1.9353209451751514,1.592290182768269,160.27005284115398,5.433700084686279
632,1.9204291658647554,0.12168263011517366,-1.2626091570475286,160.17227390315693,4.671599864959717
633,-1.3613798119295009,0.9825491667154195,-0.4002412316820909,160.05949363645567,0.6743999719619751
634,0.9948897490219082,-1.399446990030458,0.8700314181923126,159.93172985036165,3.1136999130249023
635,-0.26418046236353493,-1.8129377200568324,0.9757747075406279,159.78900272025783,4.051400184631348
636,1.3328697595855266,-1.045619825831052,0.3747034709075553,159.63133478441256,0.6764000058174133
637,-1.202538615577512,1.3118142370523775,0.16478631753191253,159.45875094042066,5.82480001449585
638,-1.3927325047141967,1.0757628898486702,-0.47649512818670975,159.27127844127176,5.300099849700928
639,-1.6994761265534348,-0.7490266404031833,-1.320966556241694,159.06894689104675,0.5152000188827515
640,0.5760124150165775,1.5361864146400819,0.7445604133241142,158.85178824024285,2.271199941635132
641,1.7901530812656936,0.8319664852858928,-1.417938452839822,158.6198367807285,0.6420000195503235
642,0.15870294179048058,-1.9839616576614278,1.2266365177702827,158.37312914032793,5.085999965667725
643,-1.2479734754352063,1.2839541051829926,-0.082611288674427,158.11170427703752,2.6939001083374023
644,-1.0822778104664335,1.4483611785373807,0.44688947337490176,157.83560347287374,3.1819000244140625
645,1.7819028393502305,-0.29727291076979734,-0.6786337463536302,157.54487032735418,3.4820001125335693
646,-0.26274586683421514,1.92638541094329,1.8912931771375996,157.23955075061286,5.460899829864502
647,-1.72356687425826,0.261898418076543,-1.396880932326422,156.91969295615024,5.882299900054932
648,-0.08717071094083714,1.9538014989929728,1.6909973419454927,156.5853474532201,3.386399984359741
649,-1.074336431112869,1.3014451019935467,0.15901838072046495,156.23656703885308,3.47379994392395
650,-1.3812681269576994,1.1341384893708273,-0.3254483226487535,155.87340678951995,3.0541999340057373
651,-1.3771373299382634,1.0551429714548124,-0.4189633647902828,155.49592405243382,0.15109999477863312
652,1.3522057540373198,1.0398628129782623,-0.8214781660976976,155.1041784364948,1.9627000093460083
653,-0.40706101993676097,1.9170992467216827,1.6863323831105963,154.698231802877,0.4341999888420105
654,-1.7694160685894733,-0.2819379764767064,-1.5554682135147377,154.27814825525974,0.7742999792098999
655,-1.5187171900136713,0.7346593767324512,-0.8938686393202891,153.84399412970492,5.84119987487793
656,1.8477011341546608,0.008095151769014035,-1.195382756023852,153.3958379841818,1.8909000158309937
657,1.105427310645741,-1.1243185351687777,0.589073020301527,152.93375058774097,5.206399917602539
658,-1.3591598771745061,-0.9730305482911,-0.6643177228145448,152.45780490933902,5.904900074005127
659,-0.15178294187787703,1.8830046448077769,1.7653890485110815,151.968076106316,6.093299865722656
660,1.8430632878965187,0.726724489232102,-1.5661886658122939,151.46464151252695,1.5134999752044678
661,-0.10807630568793228,-1.8953331110691196,1.1147549180436953,150.9475806261301,0.9954000115394592
662,1.889843772957876,0.6682243579450483,-1.5756144227648898,150.41697509703363,2.3236000537872314
663,-1.6848300472658608,-0.5960718697783295,-1.3497769872746415,149.87290871400137,2.9725000858306885
664,1.0993851895296542,1.1269820318340629,-0.24652325332189753,149.31546739142215,2.1691999435424805
665,-0.8723479698175923,-1.3200405123001238,-0.042134055446202814,148.74473915574313,2.0195000171661377
666,-1.7287599929196935,-0.5756028586542613,-1.4410250458903469,148.16081413156869,2.9286000728607178
667,-0.6146427851317646,-1.5110558637217526,0.48728311104756933,147.5637845274292,4.425600051879883
668,-0.34650444222045573,1.8747322812505796,1.757527492820186,146.95374462122004,6.047299861907959
669,1.9099598425085031,0.4200431959632796,-1.5124824101766636,146.33079074531446,1.7039999961853027
670,0.3540385425930454,-1.8425041721491155,1.3192726661430703,145.6950212713507,4.289299964904785
671,0.6317295656456007,1.4137665020314965,0.7260695142579014,145.04653659469898,3.198899984359741
672,-0.1688374358768439,-1.7587650399964714,1.0443912949647292,144.38543911860705,4.437099933624268
673,1.3942973113907113,-0.9091527396235956,0.14398910085144281,143.7118332380303,4.825399875640869
674,-1.60073485549853,0.2934262523670062,-1.3339767211074425,143.02582532314577,2.5085999965667725
675,-1.4381656591731713,0.9401838760493607,-0.8173904273703632,142.32752370255565,3.585200071334839
676,-1.3636901350442578,-0.9241788349254442,-0.7708061402172781,141.61703864618084,5.1570000648498535
677,-1.6352435822159137,-0.6791837729764845,-1.2063725013430302,140.8944823478481,5.741499900817871
678,-0.7499944140195406,1.4641699216359574,0.9933118235323849,140.159968907573,0.8953999876976013
679,0.34633599493509637,-1.7158810436372562,1.3211915048527227,139.41361431354233,5.894999980926514
680,1.4915176197858113,0.8156292335750671,-1.0588859967187263,138.65553642379876,0.06239999830722809
681,-0.16827458883240154,-1.7347575690068964,1.0499907493086733,137.88585494762884,2.0789999961853027
682,1.3699682535444866,-0.6727570453102862,-0.18182739758770516,137.10469142666005,4.592800140380859
683,0.7304379086968947,-1.385845602266302,1.0193402977268338,136.31216921566795,6.265500068664551
684,1.699823323654079,0.6524861464321816,-1.5075250219249423,135.50841346309699,2.561800003051758
685,-1.3834131869137962,0.6543766328598379,-0.926101178114554,134.69355109129782,5.957300186157227
686,1.4713916823352837,0.819947619720191,-1.0667878464391904,133.867710776485,5.848199844360352
687,0.4129806645753893,1.4211887840583048,0.9208597421610796,133.031022928418,0.5637000203132629
688,0.3931602541934384,1.4207038405478216,0.9459169594265555,132.18361966980683,6.072500228881836
689,-0.6817297014751353,-1.3699759253285817,0.32100182769349617,131.3256348154498,5.665299892425537
690,-1.3818868549126233,0.7054647871525043,-0.7984023536981798,130.45720385110124,1.1813000440597534
691,0.983335216816328,-1.0221808764331581,0.5458300502252557,129.57846391207778,0.3752000033855438
692,-1.5982094062787446,-0.2214773258427438,-1.4405797090118253,128.68955376160238,2.0611000061035156
693,0.6914263461599185,-1.3013713201330355,1.0392997142397409,127.79061376889234,3.942699909210205
694,-1.2496019895928234,0.7948390484662579,-0.6833799304993257,126.88178588699314,3.882200002670288
695,-1.2908589135096764,-0.7500753125631643,-0.9824943469642329,125.9632136303633,4.485099792480469
696,-1.01137630509308,-1.0261153563409051,-0.28372345249710956,125.03504205221029,5.775400161743164
697,-1.5171847430816836,-0.22456582741091147,-1.4339876279925672,124.09741772158591,4.677499771118164
698,-1.5198188177542236,-0.27030547519247544,-1.3262856474696925,123.15048870024148,1.3253999948501587
699,0.5133391093926378,-1.3586897239207514,1.0616557246771363,122.19440451924652,2.078200101852417
700,-1.1213107351586058,0.8864498839164568,-0.47029830777861004,121.22931615537632,4.867000102996826
701,1.509824314539193,0.6413225749152773,-1.3354731786441085,120.25537600727135,6.1168999671936035
702,0.2735439244845985,1.3223132436045286,1.0587872887789918,119.27273787137142,4.899799823760986
703,-0.26694806361646056,1.610345878736129,1.6230340539410422,118.2815569176291,5.891900062561035
704,0.6618989245020536,-1.153065564247559,0.9010837774193139,117.28198966500719,0.6883999705314636
705,0.32263577621653006,-1.5389570188806871,1.298518117597292,116.27419395676203,5.69379997253418
706,1.5009765718089159,0.07922105678527679,-1.1902065242918787,115.25832893551888,0.5860000252723694
707,1.4536022315294361,0.5578164910747856,-1.3097313759660492,114.23455501814098,3.5685999393463135
708,1.0807139654092732,0.7804300716902721,-0.45725893230792986,113.20303387039758,1.1893999576568604
709,-0.36919816284517726,-1.384693292354129,0.8707405669190768,112.16392838143595,5.554100036621094
710,1.3435367146821295,-0.20697255989486948,-0.8491549400142654,111.11740263805838,4.608099937438965
711,-0.17437055883824318,1.4975960328543936,1.5277156870361643,110.06362189881143,3.300299882888794
712,1.5127852929755394,0.18945821824244427,-1.4414314395822738,109.00275256788936,1.4918999671936035
713,-1.3224688012855486,-0.45399562719461495,-1.1318848361689442,107.9349621688581,2.848900079727173
714,0.10792963177668492,-1.438235943061503,1.3685449631698263,106.86041931819958,5.189799785614014
715,-0.43465096371960155,1.3163888111021642,1.213974973535025,105.77929369868626,0.597599983215332
716,-1.285211285358539,-0.5852441527351981,-0.9989682645618171,104.69175603258657,6.042200088500977
717,-0.38266861456763657,-1.3177943495550524,0.9104849378954172,103.59797805470498,2.4089999198913574
718,-1.2905223135771118,0.11684503205789336,-1.2785350124350265,102.49813248526351,4.755000114440918
719,0.6545623062484692,-1.077258190281235,0.7146763619048397,101.39239300262754,5.543600082397461
720,0.8337849593502399,-0.924127362285023,0.33524322326323747,100.28093421587968,0.15649999678134918
721,-0.3064717980266549,-1.3939197371740912,1.2234721560928619,99.16393163724666,0.29269999265670776
722,-1.271168703680099,-0.22919287083067308,-1.2821579041520896,98.04156165438431,4.764900207519531
723,-0.4269484419065625,1.327140904070364,1.1354592298816288,96.91400150252372,4.126299858093262
724,-0.3492842992665136,-1.353170859164298,1.1100328337417533,95.78142923648412,4.297699928283691
725,0.11118805002466955,-1.4421262234441161,1.364211285653475,94.64402370255566,0.10339999943971634
726,-0.004566181765171453,1.3984532355256352,1.6210993498579278,93.50196451025704,5.251999855041504
727,-0.3405020107831363,1.3396793526975672,1.2808891487719805,92.35543200397424,6.020299911499023
728,-0.9285499601421343,0.8899018421427395,-0.33551626035609855,91.20460723448085,5.798799991607666
729,-1.2171173268757212,-0.341382381290969,-1.0619287812182678,90.04967193034877,0.19460000097751617
730,-0.8726702433388843,-0.7810476219069522,-0.16863021517695723,88.89080846925062,0.4189999997615814
731,0.5881818902643494,-1.0624411458081908,0.6215695594411131,87.72819984916154,1.3265000581741333
732,0.39323486433624805,-1.1568729515957425,0.989414247467411,86.56202965945968,5.6743998527526855
733,-1.2282401140710681,0.3501699268280889,-1.2362359084915997,85.39248205193671,0.8736000061035156
734,-1.2776028304717988,-0.018199107406739207,-1.3728052785290732,84.21974171171749,5.733099937438965
735,-0.834914883259563,0.8313496497923633,-0.5856364310019408,83.04399382809692,3.531599998474121
736,1.0515247563798888,0.5732005955492125,-0.4810767016753212,81.86542406529517,0.3880999982357025
737,0.7674908997809602,0.8188540082568082,0.3640891761237273,80.68421853314038,6.189899921417236
738,1.388140599828031,-0.11253396201063907,-1.3339683444091999,79.50056375767923,3.6242001056671143
739,1.3645880217038162,0.19964545973203354,-1.300414499435262,78.31464665172194,3.980299949645996
740,0.4874474142194803,0.9937104326002891,1.0155992176664583,77.12665448532715,4.56879997253418
741,-0.058020587957443324,-1.3750228788760896,1.3144439414103148,75.93677485622938,5.7733001708984375
742,1.0288399432437476,-0.6830461225868226,-0.4489889063736222,74.74519566021576,1.219499945640564
743,1.3502779789016286,0.013868391141535652,-1.3425641629333076,73.55210506145475,2.243000030517578
744,-0.8896497237418571,0.9698841477604054,-0.4831162870074404,72.35769146278247,0.6712999939918518
745,1.0008062297375293,-0.658072023012083,-0.5796017485278657,71.16214347595204,5.070000171661377
746,-1.0879391521418045,0.5270854787430781,-1.1098294349207718,69.96564989185016,2.365999937057495
747,-0.9265810981949112,0.8304874821993121,-0.7311048696966683,68.7683996506838,5.414899826049805
748,0.4747715398635971,1.1265299906956048,1.1846124558459727,67.57058181214465,5.8140997886657715
749,0.9794925497902718,-0.6122630933854202,-0.6069558818158821,66.37238552555566,0.8259000182151794
750,-1.278404366276847,0.16432737608643172,-1.351416966743533,65.17400000000004,0.531000018119812
751,-0.7553789150645666,1.0675018425415579,-0.3323288058268788,63.97561447444443,3.396899938583374
752,-0.2996337339166076,1.1692276943461306,0.7551325183732306,62.777418187855254,4.991000175476074
753,0.24742489353394023,1.1724940459632558,1.4893612480440623,61.57960034931645,4.185800075531006
754,-0.13890501746528328,-1.356361338398072,1.272265219775467,60.38235010814992,4.858799934387207
755,0.9421472012706195,0.5912954676780918,-0.12391249898493496,59.18585652404805,1.3859000205993652
756,-0.3529184044682999,-1.248352130389736,1.1319003605928812,57.99030853721762,0.6467999815940857
757,-1.0098323159231675,0.6707393437180172,-1.0374523676723746,56.79589493854533,0.36390000581741333
758,-1.0476486791059507,-0.4192885981976931,-0.5422005153814694,55.60280433978432,1.798699975013733
759,0.5824440942795384,0.9024671182897089,0.8785225067921706,54.41122514377071,2.9293999671936035
760,-0.4000059047084819,1.0867817770978985,0.461765407855141,53.22134551467294,5.294400215148926
761,0.38769624476389986,-1.107581426848578,0.5600330705130249,52.03335334827814,4.132400035858154
762,-1.2155148293522045,0.34060717723960054,-1.306575095080228,50.84743624232085,1.8841999769210815
763,-0.18666871627896175,-1.2952610317992819,1.185469580377266,49.66378146685953,6.19789981842041
764,0.96599179609015,0.4809273464998423,-0.16143377422114863,48.48257593470492,1.6162999868392944
765,-1.2261647107472426,0.041477988896403244,-1.274929230820096,47.30400617190334,2.4728000164031982
766,-0.17898658326431457,1.2095152517566978,0.9317253022288153,46.128258288282595,5.301300048828125
767,-0.5788220618642556,-1.024062561337939,0.88222893901878,44.955517948063374,0.15530000627040863
768,1.13023520440983,-0.3798990664297142,-1.0185278800368072,43.78597034054039,0.6315000057220459
769,-0.18587220011448566,-1.2813454587101363,1.1832624495654993,42.61980015083854,5.532899856567383
770,0.15971802334220048,-1.1785470088829435,0.9219386845312141,41.4571915307493,5.0218000411987305
771,-0.1361417414020449,-1.2643500406073587,1.1260567730621005,40.298328069651475,1.0492000579833984
772,-0.8928903523949326,0.8095846293355126,-0.7923031406836235,39.14339276551923,4.17110013961792
773,-0.7313131366003618,-0.8502947909763727,0.4737128343854521,37.99256799602585,1.183899998664856
774,0.44710876111556946,1.1371375137071231,1.4140717252698967,36.846035489742874,4.212399959564209
775,0.6704593470558221,0.877963856575215,0.7917559303323657,35.70397629744443,3.801800012588501
776,-0.8532544286049641,0.845405961692821,-0.6728467566340579,34.56657076351597,4.632199764251709
777,-0.6265765581499937,1.0551486805412669,-0.21031278053035504,33.433998497476516,1.69350004196167
778,-0.6689624167523502,-1.0587386248496764,0.7232670115344346,32.30643834561576,2.727299928665161
779,1.0151069088327846,-0.5141552772993789,-0.7707428189698737,31.184068362753422,3.421799898147583
780,0.16768976101401672,-1.190090345440258,0.8359764420974695,30.067065784120388,5.351600170135498
781,-0.9958299128100802,-0.420708289902792,-0.36370936032206574,28.955606997372378,0.8359000086784363
782,-1.1934179607135127,-0.05093467777530853,-1.1218202745541512,27.849867514736566,1.5887000560760498
783,-0.1683753535588005,-1.2594047639669161,1.2182813587622259,26.750021945295252,0.8985999822616577
784,-0.0034805970679521077,1.2432923400266604,1.2956080850648521,25.656243967413502,0.40790000557899475
785,-1.0484312003020768,-0.593869822880646,-0.16585842278763865,24.56870630131366,5.454500198364258
786,0.08235728821476626,1.2484421671734924,1.5223077259552393,23.487580681800495,3.1977999210357666
787,0.5991490562665706,-0.9665323017119122,0.24837334669499955,22.413037831141978,3.6963000297546387
788,0.5818553340541722,-1.0595337330854033,0.2889184622130706,21.345247432110718,1.1019999980926514
789,1.3225654257079886,-0.08734508563490745,-1.245811392773322,20.284378101188793,0.9810000061988831
790,-1.08009427755242,-0.43812187654494544,-0.571520127286742,19.230597361941697,0.31779998540878296
791,-0.4526071933432274,-1.2633090814073145,1.1315438428669387,18.18407161856412,3.354599952697754
792,0.21050981846206454,1.272167290863158,1.6600735725933473,17.144966129602352,1.2582000494003296
793,-1.1268106881062634,-0.31596475092165766,-0.6660855272171572,16.113444981859104,0.8184000253677368
794,-0.6755158177145362,0.9922075435149599,-0.17257786199492758,15.089671064481202,5.381999969482422
795,-0.8085462691618734,0.9133773770265596,-0.5889860196812016,14.073806043238179,0.7566999793052673
796,0.8792619250986115,-0.638358643705995,-0.5503490839972119,13.066010334992889,4.865900039672852
797,1.264499359316755,-0.20878892712161798,-1.105818768645775,12.06644308237096,5.8242998123168945
798,0.2079289338853213,1.2617419555776788,1.5616365753225308,11.075262128628665,1.0807000398635864
799,-1.074836546287883,-0.5094759727371637,-0.39885629970766745,10.092623992728726,2.691499948501587
800,-0.5070917155025289,1.0461047613914765,0.09959316172639097,9.118683844623753,1.478700041770935
801,-1.0205578125545907,-0.5102530144604744,-0.3249633045193094,8.153595480753694,5.489799976348877
802,0.07003851220957434,-1.1673689278067525,0.9681480150556703,7.197511299758581,1.5616999864578247
803,-0.9824719756460052,0.6815080795113644,-0.9186342362182333,6.250582278414029,0.07119999825954437
804,0.3132905058384979,1.236359893348848,1.5742619135823557,5.312957947789769,2.6010000705718994
805,-0.6710217670486203,1.060609885467938,-0.11091873332351447,4.384786369636771,5.881899833679199
806,-0.8773839014611671,0.7881638431285972,-0.6494882966015115,3.46621411300692,2.4986000061035156
807,0.42134416245268874,1.0654307768317592,1.2865014657581995,2.5573862311078415,2.6956000328063965
808,-0.9949798836328567,-0.5945803600398706,-0.09187172017226221,1.6584462383976941,1.014299988746643
809,0.7068631266064641,-0.9294368724035321,0.06348474848298748,0.7695360879222903,1.8137999773025513
810,-0.18032437183366878,-1.2758314077175634,1.1235728503529145,359.89079614889886,4.372399806976318
811,0.8234487472180305,-0.7538405116330285,-0.1778582607462897,359.02236518455027,3.7551000118255615
812,0.6256895363976264,0.9466480361021338,0.8481287682788888,358.16438033019324,4.497300148010254
813,-0.5213542623710086,-1.1273228338890224,0.9293894736803445,357.3169770715822,2.5125999450683594
814,-1.2499622179315268,0.2059262244695777,-1.1619516520617807,356.4802892235149,0.9399999976158142
815,-1.1593527092718192,-0.23518229505471233,-0.8240100577525877,355.6544489087022,0.3903999924659729
816,-1.2517547852171689,-0.013652487184337264,-1.1040534177109056,354.8395865369031,2.6431000232696533
817,-1.1968522598093434,0.02187161035100969,-1.162395769615913,354.0358307843321,3.604099988937378
818,1.3697766262126057,-0.028022040257834675,-1.264310627062204,353.24330857334,0.6818000078201294
819,0.3824222154490544,-1.0977235675883223,0.7058916656138825,352.4621450523713,0.298799991607666
820,-1.0203566256370726,-0.35921080949997336,-0.5663750492054441,351.6924635762013,1.648900032043457
821,-1.082281507171933,-0.5105456462890616,-0.40098340963537643,350.93438568645774,0.4927999973297119
822,0.5595456579460519,0.9968791869855741,1.0697158433772567,350.1880310924271,5.130300045013428
823,1.3438265244033625,-0.055315547463456655,-1.180225099951775,349.45351765215196,4.590700149536133
824,0.4073293599701257,-1.11207474461134,0.6729815711949166,348.7309613538192,2.152100086212158
825,0.15092259578152645,1.3455796489396348,1.5206830810835104,348.0204762974444,5.303400039672852
826,-0.20676552358282252,1.2074655911192218,0.9198914535601178,347.3221746768543,5.112299919128418
827,-0.49553313796200005,1.148757053279242,0.39096464513861834,346.6361667619698,2.7416999340057373
828,0.2567424207069576,1.2670522782167626,1.5776845172147638,345.96256088139296,5.575399875640869
829,0.678149501252726,0.8839688859962821,0.6417104831235487,345.3014634053011,1.545699954032898
830,0.44292584124506157,-1.12255611472566,0.6439688122751104,344.6529787286494,1.3669999837875366
831,0.3207703256866436,1.2027310720479027,1.3780634923886286,344.01720925468567,3.4179000854492188
832,1.2378575025433751,-0.2804173734374863,-0.9575418296163661,343.3942553787799,0.9083999991416931
833,0.17521020543329058,1.366685932915187,1.6353258889426092,342.78421547257085,5.9695000648498535
834,1.3472372363235843,0.020771728372475158,-1.2166218381255312,342.18718586843136,3.440700054168701
835,-0.8405204635690562,0.8788184991140979,-0.4791307238416032,341.6032608442569,2.3912999629974365
836,0.33968160532730524,1.2042993285539971,1.376916371974388,341.0325326085778,2.287400007247925
837,0.9457459011103099,-0.542656780957624,-0.42440157367435183,340.47509128599876,5.5802998542785645
838,-0.8039850801022773,0.9972382415545398,-0.16026019233905087,339.93102490296644,5.742599964141846
839,0.4763830351900549,1.0583100362524485,1.092025027435984,339.4004193738699,1.7235000133514404
840,-0.37228827017584376,-1.190495330819103,0.8778583658524122,338.8833584874731,5.262599945068359
841,1.1502695484867504,-0.3768512431760841,-0.8919977872700895,338.379923893684,6.15880012512207
842,-1.1371044262717276,-0.21168375074594573,-0.9156716627700227,337.890195090661,0.11219999939203262
843,0.6987296657133485,0.7877466987024784,0.4940959713456396,337.41424941225904,0.24789999425411224
844,0.926155793806161,0.5514189012927246,-0.10427307486608246,336.9521620158182,4.262599945068359
845,-0.7976537349815974,-0.8697611153208098,0.14322353849629943,336.50400587029515,3.922300100326538
846,-0.9895512660058833,-0.5452003049534015,-0.4429078320509918,336.0698517447403,2.3958001136779785
847,-0.053789379735116785,1.3320995189925033,1.390931247234317,335.64976819712297,0.15320000052452087
848,-1.0279874494339318,-0.5078798093470679,-0.4745862958667306,335.2438215635052,4.277900218963623
849,0.7599279125181368,0.7026504882832525,0.24070694526666098,334.8520759475663,3.928100109100342
850,-1.1911183278917683,-0.2558736920106502,-0.8569644672095785,334.4745932104801,6.0640997886657715
851,-1.1625351047671437,0.3655917693362761,-1.102168994932407,334.1114329611469,0.5019999742507935
852,0.39140329853501105,-1.0888860481801546,0.7552211369596943,333.7626525467799,1.7964999675750732
853,-0.9211632561672245,-0.7156756040518439,-0.12142642603755475,333.42830704384977,2.3443000316619873
854,-0.7346668801741862,-0.8960859448526434,0.30858910466597944,333.10844924938715,3.800100088119507
855,-1.0804579044435796,-0.4408898021919732,-0.5726411017298434,332.80312967264587,5.308300018310547
856,-0.07035691563053274,1.2801342934665,1.3751373228555204,332.51239652712627,4.021900177001953
857,0.7238191933585056,-0.8869737212679136,0.3012183338392805,332.2362957229625,4.025199890136719
858,0.8659547084650913,-0.7201540744260897,-0.22631612223180012,331.9748708596721,0.955299973487854
859,-0.38044324010961106,-1.3216843824137314,0.9221258416509333,331.72816321927155,1.5226999521255493
860,1.2790601842799452,0.14150510687169035,-1.1427318255063323,331.49621175975716,1.5241999626159668
861,0.11550874326465552,1.3398379494702986,1.503228857749504,331.2790531089533,4.5518999099731445
862,-0.31885198537144654,1.0673193006755115,0.6755523543682612,331.0767215587282,5.014599800109863
863,0.16591739683121465,-1.1905451335421764,0.8863845598531285,330.88924905957936,0.879800021648407
864,-0.7240080755406569,-0.9517026037543299,0.35750858104559924,330.71666521558745,1.1208000183105469
865,1.2897711743185207,-0.21416779922978374,-1.06245260710983,330.5589972797422,0.3425000011920929
866,0.6938636009886405,0.7674455040720719,0.38694303734889185,330.41627014963836,5.972499847412109
867,1.1161339015958296,0.25903106691406336,-0.911086288230404,330.28850636354434,1.6583000421524048
868,0.9865910771554617,0.5911987177097303,-0.2735455397728005,330.17572609684305,5.175000190734863
869,-1.022893352507418,0.43454118619474563,-0.9579859563256927,330.07794715884603,2.67930006980896
870,0.2617050599660545,1.2532964039590755,1.4224698136156353,329.995184989981,3.0669000148773193
871,-1.300525755099328,0.04770519395215113,-1.1463637673090132,329.92745265935395,5.662199974060059
872,0.20011600532170437,-1.2118032678602282,1.0139641242227533,329.8747608626849,4.792300224304199
873,-0.4337299003427371,-1.1690503204584979,0.7785705985908467,329.83711792061956,0.3682999908924103
874,0.5687678985495234,-0.9907957414398778,0.4646158100802402,329.8145297774147,4.0346999168396
875,-0.10908974204969818,1.313749199202236,1.3497662845095726,329.807,0.48249998688697815
876,-0.9649938245318926,-0.6957898706418357,-0.27814739672990396,329.8145297774147,4.51639986038208
877,-1.0138460777950118,0.5346801125864553,-0.8836376274003546,329.83711792061956,3.8754000663757324
878,-0.6347603363555152,-0.9362973071498436,0.3571001234010653,329.8747608626849,2.2079999446868896
879,1.3546610150330098,-0.20432165948336256,-1.05973900388706,329.9274526593539,1.4744999408721924
880,0.6423002650066223,0.8702302831420633,0.5278008423947237,329.99518498998106,5.520100116729736
881,-0.914109818535109,-0.6630371137399209,-0.2905506014085041,330.07794715884603,4.32859992980957
882,-1.2613745269558378,0.16596055806588106,-1.1519673858322603,330.17572609684305,2.0671000480651855
883,1.2967389152655926,-0.1541509161525501,-1.1439489191893313,330.28850636354434,4.450900077819824
884,0.27859886244368987,1.2727262559894628,1.4020391801467689,330.41627014963836,5.818999767303467
885,0.804407738743247,-0.7584960176150024,-0.050533744293448014,330.5589972797422,4.650899887084961
886,-1.0463925646223347,0.5865983539614826,-0.8759267336672911,330.71666521558745,0.4763999879360199
887,-1.253318874506044,0.08947718713350687,-1.146695781489469,330.88924905957936,5.215700149536133
888,1.2698030070920416,-0.10938772300721077,-1.0927862156529522,331.07672155872825,1.413699984550476
889,0.6865561471544495,-0.9725064881701588,0.3096692458062301,331.27905310895324,3.7077999114990234
890,-0.7849789220578225,-0.9186927076406431,0.2912490826443208,331.4962117597571,3.1858999729156494
891,-0.21925298431904922,1.2297418500066055,1.1594644473773685,331.72816321927155,4.929999828338623
892,0.11967886400869507,-1.1985586192234121,1.01259951713925,331.97487085967214,6.099100112915039
893,0.22495664772549592,-1.1565207255730297,0.901209445787597,332.2362957229625,4.217599868774414
894,-0.8218487685185065,-0.8829048075052942,0.1107334994715141,332.51239652712627,2.8980000019073486
895,-1.0924930129351436,-0.29257227240810174,-0.7537877496904936,332.8031296726458,0.5333999991416931
896,0.31356785147498234,1.2167891094932954,1.3703144727129806,333.10844924938715,2.466900110244751
897,-0.8537646713995126,0.9109068705553068,-0.3534779230940684,333.4283070438497,0.05139999836683273
898,-1.2915938479197409,0.049312011262025564,-1.1152724380257588,333.7626525467799,3.842900037765503
899,0.9793001091303185,-0.5411762669606485,-0.5421059902077219,334.11143296114693,6.116700172424316
900,0.5947597254254323,-1.0050300871851694,0.427633193867522,334.47459321048007,1.6132999658584595
901,0.7625290525433734,0.757431836747443,0.32309625706708167,334.85207594756616,4.668300151824951
902,-0.9668606346625892,-0.5718860674967098,-0.2829628012551587,335.2438215635052,3.4052999019622803
903,-1.0206770230797824,0.5383371792974988,-0.884839968664906,335.64976819712297,0.10100000351667404
904,-0.20911238458369108,1.2360043823281583,1.0959063118355985,336.0698517447403,2.3736000061035156
905,1.336298650858866,0.1339197942913801,-1.2688708473807189,336.5040058702951,4.5808000564575195
906,-1.1505912063366592,-0.19683055152439738,-0.9420549121594729,336.95216201581826,0.482699990272522
907,-1.2493064620509693,0.06823905831259239,-1.1918441800716195,337.41424941225904,2.670599937438965
908,-0.07044651238036771,1.3152087604414604,1.4225932831464254,337.8901950906609,3.8517000675201416
909,0.06411101821801372,1.2884839853293426,1.58197238448245,338.379923893684,5.311600208282471
910,0.5342386969679163,-1.01866011664823,0.5223607122206333,338.8833584874732,6.1016998291015625
911,0.20194112462348565,1.3221987630372245,1.5072179038122808,339.4004193738699,5.0040998458862305
912,-1.1369983996617532,0.4010154192483074,-1.0514024477215005,339.9310249029664,1.5640000104904175
913,-0.13642982943346105,-1.294596899001589,1.0934733254468103,340.4750912859987,6.036399841308594
914,-0.291678681042503,1.1990179670831786,0.8252467739911561,341.03253260857775,4.908199787139893
915,-0.6166621398702236,-1.0128226974501298,0.5270867863012474,341.6032608442568,2.08240008354187
916,1.0164936545716248,0.537440855786556,-0.33723456492160486,342.18718586843136,2.8515000343322754
917,-1.2239078479487162,0.1658739274893088,-1.16836413287037,342.7842154725709,5.874499797821045
918,1.2223960767698403,0.27889204233768083,-0.9837481339515339,343.3942553787799,1.9737999439239502
919,0.181372574333822,1.3215760443767326,1.5106464967516586,344.01720925468555,2.8907999992370605
920,0.9948151084230792,-0.4767007575213411,-0.5509008653010229,344.6529787286493,1.0526000261306763
921,-0.3846295580436586,1.177022354253279,0.6831929905144717,345.30146340530104,2.9235000610351562
922,0.502280013861813,1.0710108290839162,1.129162642189598,345.96256088139296,6.158100128173828
923,1.2938554132086062,0.03693067871687247,-1.1973467727189158,346.6361667619697,4.829400062561035
924,-0.2446993476409212,-1.2862614389314737,1.0230151905494036,347.32217467685433,2.1547000408172607
925,0.1313649074582399,1.2968875285717962,1.602626878448129,348.02047629744436,4.530900001525879
926,1.0883435924476597,0.3412753218304112,-0.5130188312919782,348.73096135381905,5.558700084686279
927,0.4236367232501285,-1.099632852860604,0.6564414259202072,349.4535176521518,5.679999828338623
928,0.7868429501152447,-0.7853692463877718,0.01746895733787559,350.1880310924271,6.152299880981445
929,0.18398786371477033,1.32294071616137,1.5404897831058555,350.9343856864577,3.202500104904175
930,0.12261467676508246,-1.2151306149689192,1.0143976271774524,351.69246357620125,4.806099891662598
931,0.2976027758130013,1.2634944566031254,1.4468394386413528,352.4621450523713,3.6654999256134033
932,1.0219997456182266,0.43671700413752507,-0.27211936091612804,353.24330857333996,0.7989000082015991
933,-0.7567937524964459,0.9344644958515779,-0.3461039303967928,354.03583078433195,1.3432999849319458
934,0.29552470409619785,-1.2218654600679797,0.8411537555381532,354.839586536903,1.1187000274658203
935,-0.8969926384434429,-0.7345693936497141,0.02602972352594078,355.6544489087023,5.148799896240234
936,0.8137638883232315,0.6601492933176734,0.3730317084772253,356.480289223515,4.968100070953369
937,0.603665285075296,0.9661774100525801,0.9404009599323043,357.316977071582,2.083899974822998
938,0.15526182077746686,-1.198738933840783,0.9823764694966941,358.164380330193,1.7312999963760376
939,1.1902872465236398,-0.3556654293393666,-0.9714449599304589,359.02236518455015,0.9172000288963318
940,1.3133819820399364,0.0603315725966449,-1.2344983807316725,359.89079614889874,1.8451999425888062
941,-1.0277854040342405,-0.595348292245494,-0.29839959241150804,0.7695360879222335,0.09929999709129333
942,-0.8055598597756316,0.8508036775927523,-0.5887130029113082,1.6584462383977652,1.448699951171875
943,-0.05396798004767412,-1.2529966467832527,1.0397759688894213,2.5573862311077917,2.849299907684326
944,0.6715417962725374,-0.9122363276396535,0.09658399065059747,3.4662141130067283,3.1221001148223877
945,0.9236531898191539,-0.5964332587519618,-0.4544914925680734,4.384786369636572,4.336100101470947
946,-0.0048296638981548574,-1.2295355786398507,1.1006196487854558,5.312957947789833,4.978700160980225
947,0.6000717592668918,0.930184152179881,0.9765846765376626,6.2505822784141,3.459399938583374
948,1.1390744453220145,0.26825339442048673,-0.890182811043326,7.197511299758517,4.090000152587891
949,0.07654293327495888,-1.1854953791277676,0.9381725785134638,8.153595480753488,2.482800006866455
950,-1.0068400840255145,-0.5920186213486864,-0.21894611746100076,9.118683844623689,3.519200086593628
951,-1.1976150655072482,0.0037380200460035927,-1.1736775904337788,10.092623992728512,1.5104000568389893
952,-0.6416877503223024,1.0454427000404625,-0.2654839797334396,11.075262128628594,1.4696999788284302
953,0.26893678412945626,1.1506463359242212,1.5312733742341578,12.066443082371038,0.9437999725341797
954,-1.038499463139625,-0.4318016304699771,-0.48125554361336764,13.06601033499296,0.599399983882904
955,0.8294212462998115,0.6142252225017383,0.20899198346902598,14.073806043237965,2.3041000366210938
956,1.272761088313544,0.09985916805939843,-1.1469366147036424,15.089671064480989,3.8364999294281006
957,-1.2296403122181043,0.05151055934010828,-1.2342304768302002,16.113444981859026,2.1668999195098877
958,1.177463009914577,-0.3017788749857979,-0.942398221334983,17.144966129602437,4.848999977111816
959,-1.0930536334880605,0.47074351952424004,-1.0982601942753298,18.184071618564055,4.871099948883057
960,-1.048981236518743,-0.5138777595136865,-0.24522233735875917,19.230597361941626,6.097499847412109
961,0.11106029471729492,1.3152231925016324,1.5299639883142875,20.284378101188715,4.396399974822998
962,1.280582785521482,0.036803645643734145,-1.2342546324694115,21.34524743211049,1.0644999742507935
963,0.9911319237039038,-0.6817345740322205,-0.5594585662762249,22.41303783114175,2.040800094604492
964,0.7926119799291906,0.5475999844425764,0.20050435735553554,23.487580681800573,4.2778000831604
965,-1.1812481320493449,0.047993082289125626,-1.2181831747778433,24.56870630131374,0.4487999975681305
966,1.2832559469386915,-0.04105252958193789,-1.2737909557896594,25.65624396741343,2.2964999675750732
967,-0.6314854014576545,-1.0683609366976743,0.7799333790588993,26.750021945295025,1.7305999994277954
968,1.2435897030703973,0.1617724196995408,-1.0054361166323678,27.849867514736495,4.36870002746582
969,-0.05525768303786603,1.250254879917784,1.3837390894300496,28.9556069973723,2.1939001083374023
970,0.6570759264876973,-0.9688435419803054,0.07314057835917487,30.06706578412031,1.36080002784729
971,1.213940466645463,0.2735825264457321,-0.9041434667527037,31.184068362753507,6.220099925994873
972,0.36414487017834674,1.170355368766524,1.4776994230571696,32.306438345615845,5.974400043487549
973,-0.48092817506402863,-1.1407729319032898,1.0834287112874954,33.43399849747628,3.6217000484466553
974,-0.3568156259224602,-1.306192036273296,1.1455244298711935,34.56657076351573,5.99459981918335
975,0.8430087380897496,-0.7849805797079118,-0.3617332785756548,35.70397629744435,4.386000156402588
976,-0.08255439144596731,-1.3042759569648184,1.1351314716776642,36.84603548974296,4.490499973297119
977,-0.8678009692482295,-0.79431945250963,0.3566845611469216,37.99256799602577,3.0302999019622803
978,1.2599757943912326,0.22443730045009627,-0.9641051091719641,39.14339276551915,2.756700038909912
979,1.0894930846637076,-0.505824560451627,-0.8695847854849197,40.2983280696514,1.444000005722046
980,0.22396309650580565,1.2132863087731809,1.5998408652523228,41.45719153074922,3.6763999462127686
981,-0.40858747988210126,-1.1978939133881883,1.1176181655862163,42.6198001508383,2.52239990234375
982,-1.2142529394327868,-0.08827113496991089,-1.1730055486663098,43.78597034054047,2.422800064086914
983,-1.2099806581367623,0.3019958534262935,-1.3188952217555816,44.95551794806346,1.901900053024292
984,-0.9830733579531765,0.5494794371194145,-1.0312278038149443,46.12825828828251,3.2741000652313232
985,-0.29511455691776517,-1.2605989981601033,1.178329478193973,47.3040061719031,1.9342000484466553
986,1.1501346311278597,-0.43656198865081813,-0.9701524355420135,48.48257593470484,3.8210999965667725
987,0.6358209107754746,-1.0469079263148475,0.16269128463020724,49.66378146685945,2.6939001083374023
988,0.5507813294547287,-0.9622262753143033,0.18073916785953045,50.84743624232077,1.3295999765396118
989,-0.11660053787689124,1.2365997769950534,1.2760734548887105,52.033353348278055,2.975800037384033
990,1.0807135457885353,0.43265805985025585,-0.4923652004113916,53.221345514673025,5.232600212097168
991,-0.20133787807403228,-1.2789176607468544,1.266555390040448,54.41122514377062,2.277899980545044
992,0.49894808457333306,1.0392792139692832,1.1512132219570426,55.60280433978407,2.687299966812134
993,-0.7450732201289233,1.0088089154939766,-0.33828641890995015,56.795894938545246,4.4415998458862305
994,0.9738701357124141,-0.6867667496924443,-0.5172792581741533,57.99030853721771,3.306299924850464
995,-0.670857790975255,0.9975268789183136,-0.20224111294274227,59.18585652404796,3.9231998920440674
996,-0.5540447697344981,-1.1736029277266435,1.0637390267828981,60.382350108149836,3.7648000717163086
997,-0.3750795872894194,-1.2940332188249701,1.136893824537743,61.579600349316365,4.231900215148926
998,0.6028139594071827,1.018427435799231,0.8901053980176141,62.777418187855176,2.0731000900268555
999,0.8604474018082673,-0.9039270972856605,-0.16313201796996538,63.97561447444418,3.1552000045776367
