frame,psi1,psi2,psi3,csv_gt_angle,inplane_angle_rad
0,-0.43823986343247134,1.495843852556431,-1.3378820265695963,65.174,0.5972999930381775
1,-0.4779512117438236,1.5587184466649258,-0.9226798078133572,66.3723855255557,5.399799823760986
2,-0.21416044496447692,1.4818679598112325,-0.15537226213018837,67.57058181214477,3.1321001052856445
3,-0.43990061139476805,1.599442391982832,-0.2189793424180175,68.76839965068365,2.317699909210205
4,-0.32449841240826904,1.458092055712348,0.030780720193393524,69.96564989185009,6.278299808502197
5,-0.331655556477285,1.3680609727891446,-0.34331055156197887,71.16214347595204,2.6526999473571777
6,-0.3434663422006001,1.6414083476335104,-0.6352720023084852,72.35769146278237,4.134300231933594
7,-0.2175541441764061,1.8101353999730287,0.4304519865095382,73.55210506145472,2.3225998878479004
8,-0.1588750079681295,1.5780076460346841,0.610294270197753,74.74519566021581,3.8647000789642334
9,-0.23008791836198933,1.8053931815530166,0.04222459256865923,75.93677485622933,2.219599962234497
10,-0.07512179456422281,1.3055280873751711,0.9735710368308159,77.12665448532701,1.2000000476837158
11,-0.18324027591527775,1.4874165697764152,0.38929635574593113,78.31464665172189,0.6075000166893005
12,-0.10649906441550934,1.7993871225503897,0.005128822649745089,79.50056375767925,5.600800037384033
13,-0.04028245929667579,1.4737800723057966,0.9004322299323382,80.68421853314047,1.0867999792099
14,0.07017550745315991,1.9549787467844773,1.0369522619106988,81.86542406529516,0.35350000858306885
15,0.10753423071641553,1.7447630583438773,-0.19525013913053516,83.0439938280968,4.42579984664917
16,0.152642445332565,1.4669284291978941,0.455995723596965,84.21974171171746,6.245699882507324
17,0.14756537785843987,1.9763692187797477,0.7637968873748522,85.39248205193658,3.8466999530792236
18,0.2658142396415495,1.4586603192506937,0.43319109431037184,86.56202965945964,5.737599849700928
19,0.37988615458388536,1.8528989518638865,1.069965102437918,87.72819984916156,1.6100000143051147
20,0.165644216371087,1.4483924869220266,1.1776438664035933,88.89080846925071,5.309500217437744
21,0.2617758381566217,1.9432702239573312,0.8335272720529878,90.04967193034861,4.5472002029418945
22,0.35155202029176713,1.6770651603763145,1.247823667233545,91.20460723448076,2.2932000160217285
23,0.37078468414556787,1.4731768343715013,0.5885939727411122,92.35543200397422,1.8485000133514404
24,0.3906806191151742,1.41669491129176,1.3733744002987036,93.5019645102571,0.9460999965667725
25,0.6111185258867705,1.2607377766303802,0.9639965205990081,94.64402370255561,2.994999885559082
26,0.4778871970987306,1.4541635701616062,1.1721111360545433,95.78142923648416,2.8680999279022217
27,0.4835248092166137,1.3272203907248474,0.7697597306933266,96.91400150252367,1.6171000003814697
28,0.3948277033227551,1.6740135740081594,0.1702928169769719,98.04156165438417,1.593500018119812
29,0.6278934461194177,1.7786310466836492,0.4656344769041646,99.16393163724659,5.687600135803223
30,0.5505937363694855,1.1382971948270935,1.5014738312519202,100.28093421587968,4.448599815368652
31,0.6625664948968919,0.9856528567946077,1.1194648100191384,101.39239300262761,0.08659999817609787
32,0.4210687763776181,1.1086159857537403,1.536353408960188,102.49813248526348,4.150599956512451
33,0.5173949201112877,1.1177848244156205,0.9775386088741066,103.59797805470487,3.5527000427246094
34,0.6233700644767075,1.0621116079348956,1.7645583903332624,104.69175603258654,0.19689999520778656
35,0.5689947969734848,1.0184191806551754,1.6073044060928605,105.7792936986863,4.252500057220459
36,0.5762000089279811,0.9841674180986667,1.7973766463496557,106.86041931819952,6.2642998695373535
37,0.6431420190382647,0.666251733786969,2.5653839239224077,107.9349621688581,1.0484000444412231
38,0.5751211695567352,1.0037125746950302,1.737807859342175,109.00275256788944,1.3007999658584595
39,0.8529175825977516,0.7459692582758207,1.7386658167666889,110.06362189881128,2.5627999305725098
40,0.8564282499502069,0.6449117839685791,1.9522752053899746,111.1174026380583,3.963399887084961
41,0.9977783605115982,1.3025489280971174,1.9710174873574753,112.16392838143592,1.9259999990463257
42,0.8803594175244098,0.8852070582425942,1.5437197672613248,113.2030338703976,2.883500099182129
43,0.8030872581790909,1.0265876798765987,1.3809683905653334,114.23455501814092,0.9930999875068665
44,0.7465996279521284,1.003931183914275,2.0313678820446364,115.25832893551889,1.4735000133514404
45,0.8971275830752673,0.9632184558315028,1.7270010115700956,116.27419395676199,1.5819000005722046
46,0.8831099444486085,0.6099778070246646,1.8466063167165112,117.28198966500705,2.8761000633239746
47,0.948823127924205,0.9211211718918082,2.10219631362262,118.28155691762903,0.39480000734329224
48,0.9616135018883736,0.4096324522413901,2.8936388759176044,119.27273787137139,0.6990000009536743
49,0.8630205845196324,0.40032196207858034,1.8731085923645947,120.25537600727141,4.777200222015381
50,0.8993594353139047,0.4207119919575971,1.8299295660612207,121.2293161553763,4.546800136566162
51,1.057594462044154,0.5639313335309808,1.8207313787691963,122.1944045192464,0.5480999946594238
52,0.9199120369836183,0.739599751628779,0.9026204733475129,123.15048870024145,3.380500078201294
53,0.9047948083775486,0.0800264501232749,1.0931980056577684,124.09741772158591,0.5407999753952026
54,1.0923587995081014,0.24983901754110113,1.2972827297014784,125.03504205221024,4.097599983215332
55,1.2831785721278297,0.19759720456211785,1.1984615440464903,125.9632136303633,2.2151999473571777
56,1.2501022993799857,0.39311923147225125,0.695833680858644,126.8817858869932,4.4618000984191895
57,1.2244163456218347,0.20475048451381464,1.5120541953423154,127.7906137688922,5.353300094604492
58,1.2294504466780276,-0.19029435613414555,0.6297939271298122,128.6895537616023,1.9844000339508057
59,1.15225076133087,0.2048575562580601,1.145426547495064,129.57846391207772,0.682699978351593
60,1.0971827426325427,0.3792101288647375,-0.17150449862845338,130.45720385110127,1.1146999597549438
61,1.0334887017847125,-0.019878706251615703,0.9275246811409323,131.3256348154498,0.7240999937057495
62,1.194652267987057,-0.33049403603671434,0.3114939708290497,132.18361966980686,2.425299882888794
63,1.1879500677740613,-0.37071373898178067,0.5821345493570302,133.03102292841794,0.9531999826431274
64,1.140980347727574,-0.9451821616972048,0.9893319248790884,133.867710776485,4.209700107574463
65,1.1503472199507399,-0.431617124602893,-0.021804986703340284,134.69355109129776,4.812300205230713
66,1.1051421811953615,-0.44929454132606916,-0.6229064895053501,135.50841346309699,5.948500156402588
67,1.279557367317647,-0.420604776166348,0.44987308357584044,136.31216921566798,0.7810999751091003
68,1.3477685764243592,-0.27593755706550777,-0.4158383508571989,137.10469142666,1.1633000373840332
69,1.2594035248213402,-0.4534564695622446,-0.9377642605485844,137.88585494762876,2.390199899673462
70,1.373871225689871,-0.7214293689876845,0.19123665241009705,138.6555364237987,1.0654000043869019
71,1.2707938075534826,-0.6219124422437953,-0.2739681170798439,139.41361431354233,0.3028999865055084
72,1.101801326071211,-0.456997469950233,-1.1333716164692424,140.15996890757293,3.0095999240875244
73,1.3800456651841981,-0.39568347833210954,-1.1560579964213455,140.8944823478481,2.8236000537872314
74,1.3969428026155366,-0.8090607435753953,-1.3603187279643005,141.6170386461809,5.540500164031982
75,1.3797359047327444,-0.732867097675606,-1.0948956542090413,142.32752370255562,6.249300003051758
76,1.3438964539611902,-0.7006936188312838,-0.6658309952288719,143.02582532314568,4.612100124359131
77,1.3794894160370075,-0.868149371467305,-1.2758496121470806,143.71183323803024,3.9823999404907227
78,1.4709929764221261,-0.5308522250213116,-0.5348615755323206,144.38543911860705,3.861999988555908
79,1.2192112659789007,-0.7551412596986369,-1.0605769596287382,145.04653659469895,5.635499954223633
80,1.2904121739211518,-1.1132061870943062,-0.7787691534547477,145.6950212713507,1.5317000150680542
81,1.3414351476893658,-0.8246613436992286,-1.2742204497071594,146.3307907453144,2.9337000846862793
82,1.3389362040891373,-0.5236674483036315,-0.8328903873416053,146.95374462122004,2.065000057220459
83,1.3692769315628692,-0.9429894641919612,-0.9613631980036179,147.56378452742916,1.1871999502182007
84,1.598709648674471,-1.078703910345099,-0.1832767218700143,148.16081413156866,1.024399995803833
85,1.4589803992297865,-0.8290213448125859,-1.4351431420126988,148.74473915574316,5.777500152587891
86,1.5210085365423898,-0.8848738635538648,-1.1228241908045613,149.3154673914222,2.882200002670288
87,1.4619172319060691,-0.7946926361964588,-0.4917797824569792,149.8729087140013,4.368800163269043
88,1.398113043136519,-0.8437396528416933,-1.9476418995851055,150.41697509703357,3.9869000911712646
89,1.3536329091256354,-0.9797868818003307,-1.336916095750286,150.9475806261301,5.089600086212158
90,1.4475746765546103,-0.7038894796839327,-0.9917133243872203,151.4646415125269,0.7936999797821045
91,1.4478735367661544,-1.1027640629924118,-1.1559811773376674,151.968076106316,3.6273999214172363
92,1.494331010994895,-0.6989847612106995,-1.964207641213723,152.45780490933905,2.803800106048584
93,1.4420235471461362,-0.856760613705063,-1.6236232604826328,152.93375058774097,2.152899980545044
94,1.476778845714585,-1.3199639255002384,-1.2993060235793998,153.39583798418175,4.09119987487793
95,1.422360733224094,-0.28516025225908953,-0.6872254306365241,153.84399412970487,4.251800060272217
96,1.5390065036075484,-1.0804512152144452,-0.5694208571683942,154.27814825525974,0.9355999827384949
97,1.6386919446453276,-0.9167860601311674,-0.5016374759281375,154.69823180287702,5.906599998474121
98,1.3713073056287952,-0.5008205552490118,-0.7581353506303691,155.1041784364948,5.892899990081787
99,1.4894787546733015,-0.7837537375089663,-0.46076512000400527,155.4959240524338,3.03629994392395
100,1.6280858543332917,-0.715517306668877,-1.3375086850718134,155.87340678951992,4.975299835205078
101,1.5626551648611173,-0.712640832256742,-0.26645092229448564,156.2365670388531,1.215399980545044
102,1.4953811754364175,-0.6914768852321932,0.1623146862416689,156.5853474532201,3.293100118637085
103,1.4103120722804776,-0.935280091436395,-0.600624660270177,156.91969295615024,6.24459981918335
104,1.5039247146414136,-0.7221843474934594,-0.780528274347182,157.23955075061284,5.892600059509277
105,1.3673143847320102,-0.8033855701086507,0.03568794798263652,157.54487032735418,3.1851999759674072
106,1.4522922635589546,-0.9452002823135868,-1.13642308391472,157.83560347287371,0.9157999753952026
107,1.6013669804615707,-1.014539035130607,-0.9404070360014078,158.11170427703752,3.112799882888794
108,1.4059911554286029,-1.142081540689513,-0.37583860672497194,158.37312914032793,2.150099992752075
109,1.295740324980653,-1.2345738794326049,-0.5623462493665687,158.61983678072846,4.797500133514404
110,1.4551357366670594,-1.0969804709204891,-1.2168226196339191,158.85178824024285,2.2304000854492188
111,1.5348684696029484,-0.9032467117442996,0.5471078810253515,159.06894689104672,4.632699966430664
112,1.340605391919778,-1.28253582643212,-1.7906972323717651,159.27127844127176,5.851500034332275
113,1.1953718984241117,-0.5067959774555064,-0.5404204567143532,159.45875094042066,3.139899969100952
114,1.36131135907663,-0.9990650722893046,-0.7352076442180476,159.63133478441256,3.3015999794006348
115,1.3591867211382083,-1.0099559824859898,-0.5926504880190518,159.78900272025783,1.1660000085830688
116,1.4981777784496628,-0.6861414779507303,-0.6066290682914348,159.93172985036165,0.5002999901771545
117,1.5347457703275036,-0.6430680058089546,-0.09968404178693122,160.05949363645567,2.6047000885009766
118,1.5101048312986194,-0.811440799212776,-0.435950560607161,160.17227390315696,0.36419999599456787
119,1.5839161825986015,-1.2593192182986128,-0.00940153444224273,160.27005284115398,2.004199981689453
120,1.6241472209656993,-1.033205680545804,-0.25317122586889435,160.352815010019,0.7972000241279602
121,1.4280008027761657,-0.8475824360744828,-0.560629159257748,160.42054734064607,3.135999917984009
122,1.4049265556096802,-0.8588104328454685,-0.9524078734970779,160.4732391373151,5.562399864196777
123,1.4518619004928597,-0.5394108442384851,0.4552722416428228,160.51088207938048,2.625200033187866
124,1.58886953384114,-0.8774020821576666,-0.9331312010144169,160.53347022258532,3.069200038909912
125,1.416677869838649,-0.7398631836531768,-1.2969520153466305,160.541,2.5680999755859375
126,1.606277475145844,-0.5130971031330852,-0.7039398621676034,160.53347022258532,3.0278000831604004
127,1.4826386105214029,-0.42642584138096684,-0.2192110441398708,160.51088207938048,5.994999885559082
128,1.464055555670632,-0.8450206568195118,-0.569917236797013,160.4732391373151,4.167900085449219
129,1.473340078825224,-1.0708617865702008,-0.5764886133131859,160.42054734064607,4.3480000495910645
130,1.521654884361012,-0.6293377599844678,-0.5648107869741817,160.352815010019,1.7246999740600586
131,1.4327111181354373,-0.7017110010118306,-0.35811711299108945,160.27005284115398,1.277400016784668
132,1.4542905552820706,-0.8820521153798613,-0.39803664136470285,160.17227390315696,1.649399995803833
133,1.40792074885165,-0.814730281380405,-1.1651877338066838,160.05949363645567,2.0596001148223877
134,1.5340822948001347,-0.6610524112121491,0.45653655426270134,159.93172985036165,5.2708001136779785
135,1.4572190122171607,-1.2343270142710634,-0.9235607703291214,159.78900272025783,0.6686999797821045
136,1.424919429522321,-0.7967176102379303,-1.1681174745486675,159.63133478441256,2.0025999546051025
137,1.5731201417878977,-0.5197088174095241,-1.824385961770417,159.45875094042066,5.77400016784668
138,1.5142268471684102,-0.8700980081087978,-0.3777086202595656,159.27127844127176,5.496200084686279
139,1.4919284872730236,-0.812632781796625,0.39562402142642206,159.06894689104675,4.503799915313721
140,1.490732263048571,-0.4706679755985022,-0.41996328933987614,158.85178824024285,1.6567000150680542
141,1.5884072436499155,-0.6223998321127471,-0.7181815551713323,158.61983678072846,1.2344000339508057
142,1.32865851654032,-1.1545232101908522,0.11118599049784024,158.37312914032793,2.4200000762939453
143,1.4858682333723536,-1.0730223676388508,-0.68584010378375,158.11170427703752,4.616499900817871
144,1.497411381944231,-0.9968532322152873,-0.5892577814398453,157.83560347287374,4.4816999435424805
145,1.57681424633154,-0.9336644663727699,-0.7371029911107029,157.54487032735418,5.8155999183654785
146,1.5904040945963067,-0.9479680460174769,-0.8834451790400394,157.23955075061284,0.7602999806404114
147,1.3568515766464944,-1.0474876862671847,-1.5735346074810292,156.91969295615027,0.3319999873638153
148,1.245069508160358,-0.8123230101259971,-0.8236398639797964,156.5853474532201,3.517899990081787
149,1.160867423317599,-0.5815328864023893,-0.7246213746352336,156.2365670388531,2.2121999263763428
150,1.4183185608320574,-0.422860861384741,-1.4922912041935006,155.87340678951995,5.3649001121521
151,1.4706707491152393,-0.496686049381073,-0.8289202671180805,155.4959240524338,3.90939998626709
152,1.4089896719132096,-1.0295861140302611,-1.1551451377241444,155.1041784364948,2.422800064086914
153,1.4389196044087025,-1.0007430907419264,-0.8618869546025065,154.69823180287702,5.903500080108643
154,1.4471231400737077,-0.9016922539085334,-0.9419614774546695,154.27814825525974,6.0131001472473145
155,1.4125746162170754,-0.5915741535902327,-0.04787636183248151,153.84399412970487,1.157099962234497
156,1.4884998182040956,-0.8458920107469625,-0.6278639388794337,153.39583798418175,2.8373000621795654
157,1.2774038068191456,-0.8034614307535843,-1.0021881052260049,152.93375058774097,4.423600196838379
158,1.3395947071828709,-0.8659658872695587,-1.2897288643534288,152.45780490933905,0.6044999957084656
159,1.3499775902211213,-0.8152533172808923,-1.8494758531388746,151.968076106316,5.314199924468994
160,1.3926624678783406,-0.648020664133353,-1.217535387063518,151.4646415125269,1.0615999698638916
161,1.3272036687499216,-1.1742281005755433,0.07296003586319393,150.94758062613013,3.19320011138916
162,1.3144008922143773,-0.7486930297502091,-1.236308495090429,150.4169750970336,4.2932000160217285
163,1.2549233433841616,-0.7057724243750457,-0.6739111117799246,149.8729087140013,5.400000095367432
164,1.4360431143944952,-0.636314282157761,-1.3394973751806025,149.3154673914222,5.69980001449585
165,1.2651184673627387,-0.8034657549132365,-1.417030526577276,148.74473915574316,4.76609992980957
166,1.4096404403121676,-0.9408920701284282,-0.5910425442460335,148.16081413156866,3.149899959564209
167,1.3859677695647996,-0.49502069204154536,-1.3782437203686464,147.56378452742916,3.6760001182556152
168,1.4080322591193035,-0.8910814136780583,-1.0490821576825022,146.95374462122004,1.5848000049591064
169,1.5199617536108374,-0.5091059833539072,0.1395260905732977,146.33079074531437,5.14169979095459
170,1.55123508304389,-0.9105932540974531,-0.45194526868766044,145.6950212713507,2.3361001014709473
171,1.4513218375604462,-0.8484721130345559,-1.008796719610683,145.04653659469895,5.613699913024902
172,1.2515474873309564,-0.447021340973249,-1.2009947504356016,144.38543911860708,1.4631999731063843
173,1.2770344015392012,-0.45675450423806874,-0.789495587422645,143.71183323803027,3.9493000507354736
174,1.2373686654000031,-0.5458118159505969,-0.9354561598326893,143.02582532314568,0.4011000096797943
175,1.2891681284934118,-0.39995535832548956,-0.984067616657956,142.32752370255562,3.025899887084961
176,1.2067122689812009,-0.41924540921210324,-0.6807344906003994,141.61703864618093,3.2274999618530273
177,1.3387576833887054,-0.3251024833121487,-0.6759289565680281,140.8944823478481,1.503499984741211
178,1.3446975056609218,-0.28867706323806297,0.4658305337047016,140.15996890757293,0.39250001311302185
179,1.2084549356099072,-0.4509614740936446,-0.19763104332607032,139.41361431354233,3.653599977493286
180,1.400041101886703,-0.4820654322291675,-0.38241433100958167,138.6555364237987,4.606200218200684
181,1.3492883801768147,-0.2158630823612033,0.7464660652685888,137.88585494762873,1.5108000040054321
182,1.4287309599854396,-0.48892502865198245,0.42975224125417677,137.10469142666005,3.9110000133514404
183,1.19564683269971,-0.5059004370211603,-0.24512559867436917,136.312169215668,0.9023000001907349
184,1.1881766841621118,-0.5518006983629818,0.03809383163102239,135.50841346309699,4.77370023727417
185,1.2225252286082813,0.1173603966518475,-0.25134698136339795,134.6935510912978,1.3916000127792358
186,1.2258627839100764,0.03952429193205211,-0.04629582998392732,133.86771077648504,0.5054000020027161
187,1.1913875870413595,0.002383320323905757,0.18362950979762033,133.03102292841788,4.334400177001953
188,1.061628298661738,-0.12994794905504245,0.7470841233235125,132.18361966980686,4.757999897003174
189,1.2855743163342823,0.12713250055690534,0.9992788821233258,131.32563481544977,3.252000093460083
190,1.043504031086302,0.042275998224808105,0.7974972818296965,130.45720385110124,6.021200180053711
191,1.0366496345202094,0.27390921266031276,0.7340072457977658,129.57846391207778,0.9686999917030334
192,1.31053979183051,0.4039431010372908,0.8828256890268217,128.6895537616023,3.9639999866485596
193,1.0351164360775675,0.336772756251908,1.7309306355510343,127.7906137688922,3.7204999923706055
194,0.8918395501654347,0.37818061848065343,1.5425200498236014,126.88178588699323,0.8655999898910522
195,1.1020304475976697,0.6363300051259682,1.593861409691594,125.96321363036331,0.2985000014305115
196,0.978182135820688,0.4246437323924857,0.9487056293729099,125.03504205221026,5.858399868011475
197,1.2289676594992622,0.27802858101863953,2.5583040241839794,124.09741772158596,0.620199978351593
198,1.047947510380988,0.5329774178085528,1.5782845296345533,123.15048870024143,4.832900047302246
199,0.9785604456263607,0.3465106539624119,1.4665921872884506,122.1944045192464,3.430500030517578
200,0.9132228058776874,0.336969098635191,2.258557369769505,121.2293161553763,4.274899959564209
201,0.9297499207939736,0.5847800056183559,2.125406648086213,120.25537600727141,1.1921000480651855
202,1.0658245791224015,0.6588369936593628,2.1562166207552176,119.27273787137139,0.04349999874830246
203,0.7891378063042741,0.7607541522040724,1.2727203250633454,118.28155691762905,2.38319993019104
204,0.853959175816022,0.629854951022487,2.3403381269896406,117.28198966500706,4.082300186157227
205,0.8319988036932303,0.7734139364117287,2.4868473926016073,116.27419395676199,0.7160999774932861
206,0.6624681099602185,0.8101650702835238,2.2851466691964326,115.25832893551893,5.642899990081787
207,0.8847258259512442,1.0429717723176315,2.9333135687315735,114.23455501814095,3.3966000080108643
208,0.8477936357559511,1.0092814579817369,2.456653587376544,113.20303387039759,1.8716000318527222
209,0.8370027562631497,1.1643959733139062,2.754830660563872,112.16392838143594,4.594799995422363
210,0.750139153956589,1.000579305063406,2.1428494132771796,111.11740263805828,4.711900234222412
211,0.716481731153632,0.9595458415184107,1.9978135383282258,110.06362189881126,0.6876000165939331
212,0.5562650246558206,1.1680100665055915,2.160178703429298,109.00275256788944,0.967199981212616
213,0.4718671687223263,1.4249995413617969,1.4030542702155495,107.93496216885812,5.869800090789795
214,0.7186369023679472,1.00794843380311,1.4754178535254379,106.86041931819952,3.6784000396728516
215,0.6121906649956756,1.3668976027238648,0.7938090819439412,105.77929369868632,2.882699966430664
216,0.5982129521694733,1.1172365907004242,0.933662279935716,104.69175603258655,4.125899791717529
217,0.605520239499815,1.2593901468656907,1.4214378581761664,103.59797805470488,5.371799945831299
218,0.5478850068513327,1.4769312056561745,0.9368872904720118,102.49813248526354,4.266900062561035
219,0.5661354953584603,1.4869519980158414,1.5081684640183763,101.39239300262761,4.265900135040283
220,0.42987074990029966,1.2638240244445502,0.5897196535540763,100.28093421587967,5.101099967956543
221,0.5393313020213967,1.2413780378897163,0.9179359348503826,99.1639316372466,5.150199890136719
222,0.49933050197078893,1.3762089070207242,1.2301255513560045,98.04156165438417,6.012599945068359
223,0.5283271818475624,1.714034739927803,0.0286626278456451,96.91400150252366,4.135900020599365
224,0.42773220599346234,1.1596343254718138,1.4352767437672382,95.78142923648417,4.15310001373291
225,0.24169121729320683,1.43776629097233,0.6955383985634148,94.64402370255563,4.142300128936768
226,0.37872600640121484,1.842178519220069,0.7547307151909828,93.5019645102571,0.03590000048279762
227,0.3039918709860735,1.6769670612219925,0.9690022368155212,92.35543200397424,2.065000057220459
228,0.25820732443271893,1.6319901961114749,0.883042774527815,91.20460723448079,4.592599868774414
229,0.12096353360701213,1.6098069132126618,1.0272774615064881,90.04967193034862,5.0524001121521
230,0.1385453040327458,1.526448121013896,-0.0777089918440835,88.89080846925071,1.6684999465942383
231,0.14494595176820088,1.7771242521409742,0.3270288320866228,87.72819984916156,3.8912999629974365
232,0.12378306307015174,1.9372645362776055,0.8360708630653207,86.56202965945963,2.6586999893188477
233,0.10983529170750078,1.693386031484371,0.5818739642021207,85.39248205193661,1.7726000547409058
234,0.06283521665357673,1.786934916926523,0.2947119232383723,84.21974171171746,4.55620002746582
235,0.025474828364885356,1.8616343487380858,0.7395352311597273,83.0439938280968,2.89490008354187
236,0.023380933820147595,1.971185854458895,-0.10663042378113845,81.86542406529519,1.9127000570297241
237,-0.02386660635568564,1.9344472499733292,0.7363964900819352,80.6842185331405,2.246799945831299
238,-0.09287084308143705,1.6610156331302848,0.4842459121622902,79.50056375767926,0.6226999759674072
239,-0.09793598118919605,1.7374150750993882,0.4890752541285082,78.31464665172193,4.917200088500977
240,-0.11793240597222365,1.6400056195749957,-0.22297223906510952,77.12665448532704,4.685699939727783
241,-0.20217297946866922,1.4392686590468693,-0.6359205519617405,75.9367748562293,5.384799957275391
242,-0.236516189244259,1.2091355576153935,-0.8006700828911724,74.74519566021583,3.7228000164031982
243,-0.31844336192512396,1.596456374319894,-0.5863658721153248,73.55210506145472,1.1878999471664429
244,-0.30408410125499913,1.2424697067033335,-0.06431597003329029,72.35769146278236,1.368299961090088
245,-0.24492299740451623,1.5567958248556888,-0.5388034534207647,71.16214347595205,3.022200107574463
246,-0.2871648328470702,1.8526372049896276,-0.34381383737655696,69.9656498918501,1.1055999994277954
247,-0.3595168434131321,1.8138989480122487,-1.4554091823149122,68.76839965068365,5.384399890899658
248,-0.31282843853860576,1.6687033500058963,-0.8988455822470838,67.57058181214481,1.7275999784469604
249,-0.3174683095195831,1.2928772073147037,-1.404908529714128,66.37238552555571,0.6820999979972839
250,-0.3718343034006265,1.6498403561848833,-1.142624208323691,65.17400000000002,4.352799892425537
251,-0.44392799528694493,1.7241069411215244,-1.6671675440409106,63.97561447444432,1.1993000507354736
252,-0.34925772181542114,1.5090330501813387,-1.646789347240708,62.77741818785523,0.5914000272750854
253,-0.5014868164306621,1.307013196685858,-1.4256426014096863,61.57960034931634,1.080299973487854
254,-0.5371939626753982,1.4467384016531044,-1.7441939509994757,60.382350108149936,0.23340000212192535
255,-0.4626487531554909,1.1975514100170994,-1.4346794290782827,59.18585652404798,1.4706000089645386
256,-0.5171125042803395,1.2476708901538416,-1.2843749582899977,57.99030853721764,1.8514000177383423
257,-0.39125632862687115,1.4712461380978203,-1.7332123280717546,56.79589493854531,1.03410005569458
258,-0.5165275271068768,1.5992509471720606,-1.9111203952857567,55.602804339784214,6.276800155639648
259,-0.5581704455654541,1.4494955771364109,-1.5610957951252653,54.41122514377068,1.1857999563217163
260,-0.5920916680420699,1.3541702383021301,-1.8608986601216664,53.22134551467304,3.2147998809814453
261,-0.5494974425870223,1.2030813976113386,-1.2963534776282895,52.033353348278155,0.9878000020980835
262,-0.4941342597123485,1.3352542921380108,-1.3574383661584193,50.84743624232074,3.6070001125335693
263,-0.6492369113575889,1.1024805918610667,-1.5222242984644612,49.66378146685955,3.228600025177002
264,-0.7003028110527596,1.0060003290772928,-1.1964373390902878,48.482575934704855,4.7519001960754395
265,-0.5544932466991556,1.230704197938382,-1.6037877531265952,47.3040061719032,3.9702000617980957
266,-0.6277614999533307,1.012296947356697,-1.3756931776894328,46.12825828828257,3.1624999046325684
267,-0.6723957158176905,1.1643183919538482,-1.4586724860294429,44.95551794806343,2.915299892425537
268,-0.6647246509986002,0.8953962479451795,-1.2098097807497121,43.78597034054037,4.305699825286865
269,-0.555808809371037,1.216167684700151,-1.4580198657741432,42.619800150838486,4.670199871063232
270,-0.7829061918856014,1.1739926605728952,-1.784640914118533,41.45719153074932,4.740499973297119
271,-0.632388203982306,1.2238038079211664,-1.2177567670454403,40.29832806965142,1.728700041770935
272,-0.7634990221273805,0.8577552735291393,-1.5026386815768957,39.14339276551925,1.503499984741211
273,-0.752792397480995,0.7322551468227223,-0.7464656585477562,37.992567996025784,4.138299942016602
274,-0.7074669035295204,0.45025884313303016,-0.6373353083871386,36.8460354897429,4.702400207519531
275,-0.7573247055457942,0.9095491008937113,-1.3302243487094876,35.703976297444406,5.658999919891357
276,-0.8773778246136062,0.8292045866234038,-0.634112671561216,34.566570763515855,2.2697999477386475
277,-0.9072786290043628,0.7634636174661402,-0.8521273533403829,33.43399849747633,0.5160999894142151
278,-0.6999336893261429,0.42697758111020245,-0.8837444703172869,32.30643834561586,1.2599999904632568
279,-0.8085255577816309,0.34351506367670254,-0.9169438597486677,31.184068362753436,3.5095999240875244
280,-0.7858479691051704,0.5476636604861309,-1.1817798231265806,30.067065784120324,4.396699905395508
281,-0.7639779936907092,0.3206526406179552,-0.23410443201100567,28.955606997372435,1.215000033378601
282,-0.9455050974111404,0.3951567743480919,0.09114102810471686,27.849867514736545,0.34470000863075256
283,-0.8006709407636732,0.2730326715601147,-0.5073473370253044,26.750021945295117,4.2758002281188965
284,-0.8846712827379425,0.1064531880370296,-0.7692709156685037,25.65624396741348,2.382499933242798
285,-0.8162990302270512,0.1283624581363349,-1.3111070064928547,24.568706301313718,5.00029993057251
286,-0.920356077089783,0.23039017469613737,-0.03882036600607886,23.487580681800473,5.110799789428711
287,-0.8025170897492964,-0.0071712927244026396,0.12293197274307636,22.413037831141914,4.472499847412109
288,-0.9096005468401873,0.08615820494634249,-0.4029957826647437,21.345247432110583,4.916500091552734
289,-0.8208846061314037,0.11225020259496672,0.13975763577719771,20.284378101188736,0.12790000438690186
290,-0.8625088092507228,0.42779335556953413,-0.8978644815373624,19.230597361941754,5.643400192260742
291,-0.8014097352322321,0.11319474711784762,-0.4204484583460809,18.184071618564097,4.565400123596191
292,-0.9816568513777887,-0.23618353258801222,0.10919428566748814,17.144966129602402,4.554900169372559
293,-0.8410185020929457,-0.09380954975425847,-0.442311012058112,16.11344498185911,3.2551000118255615
294,-0.798889967758718,0.1881026252301488,0.08921548472082746,15.089671064481102,0.6233000159263611
295,-0.9268128290282615,-0.03243904373271078,-0.013042912687415208,14.073806043238022,2.181999921798706
296,-1.017232919694705,-0.20454084555062402,0.03332225680594174,13.066010334992974,1.121000051498413
297,-1.0425433579605805,-0.27299582943936,-0.2279674688399479,12.06644308237098,3.7404000759124756
298,-0.883804515633725,-0.27005069791934794,-0.3525425469836963,11.075262128628616,3.3513998985290527
299,-1.0054748965886302,-0.23622933572278537,-0.42480560445360716,10.092623992728626,1.6088999509811401
300,-0.9587927851354926,-0.4240648000668114,-0.35999819412081474,9.118683844623732,5.133299827575684
301,-1.0354247873390234,-0.4464212002212159,0.5514124279810109,8.153595480753609,0.3206999897956848
302,-1.0149204570224837,-0.6571575410457198,0.6498027330597033,7.197511299758602,2.6700000762939453
303,-1.0177259382534878,-0.7289757712708068,1.1800969214017902,6.2505822784141145,2.968100070953369
304,-1.0169284630839919,-0.6470498217415623,-0.20400346621107746,5.3129579477897835,4.380000114440918
305,-1.0290385083561875,-0.2801522216246549,-0.19890354521512596,4.384786369636721,0.17170000076293945
306,-0.8957984851851187,-0.37141495719611867,0.22169012421630008,3.4662141130068065,0.19169999659061432
307,-1.0263336267994905,-0.7724216417185591,0.6001273141832307,2.557386231107799,3.728100061416626
308,-0.9907413781993165,-0.6066962671953456,-0.018458971781755696,1.6584462383977439,1.648300051689148
309,-0.8315104027964237,-0.412114832008445,0.5504189295734966,0.7695360879222761,0.361299991607666
310,-1.0974362246069185,-0.6166550397642288,0.014670214339633813,359.89079614889874,1.0022000074386597
311,-1.1237011493888933,-0.6394902738774834,0.15364091663564172,359.02236518455027,2.2492001056671143
312,-0.9714387948338866,-0.8160211007573231,0.0890050781211553,358.1643803301932,0.6187000274658203
313,-0.9674109181269046,-0.6097298271363915,0.024254108784184648,357.3169770715821,5.183599948883057
314,-0.9647935042882144,-0.9219352610075814,0.5594391679047115,356.480289223515,1.5443999767303467
315,-1.0718577512077454,-0.6742416321554006,-0.6201244590044682,355.65444890870225,2.539099931716919
316,-0.961945542958959,-0.807313186944771,-0.272786845362704,354.839586536903,2.800299882888794
317,-0.9186224605745898,-0.663125536205467,0.5445263524545063,354.035830784332,4.451600074768066
318,-1.0224037668418118,-1.0776447235385913,0.24986324672059967,353.24330857334,3.781599998474121
319,-0.9338594132817175,-0.5501110132445235,0.34595590573712426,352.4621450523713,3.1705000400543213
320,-1.0172951615041075,-1.0417934788475443,0.14549843180633412,351.6924635762013,3.1619999408721924
321,-0.9317517293255888,-0.9577450020640265,0.8025812022653707,350.93438568645774,3.213099956512451
322,-0.9366632841285348,-1.0852032122887005,0.8118223661987617,350.1880310924271,4.838099956512451
323,-0.9124376330736486,-0.8830223975759423,0.5450258103677484,349.4535176521519,2.2146999835968018
324,-1.0341339382666477,-0.6916329230949348,-0.06592604567800807,348.7309613538191,5.389999866485596
325,-0.935987958726202,-0.8611818831626359,0.6350877100009422,348.0204762974444,4.356900215148926
326,-0.9204711468314827,-1.1990261381835832,0.32711644482481955,347.32217467685433,4.493000030517578
327,-0.9757093224355874,-0.671845332984933,0.13752275622840243,346.6361667619698,2.0153000354766846
328,-0.9480450763978654,-1.0229025344889342,0.4594602824224057,345.96256088139296,5.222499847412109
329,-1.1043216003485274,-1.126025366595511,-0.0038492475171235272,345.3014634053011,1.5430999994277954
330,-1.0762639944173078,-0.8422487274188746,0.21137000532489536,344.6529787286494,3.637500047683716
331,-1.0451054095406065,-0.9504146878485106,0.3654912110381036,344.01720925468567,3.1040000915527344
332,-0.9411719320875592,-1.106042325385753,0.8454280885335701,343.3942553787799,2.1445000171661377
333,-0.9195967545995156,-1.0932383933780359,0.42036847682302636,342.7842154725709,3.197700023651123
334,-1.021657826432091,-0.7607389904467889,0.17013492591180723,342.18718586843136,0.33709999918937683
335,-1.0056433972157242,-0.9109878049493655,0.1468459837169366,341.60326084425685,3.666800022125244
336,-0.9147370377596264,-1.0838232053428452,0.8994403449969832,341.0325326085778,2.1696999073028564
337,-0.9986542794987205,-0.7511537235599848,-0.06794893012365467,340.4750912859987,2.7720000743865967
338,-0.9434494930230196,-1.1816939697922255,0.6262612637051834,339.93102490296644,2.0434999465942383
339,-0.9107898226468448,-0.835907764498297,0.39137073987636883,339.4004193738699,5.901599884033203
340,-0.8081965056157299,-0.6559810034278372,-0.07416323166656731,338.8833584874731,3.4660000801086426
341,-0.8768028829082489,-1.2343950730742592,0.399100878704507,338.379923893684,5.944499969482422
342,-1.0258209993282699,-1.0815990936443598,0.4881410732986624,337.890195090661,2.5755999088287354
343,-0.9774745354241539,-0.8104706791470578,-0.1507823470190073,337.41424941225904,5.885900020599365
344,-1.0440667957173124,-1.3273334299924073,-0.038503260403549296,336.95216201581826,1.9753999710083008
345,-0.953828005903755,-1.369218358474224,0.6012674738234319,336.50400587029515,3.751699924468994
346,-0.9303127643278731,-1.232277007097589,0.5245521275276531,336.0698517447403,3.374799966812134
347,-0.9994183733458801,-1.1508653690366608,0.41485950806823046,335.64976819712297,4.191699981689453
348,-0.8966971073454216,-1.1679117097100753,1.2137055527298333,335.2438215635052,1.2825000286102295
349,-0.8221757647103585,-0.947495292597469,0.2396903279035545,334.8520759475662,3.0288000106811523
350,-0.96048813138177,-1.1628249524418282,0.7018451385979664,334.47459321048007,3.878999948501587
351,-0.9057378699511957,-1.117402093329669,0.20130974413170216,334.1114329611469,5.469799995422363
352,-0.9456766169891296,-0.7852922027652605,0.22197586026501817,333.7626525467799,3.949199914932251
353,-0.9574293670275874,-0.8422016518472578,0.45543831928717066,333.4283070438497,4.430200099945068
354,-0.9538834675629828,-1.01349170345405,0.7344517304934974,333.10844924938715,5.531799793243408
355,-0.9048289672716275,-0.9955050891764772,0.6729689050752903,332.80312967264587,1.777899980545044
356,-0.8907199225695752,-1.1625562404980283,0.20933609554146929,332.51239652712627,0.2632000148296356
357,-0.9019324707000117,-0.9500068256827937,0.532972361263934,332.2362957229625,4.018199920654297
358,-0.8798568165153068,-1.006445021230448,0.5622361288398725,331.97487085967214,0.006500000134110451
359,-0.8770207425414327,-1.141354517067408,0.6373926817004437,331.72816321927155,1.5098999738693237
360,-0.9136304855272137,-1.0751462190194934,0.4269697949501003,331.49621175975716,6.207600116729736
361,-1.086405087347841,-0.9592033012870479,-0.20114632577001001,331.2790531089533,2.40339994430542
362,-0.9927689726124111,-1.1526576511962026,0.43663762506451015,331.07672155872825,3.6182000637054443
363,-1.0633764579431662,-1.2479285821961572,0.8269219287877692,330.88924905957936,3.0165998935699463
364,-0.8840789534257055,-1.1275054981993837,0.6855362640302343,330.71666521558745,6.2093000411987305
365,-1.026670527138506,-0.9870135677521262,-0.4724318379010775,330.5589972797422,5.604100227355957
366,-1.0736834705969966,-0.9682451033890404,0.6813438698211329,330.41627014963836,1.7870999574661255
367,-0.9727391283263219,-1.0190577536795198,0.41395507199353987,330.28850636354434,0.16459999978542328
368,-0.9757088556904938,-0.9948966437605636,0.1612400109600615,330.17572609684305,5.1691999435424805
369,-0.9448430271509406,-0.990822703691856,0.04543261171778525,330.07794715884603,3.924299955368042
370,-0.9148695525709586,-0.96395976893642,0.4953587227972855,329.995184989981,1.0788999795913696
371,-0.8811486543843178,-1.2155372806632783,0.4967091134581434,329.92745265935395,1.6359000205993652
372,-0.9237527361500519,-1.2460299451952088,0.6149504048164677,329.8747608626849,5.138500213623047
373,-0.9016391357224749,-1.1484503678084859,0.15009132899129887,329.83711792061956,5.420400142669678
374,-0.8824074244158742,-1.1942022848586706,0.24491176321093197,329.8145297774147,6.185699939727783
375,-0.8341960131129026,-1.090803462201635,0.8639715941120084,329.807,5.171599864959717
376,-0.8497064912490097,-0.7423796881367213,0.43550735755674697,329.8145297774147,2.218600034713745
377,-0.9878776471936461,-1.3034866368517781,1.0179684616112914,329.83711792061956,1.7222000360488892
378,-0.7568319073635984,-1.2501377472512136,1.0523329023687347,329.8747608626849,4.663700103759766
379,-0.9325959574942084,-1.2263318046174956,0.8455253036464362,329.9274526593539,4.917600154876709
380,-0.9500154757173727,-1.0228602036629977,0.3770047468376155,329.995184989981,3.456899881362915
381,-0.962015426201164,-1.0252246772669864,0.33409549493758955,330.07794715884603,4.548299789428711
382,-1.0223535248212916,-1.2336257619575073,0.6442831718091269,330.17572609684305,4.471099853515625
383,-0.8404134656112962,-1.1090024036656525,0.35464107122166294,330.28850636354434,6.167399883270264
384,-1.0510954615832568,-1.058072556557144,0.44307731462415323,330.41627014963836,0.6176999807357788
385,-0.8955937112418361,-1.5093949672915838,1.1454124541587904,330.5589972797422,1.2609000205993652
386,-1.020966223079582,-1.2837343214316606,0.537566216650961,330.71666521558745,5.591100215911865
387,-0.8599849038119106,-0.8708911860295523,0.528643183464336,330.88924905957936,1.423699975013733
388,-0.8885284913069769,-1.0240962462368257,0.8899222287401449,331.07672155872825,5.258500099182129
389,-0.9707040631217455,-1.2496866392379737,0.5558260056482984,331.2790531089533,0.6830000281333923
390,-1.0092805595800207,-1.1726849114028628,0.32111949715298715,331.49621175975716,4.815999984741211
391,-0.8653489291096296,-0.6666575611655964,-0.18113489361668386,331.72816321927155,2.292099952697754
392,-0.9652385852393989,-1.477946133603461,0.11392063245909188,331.9748708596721,0.18400000035762787
393,-1.0512740107383451,-1.1180925911934003,0.48784900109332774,332.2362957229625,2.022200107574463
394,-0.946955616673339,-0.6944454459583556,0.8759964701964734,332.51239652712627,3.3738999366760254
395,-0.8073777242301323,-0.9586270965056627,1.172143888888054,332.8031296726458,6.181600093841553
396,-0.8090440655094433,-0.9541915298937637,0.9680112572034717,333.10844924938715,0.349700003862381
397,-0.9702152347567297,-1.0705235748177238,0.5219611312273775,333.4283070438497,5.6118998527526855
398,-0.996546778882479,-1.3465083080277722,-0.039315054692295785,333.7626525467799,4.340400218963623
399,-1.0376638845956125,-1.1613869395706806,0.18217329710851438,334.1114329611469,2.8777999877929688
400,-0.9976982777569211,-0.9809204208470509,0.8827978825986169,334.47459321048007,2.637500047683716
401,-0.9972196886439749,-1.055793729915842,0.7487724376709829,334.8520759475662,2.5601000785827637
402,-0.9133718905769574,-1.0811777417753294,0.3496640481631357,335.2438215635052,5.9868998527526855
403,-0.9372531656546849,-1.0964770380982005,0.9298472861071603,335.64976819712297,3.1519999504089355
404,-0.8727612355764349,-0.7373668421858471,-0.27973576917216675,336.0698517447403,4.190999984741211
405,-0.9631024692154723,-0.832728874395739,0.6906939627537955,336.50400587029515,2.8238000869750977
406,-1.0233235439767483,-0.9009930575019387,0.7083311410668343,336.9521620158182,0.2619999945163727
407,-0.937282156440527,-0.848023835658554,0.5696651023690759,337.4142494122591,6.172299861907959
408,-0.9635296442532805,-0.8270807360479577,0.2761422545322791,337.89019509066094,5.395500183105469
409,-0.8785835882317186,-1.0885971998450492,0.5898291766587882,338.379923893684,5.378499984741211
410,-0.8642709079782237,-0.9618493066796068,0.8823135890163444,338.8833584874731,5.1234002113342285
411,-1.0124598382485757,-0.8666246875506161,0.592679724210023,339.4004193738699,1.142199993133545
412,-0.9642501153394855,-1.1667874106463263,0.8423924397571199,339.9310249029664,0.8827999830245972
413,-1.0057693571970763,-1.1405334882512383,0.36567593731645026,340.4750912859987,2.8452000617980957
414,-0.9946123955653989,-0.8777468390435038,0.14473088611190407,341.0325326085778,6.004300117492676
415,-0.9217033768953149,-1.0446619257846612,0.5381051603117062,341.60326084425685,1.8187999725341797
416,-0.889024901464983,-0.8847876933243584,0.13785228150579862,342.18718586843136,6.088500022888184
417,-0.9123871972361313,-0.7727631912607389,0.686461212308556,342.78421547257085,5.631100177764893
418,-1.0653028106868183,-0.8643100193793481,-0.0176296431157043,343.39425537878,0.9236000180244446
419,-1.0291982623446894,-0.8952010374060932,0.03545421100171113,344.0172092546856,1.301300048828125
420,-1.027173964048533,-1.062890853224538,0.5237501227963254,344.6529787286494,0.7856000065803528
421,-1.1060892670622386,-1.0324859676399072,0.47995368524922394,345.30146340530104,4.700799942016602
422,-1.0256263634103924,-0.6026302835027046,0.009866081750524591,345.96256088139296,2.0264999866485596
423,-1.0550611732220738,-0.6951902156562277,0.005588232173912183,346.6361667619698,0.3255999982357025
424,-0.8431737582963457,-0.8017895887404675,0.8371238833744976,347.3221746768543,4.272500038146973
425,-0.9522291384565776,-0.5500743239212154,0.33972671588044706,348.02047629744436,3.884999990463257
426,-0.9306409199334219,-0.5864659222664224,-0.3043435854901526,348.7309613538191,5.070199966430664
427,-0.9984668979417077,-0.8923076000550074,0.09870556906722466,349.4535176521519,3.64739990234375
428,-0.9577847105897639,-0.4278469855094427,1.0780736220065863,350.1880310924271,4.259500026702881
429,-0.9403618149336783,-0.5781495672966576,0.544441158333012,350.9343856864577,6.021399974822998
430,-0.944881423377983,-0.5515227585477332,-0.09586505604701234,351.69246357620125,0.24150000512599945
431,-0.9193354183055985,-0.6982283674024061,-0.246516568649214,352.4621450523713,1.8559999465942383
432,-0.9216375666712187,-0.6535275650825999,0.580072703313494,353.24330857333996,4.951499938964844
433,-0.9688493377948902,-0.8290184843447308,0.5508992937431456,354.035830784332,4.795100212097168
434,-0.957754204312143,-0.4934996691711386,0.6654525586924923,354.839586536903,0.3312999904155731
435,-0.8688890626019772,-0.9781259881526616,-0.06070024523887128,355.65444890870225,5.603300094604492
436,-0.9373754095622314,-0.6502775918454635,0.8387371378324452,356.48028922351494,5.722899913787842
437,-0.8825748879591412,-0.7019905917024796,1.0060607611682464,357.3169770715821,0.2329999953508377
438,-0.875431319844598,-0.7119683742214864,0.45901834198451835,358.1643803301932,4.083099842071533
439,-1.0814677609087364,-0.6165212430591318,0.08361819616270269,359.0223651845502,4.091800212860107
440,-1.0474528450651688,-1.0068584716219333,-0.06407945574391188,359.8907961488988,1.4703999757766724
441,-1.008094106263082,-0.967166666846507,-0.2204027695429478,0.7695360879222477,2.7720999717712402
442,-0.9716271316576248,-0.675381666485313,0.5951299792090743,1.6584462383977154,3.4291999340057373
443,-1.0293845485302373,-0.287708033357315,-0.6573494041250204,2.557386231107799,5.283899784088135
444,-0.8647251030793267,-0.6428118926905271,1.0010739275006317,3.4662141130068065,4.61899995803833
445,-0.9115808761719962,-0.4135085107585956,0.8110784699116025,4.384786369636657,4.963200092315674
446,-1.0045651951241186,-0.13025436389900058,-0.50407881611963,5.312957947789791,5.10260009765625
447,-0.9702566659520632,0.22586092227012575,0.3860335346120883,6.250582278414051,1.0354000329971313
448,-1.1215766538066,-0.2800025244017047,-0.38073775496978507,7.197511299758538,4.760499954223633
449,-0.9460259913183305,-0.0897556983909839,-0.2522683169808858,8.153595480753651,4.770899772644043
450,-0.9729880421612984,0.006952743524236252,0.39218039266261107,9.118683844623696,1.4950000047683716
451,-1.0049791199594234,-0.16734032253229972,-0.14053148018367043,10.092623992728598,0.7408000230789185
452,-0.9421661945960158,-0.0622189833708651,-0.03147420804669324,11.075262128628616,0.11680000275373459
453,-0.8526177651421057,-0.2763751964711435,-0.5121677368590745,12.06644308237098,4.623899936676025
454,-0.8389677185731881,-0.31221503107175763,0.6458552097246989,13.06601033499291,2.8338000774383545
455,-0.9735568078351956,0.19014337369468617,-0.32667552062090915,14.073806043238065,1.5312999486923218
456,-0.9874960766311771,-0.13026237484378184,-0.28447203864041026,15.089671064481074,2.9626998901367188
457,-0.9454831201702428,0.08148938377768056,-0.2703629196834929,16.113444981859047,5.665599822998047
458,-0.8974020215964469,0.23264742405273142,-0.4731688425067643,17.14496612960238,2.11680006980896
459,-0.9173360254523588,0.08479407984697547,-0.49882582396678554,18.18407161856407,0.09679999947547913
460,-1.0188209404109894,0.29363503526424906,-0.5809484708996949,19.23059736194172,1.9263999462127686
461,-0.839463113194392,0.5235307169770996,-0.7683188460345421,20.284378101188736,0.8152999877929688
462,-0.7499943338677107,0.36728492084012,0.04158933658409637,21.34524743211059,5.02839994430542
463,-0.849015989380361,0.419960106953128,-0.6811881137720729,22.41303783114185,0.12460000067949295
464,-0.9342045227685731,0.5181096053502516,-0.4885110603075353,23.487580681800523,6.022600173950195
465,-0.8909997387980643,0.54121993925527,-0.582293016082578,24.56870630131369,4.410699844360352
466,-0.9058117735021054,0.2248043557808542,-0.28494943276833307,25.656243967413452,1.0092999935150146
467,-0.7998518071616209,0.5481680722813537,-0.45253726916754755,26.750021945295117,1.200600028038025
468,-0.8492817307570774,0.6310780794121098,-0.7198861150881464,27.849867514736516,5.742199897766113
469,-0.8742956888346425,0.20471196573847097,-0.45333324807902337,28.95560699737232,4.5954999923706055
470,-0.7444051078255081,0.6622926049999249,-0.9409953351966451,30.06706578412033,4.6890997886657715
471,-0.6599844772760344,0.7786311291441516,-1.0010108618701878,31.18406836275345,2.667799949645996
472,-0.7526744256675799,0.9091353482871037,-0.8900184516656912,32.30643834561579,5.33459997177124
473,-0.8835158002667545,0.8288038542677958,-1.2210173389321142,33.43399849747638,1.4668999910354614
474,-0.8606264730006391,0.6649299100623749,-1.2972116451074542,34.56657076351583,2.5857999324798584
475,-0.7053657620169276,0.8793168969815953,-1.2543962711757763,35.70397629744438,3.5552000999450684
476,-0.7144759050046083,0.9398780476029498,-0.8126376079401696,36.8460354897429,2.6545000076293945
477,-0.7369880251997863,0.8085446175784812,-1.5998211157279236,37.992567996025784,1.9714000225067139
478,-0.6553635536020342,0.9422833166780265,-1.1419205070232519,39.14339276551918,2.3859000205993652
479,-0.731809738805007,1.2282778038507807,-1.8570370242544596,40.29832806965142,0.24809999763965607
480,-0.7092506189546045,1.1209483698250202,-1.5258038695820828,41.45719153074924,2.0655999183654785
481,-0.7177546775643351,0.9408411955071369,-1.3114904867942931,42.61980015083841,3.414599895477295
482,-0.7361081148980392,0.9424010733108914,-2.008554291427953,43.785970340540416,4.469399929046631
483,-0.6359874747229054,1.0813390602370168,-1.5527697278131785,44.955517948063395,2.4249000549316406
484,-0.6884237037275873,1.2987310536684986,-1.509280408820817,46.12825828828254,0.8661999702453613
485,-0.5515206576315809,1.1466921064287399,-1.6853720158607406,47.3040061719032,0.22689999639987946
486,-0.3973157687878892,1.1945168338071486,-1.6831983655049128,48.482575934704855,1.9074000120162964
487,-0.5661664228921034,1.2325509960067917,-1.2900225298095724,49.663781466859476,3.4351999759674072
488,-0.6484077318120993,1.395110671497682,-1.684105198758502,50.847436242320796,2.573199987411499
489,-0.6564827738272111,1.6378235305742748,-2.1268354262273377,52.03335334827808,2.775099992752075
490,-0.4925453039000284,1.2918260289567614,-1.798272630594161,53.22134551467296,3.4932000637054443
491,-0.5320471771515796,1.6794832608009982,-1.9015746356689134,54.411225143770736,2.0004000663757324
492,-0.27227617323091846,1.5988404332144306,-0.7838641364367579,55.60280433978418,4.406599998474121
493,-0.400857207887734,1.2410324104750765,-1.3137812351570395,56.795894938545274,0.5960999727249146
494,-0.45214035920800755,1.4121437960253382,-1.5507674342769422,57.99030853721764,3.1512999534606934
495,-0.30809015666536305,1.5833439255637058,-1.3054578647463062,59.18585652404799,3.467600107192993
496,-0.33679586974781955,1.6499517486194366,-2.1935650688761674,60.38235010814986,2.1240999698638916
497,-0.39816887938390644,1.0370043604059973,-0.515630321360946,61.579600349316394,4.411300182342529
498,-0.3699509642653056,1.4708117914729495,-1.0764879656551793,62.7774181878552,1.1023999452590942
499,-0.4102299809192611,1.4717620911763458,-1.15247427881075,63.975614474444285,1.3206000328063965
500,-0.29553933958498463,1.6343965827042828,-0.7899862868475267,65.17399999999998,5.996399879455566
501,-0.4303853802029344,1.5877859086494055,-0.8886853848124684,66.37238552555569,1.2585999965667725
502,-0.29309244690257247,1.84855195221469,-1.0694625618025602,67.57058181214477,3.933199882507324
503,-0.22775173939843155,1.7758512801706847,-0.46546523093690634,68.76839965068366,4.515999794006348
504,-0.3932896654435777,1.662167007567524,-1.0125124698410168,69.9656498918501,3.9681999683380127
505,-0.30354198399153,1.31443905834559,-0.06716340463761408,71.16214347595198,6.131100177764893
506,-0.250757940279765,1.8025449708909906,-0.3947180489045516,72.3576914627824,1.7555999755859375
507,-0.09616534200065645,1.26670800015641,-0.5253243727176099,73.5521050614547,5.143199920654297
508,-0.11985747948127017,1.749399430595157,0.09942488816845227,74.74519566021578,2.544100046157837
509,-0.12407884360008459,1.7530532793671383,-0.07613305929386333,75.93677485622932,1.2487000226974487
510,0.083385272263923,1.881998445154948,0.3518095538026869,77.12665448532701,1.256600022315979
511,-0.054762101824163356,1.7761207397375387,-0.4977108447320118,78.3146466517218,1.1725000143051147
512,-0.06228968085089505,1.8406731585377443,-0.4104853323952015,79.50056375767926,2.7325000762939453
513,-0.12510374348369196,1.6916259174407522,0.1724117561135535,80.6842185331405,2.6598000526428223
514,0.027130335992724762,2.059822349237426,0.5952474639058705,81.8654240652951,3.9755001068115234
515,0.09020315114052119,1.8871766002710275,-0.07503163199525306,83.04399382809686,0.02710000053048134
516,0.14767197731988288,1.6546117500491815,0.311151381667753,84.21974171171743,4.249499797821045
517,0.09979498950458984,1.8116903715051849,0.9022204538931877,85.39248205193657,2.163800001144409
518,0.19280882142033737,1.8963693516274234,0.6517147999629536,86.56202965945963,2.805799961090088
519,0.19118869546461975,1.7520786022497055,0.7315112786455773,87.72819984916156,0.2727000117301941
520,0.3733033523985133,1.8394709543933803,0.3132992163851647,88.89080846925064,1.3006000518798828
521,0.19284078897118256,1.5993484127321453,0.9181482708421173,90.04967193034862,4.701200008392334
522,0.26628798729517084,1.7432440655413728,1.0763387999339058,91.2046072344807,0.6004999876022339
523,0.25840178677791514,1.8524517039334576,1.3519461377835262,92.35543200397417,1.4141000509262085
524,0.25804412777830393,1.6214924143173899,1.1681752662104528,93.50196451025715,1.9767999649047852
525,0.4369034898682088,1.527421908136219,1.5991123190384897,94.6440237025556,1.5372999906539917
526,0.4230340182680536,1.3385364193644416,0.699524763758247,95.78142923648414,5.645500183105469
527,0.4382075705771448,1.283881998681321,1.1284447318667954,96.91400150252367,5.135799884796143
528,0.49885745203577225,1.4202743707901082,1.1786692681318507,98.04156165438418,2.512399911880493
529,0.3423635616900143,1.2604096261065487,1.6553888799442695,99.16393163724652,1.6475000381469727
530,0.5851725029794457,1.2561618347697385,1.2821477532374066,100.28093421587971,3.697999954223633
531,0.5189886638210819,1.51592867621688,1.4522004486453837,101.39239300262756,0.8345000147819519
532,0.5761472578222742,0.850259045931919,1.344463555156094,102.49813248526345,5.700799942016602
533,0.636133969431757,1.6152714828781558,1.7076143230203915,103.59797805470485,4.486000061035156
534,0.5282934151861371,1.2677947979454474,1.531300034467607,104.69175603258651,4.433300018310547
535,0.6699607693645263,1.4067283546858944,0.8084162330113243,105.77929369868627,1.7553999423980713
536,0.8184157600108871,1.1956445534641047,2.127443067847945,106.86041931819953,0.8532000184059143
537,0.6936346119131516,1.3045896128969883,1.938471092537592,107.93496216885812,5.424300193786621
538,0.7382369551314266,1.098901092212662,1.5705641374968882,109.00275256788939,2.608599901199341
539,0.6437157896965264,1.4499150311182607,1.4428358561463754,110.0636218988113,2.606300115585327
540,0.8004257978724203,0.9713048423966122,2.473607237807345,111.11740263805825,0.8016999959945679
541,0.6473846840289835,0.8187002290814406,1.9863788780907734,112.16392838143591,2.8231000900268555
542,0.7958735094782939,0.8243664457551043,1.0102423112722723,113.2030338703976,1.0462000370025635
543,0.7654892677504804,1.143385720161384,1.540303179217721,114.23455501814092,5.990900039672852
544,0.7921825402438659,0.7406896541788688,1.8176937241089137,115.2583289355189,2.1891000270843506
545,0.9303098143665335,0.7027252212531644,1.8882694778914704,116.27419395676199,1.8902000188827515
546,0.9629731567156056,0.9611938590415213,2.4305543455674705,117.28198966500706,1.329300045967102
547,0.8737473899086616,0.5178355592447466,1.9250304711373596,118.28155691762899,1.7175999879837036
548,0.9655261103757644,0.8600426845796306,2.0039170193561295,119.27273787137143,1.645799994468689
549,0.9282277145471006,0.5655070487048395,1.8828481267314192,120.25537600727137,4.9807000160217285
550,0.9463977654696099,1.0013637803378344,1.957730655393306,121.22931615537627,4.0543999671936035
551,1.0947327692113686,0.40819797396349256,1.7690019326334865,122.1944045192464,4.093500137329102
552,1.0869046253609478,-0.03456193187385484,1.6109952499428983,123.15048870024144,0.5070000290870667
553,1.1531694217282993,0.218903124441644,1.5658260400563633,124.09741772158586,4.254300117492676
554,1.040253253987699,0.3645696212287253,0.9235391660592627,125.03504205221026,0.4945000112056732
555,1.180499372291087,0.27521139801405264,1.1561093548001853,125.96321363036331,1.4185999631881714
556,1.1242610054504778,0.3986131087088835,0.614741902717021,126.88178588699316,1.5276999473571777
557,0.9130186746380446,0.191858771876013,0.7138577106086599,127.79061376889223,3.0053000450134277
558,1.0343926500479532,0.07683843453644323,0.7885965421404879,128.68955376160227,0.6554999947547913
559,1.2916864495831395,0.18394050580469035,1.1608951241681897,129.57846391207772,2.224299907684326
560,1.137312209431192,0.3597322349030965,0.4863339009375623,130.45720385110127,0.04270000010728836
561,1.024668127436221,-0.17299967409707995,0.5530036919940028,131.32563481544977,6.235799789428711
562,1.121739990191178,-0.3094215158153487,0.2441954897761004,132.1836196698068,2.3557000160217285
563,1.119068905387773,-0.20598002685966407,0.13939605740704605,133.03102292841794,6.232100009918213
564,1.3918717770688032,-0.12540601032907367,0.17690801855857988,133.86771077648498,1.2336000204086304
565,1.3467119480665053,-0.12449043623352309,0.39669607922543826,134.69355109129773,2.1547000408172607
566,1.1900429630758256,-0.14428580800938798,0.7406506266002566,135.508413463097,5.5817999839782715
567,1.3712956391108613,-0.29941380382758825,-0.5739470793463537,136.31216921566798,0.34150001406669617
568,1.2407570560601182,-0.48604127485803644,-0.31554104496816987,137.10469142666,5.025100231170654
569,1.2786390962042842,-0.4207401167918857,0.4011803153919018,137.88585494762876,1.1377999782562256
570,1.2403468916755054,-0.49890386892478644,-1.201141329604997,138.6555364237987,4.887899875640869
571,1.329353351543315,0.013857545112928752,-0.16357084900156085,139.4136143135423,5.348700046539307
572,1.3534373695946464,-0.43277097548757704,-0.108235110278963,140.15996890757296,4.444900035858154
573,1.1831055755890076,-0.6284152168262528,-1.306427631601246,140.8944823478481,1.2062000036239624
574,1.4124445899663758,-0.3138002598818953,-1.341715138566674,141.61703864618087,5.913899898529053
575,1.3701549941762394,-0.6051453938049356,-0.1493783393928139,142.3275237025556,5.065000057220459
576,1.366233761792158,-0.3916933350033306,-0.12767062179219935,143.02582532314568,3.7111001014709473
577,1.344467263393296,-1.008156159688639,-0.8954647972186613,143.71183323803024,2.7985999584198
578,1.2120599091501645,-0.6678291764999946,-0.9227246902804701,144.38543911860708,5.7769999504089355
579,1.4061522350046725,-0.3822878145030198,-1.6223067650351763,145.04653659469895,5.2164998054504395
580,1.5302222941599164,-0.7849492747774285,-0.02980604427481596,145.69502127135064,3.4885001182556152
581,1.4099800199125054,-1.0014090848476191,-0.4156252037184687,146.3307907453144,3.9228999614715576
582,1.3878857223359078,-0.22563555733968257,-1.068715842135549,146.95374462122004,2.023200035095215
583,1.2085258523268103,-0.8119884745979927,-1.0336862873982775,147.5637845274291,2.3234000205993652
584,1.4271278153048401,-0.3397490519618816,-1.0047602688459438,148.16081413156866,0.019099999219179153
585,1.4916752717605475,-0.9464924822044212,-0.7812350309912456,148.74473915574316,6.192800045013428
586,1.2286388108000525,-0.675191468876796,-1.6411131429774877,149.31546739142215,0.4097999930381775
587,1.480707505764428,-1.1982198887880833,-1.2395197637306992,149.8729087140013,0.147599995136261
588,1.4551419794983786,-1.3062640678489326,-0.8083489912083237,150.4169750970336,3.442199945449829
589,1.4065020681375728,-1.03337689155042,-1.4911511375185298,150.9475806261301,5.766300201416016
590,1.4710702010385153,-1.0707354478713007,-1.4083945700731904,151.4646415125269,3.084399938583374
591,1.4946192997306493,-0.6651445790780977,-1.094644040739151,151.96807610631598,5.093900203704834
592,1.4220625378157576,-1.1423768194811033,-1.498927758315172,152.45780490933905,5.091899871826172
593,1.5859200581363444,-0.8671004702902214,-0.8751632537273243,152.93375058774097,3.3973000049591064
594,1.418676378587975,-0.7011283164847693,-1.262130909645094,153.39583798418175,1.7639000415802002
595,1.4284281412430901,-0.6418785403668386,-0.8239268990672278,153.84399412970487,4.298799991607666
596,1.3651739750599596,-0.8042839277832828,-0.9396918449016871,154.27814825525974,2.639899969100952
597,1.4158541161229932,-1.0290252502576944,0.07418586791990656,154.698231802877,4.59630012512207
598,1.4273406226650462,-0.8853329771369459,-1.2380596728479691,155.1041784364948,4.55019998550415
599,1.5457360919558023,-0.955787909656264,-0.7261351995198561,155.4959240524338,3.6763999462127686
600,1.297720694652459,-0.8412156773664339,-0.5373705022910157,155.87340678951992,5.613800048828125
601,1.3640409837425826,-0.8365103591164872,-0.9412541951897954,156.2365670388531,3.137700080871582
602,1.4127294435757287,-0.909871327780529,-0.8744471142277077,156.5853474532201,1.0805000066757202
603,1.3642788741744383,-0.7364027117210482,-1.07827654626562,156.91969295615027,0.4693000018596649
604,1.4536435820962605,-1.0950522059078804,-0.42868952928825776,157.2395507506128,4.394700050354004
605,1.4181761961398351,-0.8261473970508549,-0.7852096970988559,157.54487032735418,2.6401000022888184
606,1.542781782653067,-0.8644468692283322,-0.8030545693058818,157.8356034728737,3.5046000480651855
607,1.4251725172603507,-0.9686821404840235,-1.0357052018279713,158.11170427703752,2.4123001098632812
608,1.3242420138316773,-0.6522679455847187,-1.029286532489646,158.3731291403279,2.108099937438965
609,1.4685906559046198,-1.0722718852534807,-0.2397320486206042,158.61983678072846,3.737600088119507
610,1.5578009350361786,-1.0130719685421234,-0.0007180619276183868,158.85178824024285,1.3968000411987305
611,1.4885793647660441,-0.7739460150536972,-0.3367633472331769,159.06894689104672,3.7527999877929688
612,1.4471379085730052,-0.610080130707208,-0.2906232649054656,159.27127844127176,5.684299945831299
613,1.4482628211632889,-1.404342530243401,-0.034596906153726244,159.45875094042066,4.595900058746338
614,1.4727315319294754,-1.0511701175399413,0.06461987315028926,159.63133478441256,5.8933000564575195
615,1.512688050173478,-0.785447904764982,-0.4045763958783999,159.78900272025783,5.305099964141846
616,1.3607064156115762,-0.6240994364036867,-1.2851836181878509,159.93172985036165,3.3524999618530273
617,1.56523384044633,-0.8859726724305051,-0.19384277988601326,160.05949363645567,6.208799839019775
618,1.4371674389141829,-0.5692306732315044,-0.8514852524629166,160.17227390315696,1.1812000274658203
619,1.4454241796266645,-0.7756029362140163,-0.1314193491376426,160.27005284115398,0.09920000284910202
620,1.5493236998076159,-0.6882283390016705,-1.438059017668028,160.352815010019,4.104300022125244
621,1.3883287452854631,-0.5544379168564196,-0.833841415731239,160.42054734064607,0.75
622,1.5115735802819628,-0.6297982650832861,-0.7222861372608693,160.4732391373151,5.074100017547607
623,1.5551182657340659,-0.8217829840029507,-1.679874400018995,160.51088207938048,3.2718000411987305
624,1.580053900581163,-0.8259701260829563,-0.4648660915143385,160.53347022258532,4.479599952697754
625,1.5042632908363986,-0.776534626982948,-0.6769833867121043,160.541,4.5991997718811035
626,1.612814659361772,-0.7511348154686915,-0.49389691494339266,160.53347022258532,6.228700160980225
627,1.4633090406402487,-1.001658090095408,-0.9150552833112602,160.51088207938048,0.9132999777793884
628,1.3271631911978234,-0.7325914428063268,-0.5429375423311809,160.4732391373151,0.6225000023841858
629,1.3302187909889187,-1.0074159296842178,-0.332301689747902,160.42054734064607,5.08620023727417
630,1.4345134143247464,-1.1158428270538823,-0.2753359718157474,160.352815010019,3.6098999977111816
631,1.6311428257115785,-0.4872714672988585,0.07148778111250999,160.27005284115398,5.433700084686279
632,1.5788478026851707,-0.8885363086907455,-0.2784822287587601,160.17227390315693,4.671599864959717
633,1.427442443586299,-0.8097089859519249,-0.8602974072064316,160.05949363645567,0.6743999719619751
634,1.530021475119571,-0.8045957960934824,-0.5489701612471376,159.93172985036165,3.1136999130249023
635,1.4770562584797802,-1.3075219209613975,-0.6243549201891576,159.78900272025783,4.051400184631348
636,1.4487545937193604,-0.6225647151672321,-0.10759188107960937,159.63133478441256,0.6764000058174133
637,1.4752734011626163,-1.2355122760677215,-1.2233694944002957,159.45875094042066,5.82480001449585
638,1.5392783034984234,-1.001981277620478,-0.856523116363727,159.27127844127176,5.300099849700928
639,1.5978867166793917,-0.8793297588220981,0.5946557668216544,159.06894689104675,0.5152000188827515
640,1.3847651151571359,-1.175322950211199,-0.41127747294990913,158.85178824024285,2.271199941635132
641,1.6781113982460556,-1.0302931142526146,-0.847251855978471,158.6198367807285,0.6420000195503235
642,1.5337133579046347,-0.6760329508268323,-0.6020341332906016,158.37312914032793,5.085999965667725
643,1.439781148062124,-1.225278703662614,-0.47116123053347464,158.11170427703752,2.6939001083374023
644,1.6103190174812592,-0.9310574274976262,-0.12379658969171654,157.83560347287374,3.1819000244140625
645,1.5111286736687701,-0.613301637303738,-0.8525972887375264,157.54487032735418,3.4820001125335693
646,1.423670973008019,-0.576656448395459,-0.5775237425068017,157.23955075061286,5.460899829864502
647,1.5037727562131287,-0.7777925100180093,-0.7704380330347229,156.91969295615024,5.882299900054932
648,1.3048028231480684,-0.9106601206587239,-0.5107829990090376,156.5853474532201,3.386399984359741
649,1.530990288179056,-0.8277271265081297,-0.5975789670234783,156.23656703885308,3.47379994392395
650,1.3999071799108238,-0.993272490839666,-0.618471495588691,155.87340678951995,3.0541999340057373
651,1.604007458455298,-0.7837361705395405,-1.2656028517887772,155.49592405243382,0.15109999477863312
652,1.4210525804786363,-1.1582150923240166,-0.42469483282323,155.1041784364948,1.9627000093460083
653,1.4857094497765975,-0.884015068638021,-2.393534834999017,154.698231802877,0.4341999888420105
654,1.4534191589846248,-1.2083414602211833,-0.8670322942462085,154.27814825525974,0.7742999792098999
655,1.6224025499657169,-0.8926482937978415,-0.9252043994886365,153.84399412970492,5.84119987487793
656,1.4018986717466897,-1.0259536944163223,-0.7625557013048041,153.3958379841818,1.8909000158309937
657,1.580427941112966,-0.8879027715057449,-0.26279671383769804,152.93375058774097,5.206399917602539
658,1.509166234864388,-0.7969784538695464,-1.1420807802609458,152.45780490933902,5.904900074005127
659,1.405881779249514,-0.8495756354930742,-0.3732230961406218,151.968076106316,6.093299865722656
660,1.3110235752188728,-0.9163903333933288,-0.5602747901707106,151.46464151252695,1.5134999752044678
661,1.4409886831737224,-0.529787029112072,-1.4321676613935188,150.9475806261301,0.9954000115394592
662,1.396157050951085,-0.9224798877984873,-1.2766116828988552,150.41697509703363,2.3236000537872314
663,1.4482554177811942,-1.1040534824081571,-1.5187006544393562,149.87290871400137,2.9725000858306885
664,1.3585245780084738,-0.7971654436472727,0.1509699365881401,149.31546739142215,2.1691999435424805
665,1.4570496630286784,-0.7700107909442595,-1.002976407108885,148.74473915574313,2.0195000171661377
666,1.4489074146975998,-1.12351811508333,-1.9602642553442016,148.16081413156869,2.9286000728607178
667,1.3397867430908517,-0.8231407864153789,-1.044767094536517,147.5637845274292,4.425600051879883
668,1.4626044438002015,-0.7599858279885371,-0.34278521211136137,146.95374462122004,6.047299861907959
669,1.4560077522983352,-0.424674258386145,-1.1633706386267013,146.33079074531446,1.7039999961853027
670,1.4492263941629022,-0.9870833612031145,-0.6885325275747662,145.6950212713507,4.289299964904785
671,1.3031929699436713,-1.0850614138293202,-1.4558691403198047,145.04653659469898,3.198899984359741
672,1.3012548047966717,-0.41739535017566803,-1.0551109247140886,144.38543911860705,4.437099933624268
673,1.2900513360678802,-1.0558555456706935,-0.7595524075664145,143.7118332380303,4.825399875640869
674,1.2538201252051056,-0.8164434952410129,-0.5291765874760451,143.02582532314577,2.5085999965667725
675,1.1872324358874808,-0.6121673522390171,-0.5956971578944915,142.32752370255565,3.585200071334839
676,1.3444418720413738,-0.6726917030778877,-0.49629099347910777,141.61703864618084,5.1570000648498535
677,1.1768715910569147,-0.6922844945525867,-0.5878597614379268,140.8944823478481,5.741499900817871
678,1.4793797747255217,-0.5897274324275522,-0.6486565705295235,140.159968907573,0.8953999876976013
679,1.316353940133432,-0.3529020667701956,-0.11847009339616307,139.41361431354233,5.894999980926514
680,1.2636722058862395,-0.20410663431427387,-0.15740867279515436,138.65553642379876,0.06239999830722809
681,1.2321354515246583,-0.4687572144865379,-0.3579764354784705,137.88585494762884,2.0789999961853027
682,1.2479418847219657,-0.2291884607727678,0.7506826174995458,137.10469142666005,4.592800140380859
683,1.3138249194742768,-0.2474460303017287,0.3526242823571434,136.31216921566795,6.265500068664551
684,1.2350451086224978,-0.4217428249407053,-0.02748805872796196,135.50841346309699,2.561800003051758
685,1.1912151484176934,-0.1720640483826348,0.83279825985951,134.69355109129782,5.957300186157227
686,1.2762885996982154,-0.2978677537263891,0.8477972191522208,133.867710776485,5.848199844360352
687,1.1587154085453657,0.01923294783649636,0.5572150598928234,133.031022928418,0.5637000203132629
688,1.0677906812605773,0.0318368631925241,0.33460909873587935,132.18361966980683,6.072500228881836
689,0.9495157077004758,-0.11923249284963153,0.6313781605192271,131.3256348154498,5.665299892425537
690,1.0650224772087047,0.5344943827159461,0.4534060163031824,130.45720385110124,1.1813000440597534
691,1.1258948930276336,-0.09378448565586968,0.8647829308759124,129.57846391207778,0.3752000033855438
692,1.2075048125057157,0.3731589656832111,1.0232639733771351,128.68955376160238,2.0611000061035156
693,1.0565071616367283,0.020254844252909906,1.2579875220577077,127.79061376889234,3.942699909210205
694,1.0470592434858306,0.02894074514561272,2.250577958056321,126.88178588699314,3.882200002670288
695,1.0909610592904186,0.213675773228632,1.1620910711320542,125.9632136303633,4.485099792480469
696,1.1137198139049864,0.6650255553686832,0.934760798096782,125.03504205221029,5.775400161743164
697,0.8197459549856355,0.228335808524514,1.2381103727238367,124.09741772158591,4.677499771118164
698,1.018468689401156,0.32890887414385545,1.3349144102613433,123.15048870024148,1.3253999948501587
699,1.0223903947348147,0.4542463236742082,2.2317838195346518,122.19440451924652,2.078200101852417
700,0.8598420501915272,0.707633841595761,1.8373801060674422,121.22931615537632,4.867000102996826
701,0.9520082279650444,0.811856070367628,3.1208162689325794,120.25537600727135,6.1168999671936035
702,0.7219677436398929,0.738443184887209,2.269374781473288,119.27273787137142,4.899799823760986
703,0.73145363556881,0.4627432797451033,1.970704414445234,118.2815569176291,5.891900062561035
704,0.880414486037442,0.9254888212315808,2.2368672831934893,117.28198966500719,0.6883999705314636
705,0.8601001487205533,0.6122748295182583,2.9536491914258214,116.27419395676203,5.69379997253418
706,0.6038773294522273,0.7500645294029326,1.5665095997053688,115.25832893551888,0.5860000252723694
707,0.7761509772893816,0.6966421547953213,2.889634411647663,114.23455501814098,3.5685999393463135
708,0.7804542261610273,0.8343488871359578,2.4699290487406262,113.20303387039758,1.1893999576568604
709,0.6849231552504594,1.0713011084358661,1.7632465289269572,112.16392838143595,5.554100036621094
710,0.7786196186990367,1.3404568458389383,2.246013166061907,111.11740263805838,4.608099937438965
711,0.7991109246557485,0.9160461457344545,2.1591136824385027,110.06362189881143,3.300299882888794
712,0.5645363922670259,1.0697345005997114,1.9845984999323474,109.00275256788936,1.4918999671936035
713,0.5707646138347373,0.8943960584173085,1.6781371230733793,107.9349621688581,2.848900079727173
714,0.6558382991023625,1.2022573053884413,1.2491231039238155,106.86041931819958,5.189799785614014
715,0.47257090123844575,0.9829938922517597,1.6246303055885363,105.77929369868626,0.597599983215332
716,0.5600792889840333,1.3099267040661724,1.1648972705117129,104.69175603258657,6.042200088500977
717,0.42045296167966173,1.1561307614471465,1.0126933503284807,103.59797805470498,2.4089999198913574
718,0.3973447908383253,1.0478519036644753,0.6980492065157679,102.49813248526351,4.755000114440918
719,0.6099952249568431,1.2771117219805421,0.6009475880830953,101.39239300262754,5.543600082397461
720,0.43063229618391063,1.327949287131397,0.6209447425286354,100.28093421587968,0.15649999678134918
721,0.5571137973499524,1.452958034964054,0.9237041213733771,99.16393163724666,0.29269999265670776
722,0.37153425266773554,1.462980726850941,0.711012278297998,98.04156165438431,4.764900207519531
723,0.4469534447531295,1.5617319720965293,0.8090731346727197,96.91400150252372,4.126299858093262
724,0.2852162822642824,1.6485818866221424,0.9431301532368943,95.78142923648412,4.297699928283691
725,0.2971636201759671,1.446779259069482,0.8255028145934118,94.64402370255566,0.10339999943971634
726,0.3172745349915765,1.649491904221276,0.8468483342636085,93.50196451025704,5.251999855041504
727,0.15873214306368236,1.7612566891512165,0.05405465788445647,92.35543200397424,6.020299911499023
728,0.3292193573661201,1.7406226360233485,0.636334381758774,91.20460723448085,5.798799991607666
729,0.17602484096304333,1.6749089712141083,0.4766658426542715,90.04967193034877,0.19460000097751617
730,0.01376216050467139,1.6805132510565195,0.5182992390206635,88.89080846925062,0.4189999997615814
731,0.16155081263982096,1.7302401815147939,0.9583541360091276,87.72819984916154,1.3265000581741333
732,0.1726684464406285,1.6610066806069697,0.9311185647142258,86.56202965945968,5.6743998527526855
733,0.027010376077837572,1.4916073257044107,1.021319904755618,85.39248205193671,0.8736000061035156
734,0.0784909290361348,1.5185316381844955,0.6975576094098663,84.21974171171749,5.733099937438965
735,0.04530416236219875,1.6872923765951002,0.5435310323182632,83.04399382809692,3.531599998474121
736,-0.0126220071840253,1.636312669747451,0.9161176051956679,81.86542406529517,0.3880999982357025
737,0.018757326304091177,1.6686275109042863,0.26404927055720423,80.68421853314038,6.189899921417236
738,-0.04564011173388269,1.6296308023241637,0.5478146219991532,79.50056375767923,3.6242001056671143
739,-0.036458194923995435,2.014599057510018,0.5796474872111123,78.31464665172194,3.980299949645996
740,-0.19990154535867366,1.4893526956864684,-0.08769592438246844,77.12665448532715,4.56879997253418
741,-0.07492834741793347,1.692858774342059,-0.5906053209466386,75.93677485622938,5.7733001708984375
742,-0.27345364012323425,1.737230461603604,-0.009932331628141161,74.74519566021576,1.219499945640564
743,-0.2722450858615782,1.3541847262860707,-0.18607303408845993,73.55210506145475,2.243000030517578
744,-0.2906931752663896,1.605852525199687,-0.6449809837116018,72.35769146278247,0.6712999939918518
745,-0.3697613339265326,1.4743154139484647,-1.3141759843434702,71.16214347595204,5.070000171661377
746,-0.425712594677133,1.5395117884186584,-1.7921894466102792,69.96564989185016,2.365999937057495
747,-0.3237652279606898,1.3943916081881174,-0.5235625484100547,68.7683996506838,5.414899826049805
748,-0.3458911980655179,1.1938014104443497,-1.2448266839977653,67.57058181214465,5.8140997886657715
749,-0.3429769017099777,1.4423212685560745,-0.970518777738091,66.37238552555566,0.8259000182151794
750,-0.45702676908337886,1.3548303338896017,-1.7160742042024861,65.17400000000004,0.531000018119812
751,-0.3532634097487553,1.410516606939167,-1.1717901739961403,63.97561447444443,3.396899938583374
752,-0.4489210683640164,1.35347568705215,-1.634747028642336,62.777418187855254,4.991000175476074
753,-0.45368438014526197,1.2942236392854025,-1.2003575257055759,61.57960034931645,4.185800075531006
754,-0.4172972148543309,1.2121468000076883,-1.6352190866523042,60.38235010814992,4.858799934387207
755,-0.4685627949360669,1.0102744148197962,-1.749123158200821,59.18585652404805,1.3859000205993652
756,-0.4486757416015175,1.0975963045183634,-1.2787393510971454,57.99030853721762,0.6467999815940857
757,-0.5583527095038798,1.624249568647011,-2.1075372026432366,56.79589493854533,0.36390000581741333
758,-0.47839181128042724,1.6301134409322615,-1.5116098643341727,55.60280433978432,1.798699975013733
759,-0.47456495336975163,1.4732996507118519,-1.6224609182752818,54.41122514377071,2.9293999671936035
760,-0.6174388044587646,1.3417318558060582,-2.253776887961418,53.22134551467294,5.294400215148926
761,-0.6343120550394434,1.3469684327812403,-2.2681907532571324,52.03335334827814,4.132400035858154
762,-0.6137003965441457,1.1124895453090224,-2.0140828893353455,50.84743624232085,1.8841999769210815
763,-0.5902133113293859,1.4650664698403184,-1.672661332647059,49.66378146685953,6.19789981842041
764,-0.7581017040870802,1.0306589197434757,-1.7730497597030017,48.48257593470492,1.6162999868392944
765,-0.6360888026745559,1.0622208400436293,-0.9836106672289864,47.30400617190334,2.4728000164031982
766,-0.5969415937777468,1.0385703202646077,-1.3324698129843482,46.128258288282595,5.301300048828125
767,-0.6382696515031122,0.9595716763559919,-1.1591719379456729,44.955517948063374,0.15530000627040863
768,-0.8132295048702348,1.0853487577458927,-1.1639083082054849,43.78597034054039,0.6315000057220459
769,-0.7088634552221751,0.9611214290480399,-1.402432702228443,42.61980015083854,5.532899856567383
770,-0.7087791477256653,0.7082703997004506,-1.1851660098880292,41.4571915307493,5.0218000411987305
771,-0.6698579818483374,0.808854308454529,-1.0273991143391774,40.298328069651475,1.0492000579833984
772,-0.6673637023072694,1.018915282963565,-1.133890314720132,39.14339276551923,4.17110013961792
773,-0.7799943148140857,0.7039020940884521,-1.1407238874336731,37.99256799602585,1.183899998664856
774,-0.8028181644294785,0.7626548690490562,-1.3176096427369857,36.846035489742874,4.212399959564209
775,-0.778236810094316,0.6827329386271346,-0.3161415544539683,35.70397629744443,3.801800012588501
776,-0.8555757404029236,0.9533343581681419,-1.4532596625461358,34.56657076351597,4.632199764251709
777,-0.7231951524406882,0.71139058912332,-1.4757750478752971,33.433998497476516,1.69350004196167
778,-0.8104865433450422,0.38090378479945053,-0.9011515632161069,32.30643834561576,2.727299928665161
779,-0.8712752043156928,0.6707422765468434,-0.6342650766655364,31.184068362753422,3.421799898147583
780,-0.7706545570736201,0.4597496116968632,-0.25089462199874923,30.067065784120388,5.351600170135498
781,-0.8762573905847093,0.5838152497884379,-0.4751761825327766,28.955606997372378,0.8359000086784363
782,-0.8360067165748261,0.47292151024293444,-0.489283352238059,27.849867514736566,1.5887000560760498
783,-0.9313415188918286,0.3932863347043887,-0.5530701816063869,26.750021945295252,0.8985999822616577
784,-1.0139178803896454,0.3092997712869506,-0.8581004164030829,25.656243967413502,0.40790000557899475
785,-0.7756530438272423,0.22330408591435472,-0.5473977476265807,24.56870630131366,5.454500198364258
786,-0.9300001986320731,-0.02246009607809776,-0.20015213963259912,23.487580681800495,3.1977999210357666
787,-0.9015574828283034,0.2169941711292838,-0.3444188281045807,22.413037831141978,3.6963000297546387
788,-0.827360510969142,0.10679397327111244,0.16865715618008903,21.345247432110718,1.1019999980926514
789,-0.8434488487637771,0.4438778570434861,-0.6546067130282953,20.284378101188793,0.9810000061988831
790,-0.9632490221782272,0.2690917028198093,-0.7384792510588196,19.230597361941697,0.31779998540878296
791,-0.9396605502477335,-0.09043372354386436,-0.5822780706629133,18.18407161856412,3.354599952697754
792,-1.0128415229214165,-0.043852042655936375,-0.16649364435907496,17.144966129602352,1.2582000494003296
793,-0.9813340574406872,0.12617792556160556,-0.5337122389393517,16.113444981859104,0.8184000253677368
794,-0.7947202454344591,-0.1914455382818352,0.5371710481056686,15.089671064481202,5.381999969482422
795,-1.0375224797794933,-0.02467398235085747,-0.9497354545819539,14.073806043238179,0.7566999793052673
796,-0.9754103631752888,-0.47517645376561046,0.05457313756984399,13.066010334992889,4.865900039672852
797,-0.991867939411445,-0.46359298799468757,-0.3417839960713212,12.06644308237096,5.8242998123168945
798,-1.0389471310030836,-0.4713942809637612,0.577013039071195,11.075262128628665,1.0807000398635864
799,-0.9648614940869967,-0.07322672210812727,-0.5921036639408541,10.092623992728726,2.691499948501587
800,-0.9232968248194302,-0.5284494711341425,0.26450096738918105,9.118683844623753,1.478700041770935
801,-1.165113207376892,-0.3620109634089313,-0.12301381850924142,8.153595480753694,5.489799976348877
802,-0.9828151512190532,-0.23047593245972137,0.10248005313573164,7.197511299758581,1.5616999864578247
803,-0.8839373682692863,-0.05966393853345359,-0.6758686624049316,6.250582278414029,0.07119999825954437
804,-1.1112123932851767,-0.4134074033878503,0.03480447811863877,5.312957947789769,2.6010000705718994
805,-0.9107870882308238,-0.11377833034907521,0.1172000155090525,4.384786369636771,5.881899833679199
806,-1.039344031317387,-0.6600140197647661,-0.5689318639453522,3.46621411300692,2.4986000061035156
807,-0.9478722582946832,-0.4866295330973978,-0.7607837791919859,2.5573862311078415,2.6956000328063965
808,-1.0732099683643892,-0.6829749977610816,-0.39108902764085957,1.6584462383976941,1.014299988746643
809,-0.9365323605491992,-0.6520976458968331,0.16544824450540377,0.7695360879222903,1.8137999773025513
810,-0.8803688700508631,-0.5306628686242496,0.615469644439249,359.89079614889886,4.372399806976318
811,-1.1189823533527261,-1.0267736759136323,0.5312483441371213,359.02236518455027,3.7551000118255615
812,-1.0822748817030132,-0.7957538626071455,-0.014147605924064503,358.16438033019324,4.497300148010254
813,-0.9361552091470021,-0.36118516976974746,0.6083215286333,357.3169770715822,2.5125999450683594
814,-0.8563166401837699,-0.8018719120813811,0.41550066661971136,356.4802892235149,0.9399999976158142
815,-0.8635809260478476,-0.6305058411507167,0.5690251419162915,355.6544489087022,0.3903999924659729
816,-0.957947535469067,-0.6726563241419821,0.6090158691448265,354.8395865369031,2.6431000232696533
817,-0.8444320394425398,-0.6798170186877063,0.1163906752927583,354.0358307843321,3.604099988937378
818,-0.9225288507289053,-0.7131654797797133,0.36901717028126335,353.24330857334,0.6818000078201294
819,-0.8795230107682737,-0.8332874358305113,0.334773084093485,352.4621450523713,0.298799991607666
820,-0.9874809339917029,-0.8274815517723415,0.4597093650075087,351.6924635762013,1.648900032043457
821,-0.978040518903374,-0.836150444082635,0.17819683533740843,350.93438568645774,0.4927999973297119
822,-1.1363777489806373,-1.1189270325273775,0.2853509623470262,350.1880310924271,5.130300045013428
823,-0.8939280086527015,-0.8263999944498537,0.9127161297577555,349.45351765215196,4.590700149536133
824,-0.8798695856486911,-0.5888441560025676,0.315468094617486,348.7309613538192,2.152100086212158
825,-0.7963442195890968,-0.5097766644486422,0.9685464899189173,348.0204762974444,5.303400039672852
826,-0.9069956004378571,-1.1517139870985789,0.4912192263954508,347.3221746768543,5.112299919128418
827,-0.8649422127078462,-0.7779610834452931,0.4836355173630094,346.6361667619698,2.7416999340057373
828,-0.9073172776828909,-0.44275916682170974,-0.125347614810636,345.96256088139296,5.575399875640869
829,-1.0859382326952187,-0.5743151154302713,-0.0940362729203628,345.3014634053011,1.545699954032898
830,-1.0674720573634615,-0.9966276281592436,0.47719011693942387,344.6529787286494,1.3669999837875366
831,-0.9032276781195527,-0.6098089615609754,0.20788332493009834,344.01720925468567,3.4179000854492188
832,-0.9222267004750774,-1.2225548283354348,0.7246967752378489,343.3942553787799,0.9083999991416931
833,-0.8946428737518822,-0.8751483322387963,0.2013128387629468,342.78421547257085,5.9695000648498535
834,-0.95207175290298,-0.8628545927308857,0.774855714045807,342.18718586843136,3.440700054168701
835,-0.9244045816407295,-1.114730383736392,1.0455912846525295,341.6032608442569,2.3912999629974365
836,-0.8944503218456248,-0.9816001173093809,0.38985420616131256,341.0325326085778,2.287400007247925
837,-0.9085814822062048,-0.8768417946526849,1.9675814573628654,340.47509128599876,5.5802998542785645
838,-0.9986885147972183,-0.7265133881771787,0.02199489447135099,339.93102490296644,5.742599964141846
839,-1.0105958266388972,-1.0568947313479087,0.7311525855936991,339.4004193738699,1.7235000133514404
840,-1.0412336525510129,-0.7254744854973091,0.3538099871380225,338.8833584874731,5.262599945068359
841,-0.8539221925130606,-0.8599314467480991,0.5202389499715543,338.379923893684,6.15880012512207
842,-0.9665628353008752,-0.9468973553257695,0.7258712563862688,337.890195090661,0.11219999939203262
843,-0.9244669564045019,-1.2220700390015014,0.3977660454656527,337.41424941225904,0.24789999425411224
844,-0.9602926257943698,-1.173522355594358,0.4913608759676828,336.9521620158182,4.262599945068359
845,-0.9584025478748324,-0.9310785239632898,0.420205152835322,336.50400587029515,3.922300100326538
846,-0.8559071972616511,-1.0850073788758816,0.7445302215613068,336.0698517447403,2.3958001136779785
847,-0.9640372174557055,-1.0099106721744169,0.9840258133908985,335.64976819712297,0.15320000052452087
848,-1.032375109403512,-1.3676135180816074,0.32211582326521243,335.2438215635052,4.277900218963623
849,-0.948234204766583,-0.7832689759548804,0.2916954651913136,334.8520759475663,3.928100109100342
850,-1.056269212565777,-0.9194679916481108,0.5895896800635906,334.4745932104801,6.0640997886657715
851,-0.8531037833135641,-1.0685388465933416,0.651654084165798,334.1114329611469,0.5019999742507935
852,-0.9297637834229409,-1.096188091942512,0.6018596242617088,333.7626525467799,1.7964999675750732
853,-0.8217677738450732,-0.8219532891557596,0.7894593062763536,333.42830704384977,2.3443000316619873
854,-1.0053107347192032,-0.9618849474424841,0.38780823767259737,333.10844924938715,3.800100088119507
855,-0.94634981257981,-0.9108068247123438,-0.5329000690199359,332.80312967264587,5.308300018310547
856,-0.9345625645682026,-0.8809824947979098,0.6854711597301639,332.51239652712627,4.021900177001953
857,-0.902438592789331,-1.1485977788167534,0.9193786013921958,332.2362957229625,4.025199890136719
858,-0.9325861285056953,-1.1064174145609031,0.7757005636454153,331.9748708596721,0.955299973487854
859,-0.9475045311305056,-1.1493854769956025,0.4769943199548534,331.72816321927155,1.5226999521255493
860,-0.9452910594719144,-1.136697421078396,0.4263329179963297,331.49621175975716,1.5241999626159668
861,-0.9204673479946404,-1.3189911858319165,0.5119986405609691,331.2790531089533,4.5518999099731445
862,-0.9877869904846539,-1.202798094349458,0.021258057359767265,331.0767215587282,5.014599800109863
863,-0.9661181980000186,-1.5171912348727978,0.4928314208578411,330.88924905957936,0.879800021648407
864,-0.8606978487538517,-1.1838984025050197,0.8699644870008141,330.71666521558745,1.1208000183105469
865,-1.0268923034404511,-0.9684214251061045,0.4376239854985398,330.5589972797422,0.3425000011920929
866,-0.9396869421517856,-1.1471424696781782,0.20495027309606317,330.41627014963836,5.972499847412109
867,-0.7947474071890296,-1.1370397530386285,0.4434039084170433,330.28850636354434,1.6583000421524048
868,-0.9672162078373309,-1.0719655766198182,0.23592802412821673,330.17572609684305,5.175000190734863
869,-1.1438281317795518,-1.5866016457640473,0.5286490845761088,330.07794715884603,2.67930006980896
870,-1.0083016161071172,-1.2768377048429302,0.19533063925745253,329.995184989981,3.0669000148773193
871,-0.8557648820835176,-1.1957192134956212,0.34402317786572795,329.92745265935395,5.662199974060059
872,-1.067320657012502,-1.200514247895589,0.41502364310117007,329.8747608626849,4.792300224304199
873,-0.9077895065226502,-0.678840213629183,0.17957136439233226,329.83711792061956,0.3682999908924103
874,-0.8297696367089606,-1.2637794432128002,0.7936303120350268,329.8145297774147,4.0346999168396
875,-0.7454169375841536,-0.6692465924047938,0.016051783274787595,329.807,0.48249998688697815
876,-1.056240347130139,-1.1778471708479126,0.23277436938702903,329.8145297774147,4.51639986038208
877,-0.9329695140530214,-1.3218712441266494,0.9759948150753242,329.83711792061956,3.8754000663757324
878,-0.8641112971996389,-0.8564904814504067,0.7068498149929973,329.8747608626849,2.2079999446868896
879,-0.8111889440683903,-1.2295382061316076,0.4631046242578983,329.9274526593539,1.4744999408721924
880,-0.9961127990236467,-1.1116119201828214,0.493007260387315,329.99518498998106,5.520100116729736
881,-0.9519117701252978,-0.9796121954436963,0.775643664920277,330.07794715884603,4.32859992980957
882,-0.9245635539572725,-1.0264806795196306,0.412311442113154,330.17572609684305,2.0671000480651855
883,-0.8579383194243254,-1.2088656091015715,0.9654422119075562,330.28850636354434,4.450900077819824
884,-1.0088480303144354,-1.1995405525645542,0.46267612924041074,330.41627014963836,5.818999767303467
885,-0.8529800440819121,-1.2469185786934949,0.992353314226803,330.5589972797422,4.650899887084961
886,-0.9472450796392281,-1.2109135994881637,0.6254383051909034,330.71666521558745,0.4763999879360199
887,-0.9594500161381075,-1.1868276295946847,0.14054028844556554,330.88924905957936,5.215700149536133
888,-0.9215477856990151,-0.8968596043188473,0.45167654816573677,331.07672155872825,1.413699984550476
889,-0.8987679109034836,-1.3219617384482214,0.40889665270108,331.27905310895324,3.7077999114990234
890,-0.8155777435481196,-1.3397145200453087,0.8629133049303623,331.4962117597571,3.1858999729156494
891,-0.9909529403131437,-1.0433936578527823,0.7454810012088959,331.72816321927155,4.929999828338623
892,-0.9846054129044349,-1.1736044830075734,0.8220600191551537,331.97487085967214,6.099100112915039
893,-0.9350246483972094,-1.0655599501471995,0.5573398332386542,332.2362957229625,4.217599868774414
894,-0.9413476260632084,-1.0925234789807632,0.9505331555387605,332.51239652712627,2.8980000019073486
895,-0.9860448628280813,-1.2179578127925026,0.9089068382292922,332.8031296726458,0.5333999991416931
896,-1.1038946642924548,-1.1634076607967543,0.47018814290594557,333.10844924938715,2.466900110244751
897,-0.9219517962839037,-1.0636780525326048,0.7648834447376455,333.4283070438497,0.05139999836683273
898,-1.042848186007769,-0.957995003047737,-0.049099722420775926,333.7626525467799,3.842900037765503
899,-0.9623536917626652,-1.2910321658907193,0.7114904104260183,334.11143296114693,6.116700172424316
900,-0.8842974703869566,-0.8617640145811494,0.4160304491618763,334.47459321048007,1.6132999658584595
901,-0.9744572672995335,-0.8645499614270042,0.42070335635502465,334.85207594756616,4.668300151824951
902,-0.9190256754559087,-1.2220005205840176,0.6805062452238688,335.2438215635052,3.4052999019622803
903,-1.0000829216891467,-1.2258646299355855,-0.03732911184200234,335.64976819712297,0.10100000351667404
904,-0.8525256936256733,-1.0622970970729535,0.14072071268614206,336.0698517447403,2.3736000061035156
905,-0.9738044406394565,-1.105234574852309,-0.10070789808990734,336.5040058702951,4.5808000564575195
906,-0.9543960202783096,-0.9947408463972037,0.7697589435597805,336.95216201581826,0.482699990272522
907,-0.8695825272801999,-1.1506142039123008,0.4765561851978918,337.41424941225904,2.670599937438965
908,-1.0373117413072803,-1.17285749107428,0.8772416395607199,337.8901950906609,3.8517000675201416
909,-0.9228812428873879,-0.7187843042934275,0.5058619138714849,338.379923893684,5.311600208282471
910,-0.9061246761036057,-1.1148659074413143,0.18143510408038638,338.8833584874732,6.1016998291015625
911,-0.894313559905737,-0.901294750808272,0.3154559574178333,339.4004193738699,5.0040998458862305
912,-0.9458238558064137,-1.182450870867365,0.6302972430901311,339.9310249029664,1.5640000104904175
913,-0.9497964895694584,-0.9834202330591771,0.5088434066406229,340.4750912859987,6.036399841308594
914,-0.9254633319045666,-0.784752819357025,0.45980618359935665,341.03253260857775,4.908199787139893
915,-0.9685475192044319,-1.3259603727172038,0.3218218399052793,341.6032608442568,2.08240008354187
916,-0.9988194078610271,-0.9665380137119254,0.23242962357142824,342.18718586843136,2.8515000343322754
917,-1.097824634061323,-0.8887849488878657,-0.3079106082062057,342.7842154725709,5.874499797821045
918,-0.9548692012014847,-1.0234666440708056,1.144094677075254,343.3942553787799,1.9737999439239502
919,-0.9619956869977812,-0.7822344858298023,0.3063577378556302,344.01720925468555,2.8907999992370605
920,-0.8267211443576762,-1.1299547377766954,0.4960784250360067,344.6529787286493,1.0526000261306763
921,-0.9078268558660728,-0.5523595045092466,0.33567057068429434,345.30146340530104,2.9235000610351562
922,-1.057718838131781,-1.2578310976804552,0.23343779547135537,345.96256088139296,6.158100128173828
923,-0.9111715155357556,-0.7596686304842781,0.15044928380216707,346.6361667619697,4.829400062561035
924,-1.1699502489113143,-0.7757970584071797,-0.16468408556723813,347.32217467685433,2.1547000408172607
925,-1.0439424927323935,-0.7356833058624722,-0.032727621517588824,348.02047629744436,4.530900001525879
926,-1.0397735430263768,-1.0384126803398368,-0.09780582876124765,348.73096135381905,5.558700084686279
927,-1.0534405714945125,-1.0201104515845516,0.5572921839530977,349.4535176521518,5.679999828338623
928,-0.9476838514322748,-0.8185626283716402,-0.08948562305070305,350.1880310924271,6.152299880981445
929,-0.8882792036053018,-0.5154356764793484,0.7196066981580592,350.9343856864577,3.202500104904175
930,-1.0326568404279288,-0.9563252691887726,-0.10305654345925068,351.69246357620125,4.806099891662598
931,-1.0385126327671723,-0.8501856632017744,0.19479123884925723,352.4621450523713,3.6654999256134033
932,-0.9435663599727883,-0.43711020801638417,0.595103552671586,353.24330857333996,0.7989000082015991
933,-1.0520062214948223,-0.673567664972484,0.4446651093956626,354.03583078433195,1.3432999849319458
934,-0.9301399706847135,-0.6569091653319626,0.44910803887070566,354.839586536903,1.1187000274658203
935,-1.0715022596733055,-0.605950702841313,-0.2717036894794217,355.6544489087023,5.148799896240234
936,-0.8508818695770018,-0.6305486264683179,0.017504953141179187,356.480289223515,4.968100070953369
937,-1.0559060806178935,-0.3601420893490059,-0.1620555728726679,357.316977071582,2.083899974822998
938,-0.872108455489417,-0.5734215047213495,0.3285296378495122,358.164380330193,1.7312999963760376
939,-1.0566393062573949,-0.3256124943562845,0.2105055561143545,359.02236518455015,0.9172000288963318
940,-1.0161582804338145,-0.6280706690534849,0.3313600261401058,359.89079614889874,1.8451999425888062
941,-1.0243104202902549,-0.10802471022966711,-0.33004493665843143,0.7695360879222335,0.09929999709129333
942,-1.091404282763387,-0.19788950693018814,-0.45830252083808365,1.6584462383977652,1.448699951171875
943,-0.9343085228108551,-0.5600128513127479,-0.07507397259664184,2.5573862311077917,2.849299907684326
944,-0.9528557812162042,-0.27108316303652424,1.0723812725912307,3.4662141130067283,3.1221001148223877
945,-0.9708766680731578,-0.254764463175157,0.043214642841382385,4.384786369636572,4.336100101470947
946,-0.9447532923214622,-0.6634007215338328,0.3915567852144096,5.312957947789833,4.978700160980225
947,-1.0725940789165083,-0.3810653755191318,0.1758566924591427,6.2505822784141,3.459399938583374
948,-0.8764559043515608,-0.13750518591655048,-0.03757340889503473,7.197511299758517,4.090000152587891
949,-0.895344247650823,-0.316074197768814,-0.3717916104269861,8.153595480753488,2.482800006866455
950,-0.9474500884349486,-0.0458522258483163,-0.09638973169173194,9.118683844623689,3.519200086593628
951,-0.9501659701996409,0.02408201355591012,-0.4452075739390774,10.092623992728512,1.5104000568389893
952,-0.9740928105886658,-0.2775731732855776,0.45705305514696415,11.075262128628594,1.4696999788284302
953,-1.0482937287904321,-0.43880931063474715,-0.25560456110292346,12.066443082371038,0.9437999725341797
954,-0.8829436698260004,-0.11601017696235588,-0.22160031100394706,13.06601033499296,0.599399983882904
955,-0.9307592646444853,0.009170529647060494,-0.4204524041275239,14.073806043237965,2.3041000366210938
956,-0.7568233896186155,-0.0579927443150539,0.2288827340113133,15.089671064480989,3.8364999294281006
957,-0.7434611623537801,-0.01807292443765377,0.1426567976633176,16.113444981859026,2.1668999195098877
958,-0.930495998932002,-0.03202668994691416,0.07236564134640244,17.144966129602437,4.848999977111816
959,-0.8644349254579814,0.04622424368572333,-0.2032158525737047,18.184071618564055,4.871099948883057
960,-0.8683790352682353,-0.04663388535687219,-0.2079748199770909,19.230597361941626,6.097499847412109
961,-0.825043834633796,0.5600812940661063,-0.02796834700852984,20.284378101188715,4.396399974822998
962,-0.8627219588442733,0.32512230252790963,-0.866694671884727,21.34524743211049,1.0644999742507935
963,-0.8146977743158388,0.8175020749420654,-0.6073164597921549,22.41303783114175,2.040800094604492
964,-0.8306774262398137,0.33625155377674815,-0.48292786201114735,23.487580681800573,4.2778000831604
965,-0.8565270640458276,0.629913115928126,-0.8461911553354946,24.56870630131374,0.4487999975681305
966,-0.7786666196594654,0.23590826052162014,-0.6377566532037664,25.65624396741343,2.2964999675750732
967,-0.9797666192597583,0.22173545528312275,-0.48863748234729043,26.750021945295025,1.7305999994277954
968,-0.9025709128806901,0.8918183920937816,-0.6011274861413722,27.849867514736495,4.36870002746582
969,-0.8442003723399252,0.2239500816913133,-0.39665712975393247,28.9556069973723,2.1939001083374023
970,-0.7416363870559339,0.7318772608588068,-0.824730036751433,30.06706578412031,1.36080002784729
971,-0.7704031843746366,0.5142556789727907,-0.6279721037531836,31.184068362753507,6.220099925994873
972,-0.7701504966262169,0.7291537434315476,-0.7777119671785147,32.306438345615845,5.974400043487549
973,-0.7500611788684398,0.5258892090705511,-0.8353375620858496,33.43399849747628,3.6217000484466553
974,-0.6675028450003938,0.9945418053537067,-1.461070976682253,34.56657076351573,5.99459981918335
975,-0.8028450708246239,0.9415457057766757,-0.8478518806445534,35.70397629744435,4.386000156402588
976,-0.775259762745975,1.1368300626939207,-1.1610684538182683,36.84603548974296,4.490499973297119
977,-0.6425733834619168,0.9876521375363503,-1.01517393523701,37.99256799602577,3.0302999019622803
978,-0.6340067987209734,1.1501981648227018,-0.9011770528967054,39.14339276551915,2.756700038909912
979,-0.7988181645129905,1.0283817921003071,-1.8725595952510927,40.2983280696514,1.444000005722046
980,-0.6907073981868771,0.7775354528493986,-2.166079458535089,41.45719153074922,3.6763999462127686
981,-0.6719174068140007,1.1579656043770659,-1.0078919115877905,42.6198001508383,2.52239990234375
982,-0.7175702261092199,0.953788714767539,-1.6341379099462479,43.78597034054047,2.422800064086914
983,-0.6942824496065443,1.0471819434347727,-1.2426094839188861,44.95551794806346,1.901900053024292
984,-0.6994873478700736,0.8203336507211416,-1.4954098452488178,46.12825828828251,3.2741000652313232
985,-0.6287336641674219,1.103341432683909,-1.2812157310373826,47.3040061719031,1.9342000484466553
986,-0.7002414688451188,1.2489783002154884,-1.9445986054483886,48.48257593470484,3.8210999965667725
987,-0.4770348460468792,1.3688798568439617,-2.1686630333802532,49.66378146685945,2.6939001083374023
988,-0.6442104468198449,1.303437913145271,-2.032938865963643,50.84743624232077,1.3295999765396118
989,-0.5664521837484192,1.2515610859766932,-1.7606674743207147,52.033353348278055,2.975800037384033
990,-0.5538681495358752,1.1203321092961367,-1.421972248618739,53.221345514673025,5.232600212097168
991,-0.5691280458378053,1.4101755898486148,-1.903904127777747,54.41122514377062,2.277899980545044
992,-0.48236524040970863,1.1537647005737932,-1.6509352618517148,55.60280433978407,2.687299966812134
993,-0.6071979760255357,1.4853099315066705,-1.9165063891320262,56.795894938545246,4.4415998458862305
994,-0.3899226661805844,1.4253204897818696,-1.6130079820669803,57.99030853721771,3.306299924850464
995,-0.4740176131744087,1.338148109464064,-1.5786339902678366,59.18585652404796,3.9231998920440674
996,-0.44632167205962375,1.3942977700230594,-1.4878362372495817,60.382350108149836,3.7648000717163086
997,-0.45611205635288377,1.5154222448363757,-1.1333993136659788,61.579600349316365,4.231900215148926
998,-0.48810765346107177,1.6003125757421248,-1.486583304957553,62.777418187855176,2.0731000900268555
999,-0.3898735872238759,1.2578066624840303,-1.7809441670316306,63.97561447444418,3.1552000045776367
