frame,psi1,psi2,psi3,csv_gt_angle,inplane_angle_rad
0,-0.42067100396649565,-1.4210086900355556,0.9769284581160976,65.174,0.5972999930381775
1,-0.43609475916884294,-1.4063138435674112,0.7982215647908949,66.3723855255557,5.399799823760986
2,-0.24114725144020974,-1.4149657391802661,0.46132749676023554,67.57058181214477,3.1321001052856445
3,-0.4162565929858166,-1.4794216256154087,0.5921078856450989,68.76839965068365,2.317699909210205
4,-0.31342399310111596,-1.4441717773836524,0.26934645690620007,69.96564989185009,6.278299808502197
5,-0.3074077988593344,-1.3716480807191909,0.43251141581932556,71.16214347595204,2.6526999473571777
6,-0.30550007526899625,-1.5246556212630966,0.671791715342401,72.35769146278237,4.134300231933594
7,-0.24071774489691444,-1.648201938627961,0.025273095602980047,73.55210506145472,2.3225998878479004
8,-0.1837947800569462,-1.551032544178319,-0.2242880657097451,74.74519566021581,3.8647000789642334
9,-0.22759959341668817,-1.680691076267408,0.2151465170272911,75.93677485622933,2.219599962234497
10,-0.09863982713858732,-1.3509560150837299,-0.4792327804830334,77.12665448532701,1.2000000476837158
11,-0.17301566236195765,-1.4839541103507292,-0.15294030499373512,78.31464665172189,0.6075000166893005
12,-0.11325675447532262,-1.667156326000259,0.11381698811941306,79.50056375767925,5.600800037384033
13,-0.05846626380872021,-1.5032770262288595,-0.49029088725532793,80.68421853314047,1.0867999792099
14,0.047825136329907134,-1.8006812403465675,-0.45190651329005666,81.86542406529516,0.35350000858306885
15,0.06937163254468481,-1.6851556117619613,-0.06391618717625558,83.0439938280968,4.42579984664917
16,0.10561998257953902,-1.5179312937333305,-0.5000796846234349,84.21974171171746,6.245699882507324
17,0.10483842550391421,-1.8657630820865347,-0.46217263199044495,85.39248205193658,3.8466999530792236
18,0.22891790288161157,-1.5281734176640347,-0.47401622286457823,86.56202965945964,5.737599849700928
19,0.2994819016830309,-1.8399678527649748,-0.7982796774710296,87.72819984916156,1.6100000143051147
20,0.13219235816444402,-1.5324761795679447,-0.8891546529763557,88.89080846925071,5.309500217437744
21,0.21884823695421501,-1.8166962871714327,-0.6778177051001865,90.04967193034861,4.5472002029418945
22,0.2806882199261122,-1.6758947272872733,-0.8594412862228916,91.20460723448076,2.2932000160217285
23,0.30326186568307245,-1.5051012994031325,-0.7977892614767151,92.35543200397422,1.8485000133514404
24,0.3183354883720449,-1.525324704875047,-1.2918739373378822,93.5019645102571,0.9460999965667725
25,0.5349795586362533,-1.4342800044272357,-1.0999284952019481,94.64402370255561,2.994999885559082
26,0.4206154623102119,-1.536517721093853,-1.1202799442085023,95.78142923648416,2.8680999279022217
27,0.4076706990546766,-1.4685741509890307,-1.016378472501411,96.91400150252367,1.6171000003814697
28,0.36336996050819903,-1.6560433338091889,-0.635556787489791,98.04156165438417,1.593500018119812
29,0.5610751423367935,-1.6606838421276506,-0.898978606080363,99.16393163724659,5.687600135803223
30,0.4873142953703609,-1.3329711032451577,-1.4697906553364946,100.28093421587968,4.448599815368652
31,0.5930782122738631,-1.1657490223724922,-1.312962212374782,101.39239300262761,0.08659999817609787
32,0.4014953950191351,-1.2187825131097678,-1.499922662653825,102.49813248526348,4.150599956512451
33,0.4953125534995271,-1.2098745402804452,-1.2766336844210555,103.59797805470487,3.5527000427246094
34,0.5791138957301645,-1.2038778992181047,-1.5485606460744594,104.69175603258654,0.19689999520778656
35,0.544564213938525,-1.1678172118872163,-1.500007904866032,105.7792936986863,4.252500057220459
36,0.5477797411103269,-1.1234906936817104,-1.5935967164899556,106.86041931819952,6.2642998695373535
37,0.5870788753697049,-0.9582777477411465,-2.0712512484717114,107.9349621688581,1.0484000444412231
38,0.5685017863662497,-1.0875050422915844,-1.4695114003174046,109.00275256788944,1.3007999658584595
39,0.77668849297732,-0.9866594509514314,-1.7873727856544195,110.06362189881128,2.5627999305725098
40,0.8078238067664486,-0.8587261807249348,-1.9799680533889967,111.1174026380583,3.963399887084961
41,0.9031004022028843,-1.2695533158412409,-1.7307930752718106,112.16392838143592,1.9259999990463257
42,0.8221434643076752,-1.022111237326323,-1.6132714555765901,113.2030338703976,2.883500099182129
43,0.775606294731799,-1.043216653670219,-1.4741684289541976,114.23455501814092,0.9930999875068665
44,0.73800515725774,-0.992305231470138,-1.7354547081275196,115.25832893551889,1.4735000133514404
45,0.8540682519566989,-1.0436224882424723,-1.6615396671351723,116.27419395676199,1.5819000005722046
46,0.8670941629921713,-0.7382641725713518,-1.8886959640269425,117.28198966500705,2.8761000633239746
47,0.9249404839642318,-0.9326719691522979,-1.8502720706627858,118.28155691762903,0.39480000734329224
48,0.9704573689811515,-0.5954779110155555,-2.192807347274972,119.27273787137139,0.6990000009536743
49,0.8589013157805134,-0.5424781092952615,-1.6013372759108004,120.25537600727141,4.777200222015381
50,0.9066764447410891,-0.5718581019925265,-1.6170384264146236,121.2293161553763,4.546800136566162
51,1.020453187110652,-0.7041396681637426,-1.8490944471282875,122.1944045192464,0.5480999946594238
52,0.919203309647066,-0.7459211923052256,-1.2047132833328555,123.15048870024145,3.380500078201294
53,0.917128755920963,-0.2954081548882045,-1.4183585055883794,124.09741772158591,0.5407999753952026
54,1.0895680348694903,-0.3575195431203081,-1.528911582196812,125.03504205221024,4.097599983215332
55,1.2598131753138417,-0.3185492289701727,-1.5242411194140097,125.9632136303633,2.2151999473571777
56,1.1820922401432792,-0.5106902509002461,-1.2855771826052533,126.8817858869932,4.4618000984191895
57,1.1804387342235707,-0.3321629973865334,-1.5524251231002566,127.7906137688922,5.353300094604492
58,1.2130821255130355,-0.09138217361021005,-1.3406752178859394,128.6895537616023,1.9844000339508057
59,1.1553565376081218,-0.2899344944353561,-1.2702838728395944,129.57846391207772,0.682699978351593
60,1.1379623400142915,-0.2975509851593434,-0.5178066535719411,130.45720385110127,1.1146999597549438
61,1.0683634495937726,-0.10369161790280669,-1.0693668910481977,131.3256348154498,0.7240999937057495
62,1.2284641895577608,0.20466284557094883,-0.694616689814331,132.18361966980686,2.425299882888794
63,1.2193914590395383,0.15238330482863352,-1.049644388659744,133.03102292841794,0.9531999826431274
64,1.1848291691510968,0.527233822280031,-1.231884796894532,133.867710776485,4.209700107574463
65,1.1941878752654924,0.29632303598610726,-0.5092656210475518,134.69355109129776,4.812300205230713
66,1.1800842857515415,0.3444750818590682,-0.16066509069497184,135.50841346309699,5.948500156402588
67,1.3018933106236539,0.25709137359496176,-0.7894170530541988,136.31216921566798,0.7810999751091003
68,1.3841894924858957,0.22103376836286234,-0.26539550198215217,137.10469142666,1.1633000373840332
69,1.3109960784168262,0.3847560312337813,0.043493393048764206,137.88585494762876,2.390199899673462
70,1.3887011345462226,0.5215874730461778,-0.5924682247129853,138.6555364237987,1.0654000043869019
71,1.314475700901262,0.44928351615657364,-0.28891947991265365,139.41361431354233,0.3028999865055084
72,1.1762570400889047,0.41716563245442934,0.28173684507745866,140.15996890757293,3.0095999240875244
73,1.4147637032440075,0.35742465669138046,0.22164530990162673,140.8944823478481,2.8236000537872314
74,1.4573468118285937,0.711985612537411,0.40157836173535466,141.6170386461809,5.540500164031982
75,1.4204649624990244,0.5764718554134276,0.12148639754518024,142.32752370255562,6.249300003051758
76,1.4237168714271984,0.6933299007650269,0.348264098040391,143.02582532314568,4.612100124359131
77,1.437176096734484,0.7862504394159231,0.3432441173068671,143.71183323803024,3.9823999404907227
78,1.5140202744099267,0.5304156437112825,0.12849936048318888,144.38543911860705,3.861999988555908
79,1.3040694323326698,0.7596670195818461,0.5776637485518792,145.04653659469895,5.635499954223633
80,1.4144385335179006,0.9937321581036374,0.5369725465607729,145.6950212713507,1.5317000150680542
81,1.4308628260900562,0.7869872082248032,0.8078920644658534,146.3307907453144,2.9337000846862793
82,1.42128804584932,0.6160889790340426,0.6117862241150811,146.95374462122004,2.065000057220459
83,1.4108822977244888,0.834650964120164,0.7090271907293155,147.56378452742916,1.1871999502182007
84,1.6377764610410666,0.9635913227667767,0.3119312780080071,148.16081413156866,1.024399995803833
85,1.522367908580455,0.804155851866769,1.0241393976582858,148.74473915574316,5.777500152587891
86,1.5693326374669974,0.7955153475084623,0.8305081441852944,149.3154673914222,2.882200002670288
87,1.5317871275324535,0.8472276331002908,0.49988122237924454,149.8729087140013,4.368800163269043
88,1.5283069739114985,0.9833121362719925,1.4659204079895802,150.41697509703357,3.9869000911712646
89,1.4515436806129685,0.9797253406623575,1.29794679470414,150.9475806261301,5.089600086212158
90,1.5416559544354762,0.8221253381590193,1.0442215142083244,151.4646415125269,0.7936999797821045
91,1.5302725217153936,1.1117049853381538,1.0314518421338168,151.968076106316,3.6273999214172363
92,1.5803791691717672,0.8093331046673947,1.5212115829028867,152.45780490933905,2.803800106048584
93,1.534753224938434,0.9789880427209223,1.2548898399228638,152.93375058774097,2.152899980545044
94,1.5796394250911723,1.2725296722786448,1.146138086588309,153.39583798418175,4.09119987487793
95,1.5017253771839825,0.5854820800913668,1.0897024282840981,153.84399412970487,4.251800060272217
96,1.5874917745260937,0.9967769886630664,0.7576057488201712,154.27814825525974,0.9355999827384949
97,1.6622287840654415,0.9628886893223473,0.7421902365700671,154.69823180287702,5.906599998474121
98,1.446654235706706,0.6899185373496958,0.8993629491770186,155.1041784364948,5.892899990081787
99,1.5664821669810478,0.9750442421474709,0.898716617139396,155.4959240524338,3.03629994392395
100,1.6995319997080427,0.970061616588581,1.590230979455627,155.87340678951992,4.975299835205078
101,1.5794255259612855,0.7567030566001133,0.4366060530122809,156.2365670388531,1.215399980545044
102,1.5379677389948023,0.7911568404839173,0.39050678498429325,156.5853474532201,3.293100118637085
103,1.498429327278296,1.0005559969016986,0.8973535814671134,156.91969295615024,6.24459981918335
104,1.5449547509639974,0.8805254101915515,0.975185310944364,157.23955075061284,5.892600059509277
105,1.4695287623229,0.9126508427361123,0.8878478711384412,157.54487032735418,3.1851999759674072
106,1.5531523128844533,1.0600158332655572,1.2974549293133169,157.83560347287371,0.9157999753952026
107,1.6677665105626927,1.1243439064482499,1.1201397563785098,158.11170427703752,3.112799882888794
108,1.4670832243920195,1.118610089204076,0.7444179696045046,158.37312914032793,2.150099992752075
109,1.439553756465846,1.3530248394507336,1.2197429234322468,158.61983678072846,4.797500133514404
110,1.5434941021370623,1.11530790989902,1.2489430651793092,158.85178824024285,2.2304000854492188
111,1.6081425506372322,0.9559269572107428,0.42591675643962534,159.06894689104672,4.632699966430664
112,1.4587796040785062,1.3253273678115018,1.6943415549357583,159.27127844127176,5.851500034332275
113,1.3026607225598374,0.7510346558856028,1.1935729750887611,159.45875094042066,3.139899969100952
114,1.4667440391643252,1.1061044670764832,1.1658470786757398,159.63133478441256,3.3015999794006348
115,1.446793259212266,1.168719656021971,1.131798239074226,159.78900272025783,1.1660000085830688
116,1.54247838158546,0.8771124080274494,1.125760901716951,159.93172985036165,0.5002999901771545
117,1.595931495916143,0.83143283185326,0.8566827423225297,160.05949363645567,2.6047000885009766
118,1.5667791579824042,0.9759607563460307,0.8757673694072208,160.17227390315696,0.36419999599456787
119,1.6589696347771776,1.3084354524547117,0.9703542616411159,160.27005284115398,2.004199981689453
120,1.668460501809381,1.0887189595143698,0.8345394787573448,160.352815010019,0.7972000241279602
121,1.4953059312613732,0.9455518604796391,0.7816671698058008,160.42054734064607,3.135999917984009
122,1.50444728379662,1.0747663550573692,1.4641447563762104,160.4732391373151,5.562399864196777
123,1.5076297524477977,0.7627667311506822,0.4920929102066558,160.51088207938048,2.625200033187866
124,1.6692009676140418,1.0514647891311797,1.3757622973112005,160.53347022258532,3.069200038909912
125,1.5048313513471796,0.9801048253983248,1.6361824081740561,160.541,2.5680999755859375
126,1.6767310227864403,0.7356637933897346,1.1655236281218964,160.53347022258532,3.0278000831604004
127,1.5605940391184865,0.7131003775641866,1.0318309237597367,160.51088207938048,5.994999885559082
128,1.5593979041035106,1.0674940374073043,1.303435836374562,160.4732391373151,4.167900085449219
129,1.5758020708175458,1.1882364131934662,1.0482374690515879,160.42054734064607,4.3480000495910645
130,1.582891990972414,0.8616844064084845,0.9550134624440243,160.352815010019,1.7246999740600586
131,1.525720182831166,0.9415630619036058,1.0289254421505265,160.27005284115398,1.277400016784668
132,1.5320622741109258,0.99621943675469,0.9422446126393307,160.17227390315696,1.649399995803833
133,1.4896414402532625,0.9925094950894852,1.3779817677852424,160.05949363645567,2.0596001148223877
134,1.5580893594064953,0.8482915876648407,0.5237598428328762,159.93172985036165,5.2708001136779785
135,1.5288113185264303,1.240366119047216,1.0847707034199061,159.78900272025783,0.6686999797821045
136,1.4804139898260709,0.9506953904739329,1.1671674975076343,159.63133478441256,2.0025999546051025
137,1.6545521412450097,0.8515709340529211,1.6709663529006138,159.45875094042066,5.77400016784668
138,1.5772026708149747,0.9255520744980147,0.9953469302096696,159.27127844127176,5.496200084686279
139,1.565705242823975,0.899632308654531,0.5512672140658712,159.06894689104675,4.503799915313721
140,1.5349996199607663,0.7587981972428041,1.0474492182350137,158.85178824024285,1.6567000150680542
141,1.627464433514403,0.7745460104560898,0.9813088947619772,158.61983678072846,1.2344000339508057
142,1.413840984789503,1.1722832665247376,0.5896632829661975,158.37312914032793,2.4200000762939453
143,1.5730591712627542,1.168950741728566,1.134050340220585,158.11170427703752,4.616499900817871
144,1.576504563189107,1.0974139680413524,0.8740687584381488,157.83560347287374,4.4816999435424805
145,1.6712252582810059,1.0739930999477396,1.1856309947418286,157.54487032735418,5.8155999183654785
146,1.646774685979794,1.0432218608965689,1.1048358945257541,157.23955075061284,0.7602999806404114
147,1.461306184231171,1.0488967921648977,1.4339255582936283,156.91969295615027,0.3319999873638153
148,1.3612950271494857,0.9533854762116108,1.2038853162573386,156.5853474532201,3.517899990081787
149,1.287103872200434,0.7473968384645613,1.0583465663408131,156.2365670388531,2.2121999263763428
150,1.480969442413076,0.6653013514157318,1.2360466652894126,155.87340678951995,5.3649001121521
151,1.5193542756262604,0.665393562039737,0.8906410679586135,155.4959240524338,3.90939998626709
152,1.4866277700574158,1.0407490378778503,1.0560455424044866,155.1041784364948,2.422800064086914
153,1.5065333126110312,1.0436062211195176,1.0736513319835974,154.69823180287702,5.903500080108643
154,1.5209255135957749,0.9456444030287253,1.076975115505822,154.27814825525974,6.0131001472473145
155,1.4944058382445873,0.7266216517771803,0.6041187096841873,153.84399412970487,1.157099962234497
156,1.5669881500401215,0.9614448305505545,0.9524814385006121,153.39583798418175,2.8373000621795654
157,1.3732869039813362,0.9014453847673418,0.9686588082484454,152.93375058774097,4.423600196838379
158,1.3947248588146481,0.9116009562841163,0.9377114928877428,152.45780490933905,0.6044999957084656
159,1.4627806763891282,1.0152815970424454,1.558718850184549,151.968076106316,5.314199924468994
160,1.4353356065205762,0.6632842081386965,0.6598968471218123,151.4646415125269,1.0615999698638916
161,1.409474882126318,0.970444013333278,0.24929785508310426,150.94758062613013,3.19320011138916
162,1.4053195076284664,0.7858669095369638,0.8463155126386545,150.4169750970336,4.2932000160217285
163,1.3448890842524077,0.7286144975153103,0.6377837454861446,149.8729087140013,5.400000095367432
164,1.488360584118727,0.7043187238505361,0.8686490328666737,149.3154673914222,5.69980001449585
165,1.3898929660305432,0.8257327631945228,1.0733336399232605,148.74473915574316,4.76609992980957
166,1.4701437647772355,0.8974450246439447,0.44453778600284793,148.16081413156866,3.149899959564209
167,1.4537516307373293,0.6075455659045546,0.875345324214278,147.56378452742916,3.6760001182556152
168,1.4806136305848192,0.887775688709091,0.5927000506239479,146.95374462122004,1.5848000049591064
169,1.5140703995471139,0.47755226258564043,-0.09096782877969045,146.33079074531437,5.14169979095459
170,1.5808352075091245,0.8003966484808241,0.2996313491994297,145.6950212713507,2.3361001014709473
171,1.5034502399160403,0.7598155810917356,0.3643305974687791,145.04653659469895,5.613699913024902
172,1.2955395569482555,0.41966724083458645,0.3249970656814017,144.38543911860708,1.4631999731063843
173,1.349275335863421,0.43265682479132395,0.41777867149222186,143.71183323803027,3.9493000507354736
174,1.3011422749022565,0.46580052607957645,0.11802943667189127,143.02582532314568,0.4011000096797943
175,1.333338024495963,0.33635111307126564,0.20418461845365418,142.32752370255562,3.025899887084961
176,1.273990457660031,0.33824972097869255,-0.018353599653267372,141.61703864618093,3.2274999618530273
177,1.3798710773502132,0.3368822195813179,0.07524880091930469,140.8944823478481,1.503499984741211
178,1.3990518392514537,0.26670619456686917,-0.5397985523327345,140.15996890757293,0.39250001311302185
179,1.2525297192554776,0.3155460503164539,-0.3059802318119223,139.41361431354233,3.653599977493286
180,1.3921168724782544,0.32984468405558126,-0.46014336569331016,138.6555364237987,4.606200218200684
181,1.3595496915471335,0.14237317099188732,-0.7240119268925272,137.88585494762873,1.5108000040054321
182,1.4224840840166773,0.3182521558486253,-0.8442560845736543,137.10469142666005,3.9110000133514404
183,1.2302581202845706,0.2716166042594261,-0.6679372506823321,136.312169215668,0.9023000001907349
184,1.2196240208042912,0.3340913930790865,-0.6051732714316088,135.50841346309699,4.77370023727417
185,1.2254963242762984,-0.15259371796548074,-0.4919026457036859,134.6935510912978,1.3916000127792358
186,1.216764616639094,-0.16322893937511426,-0.6262394517253242,133.86771077648504,0.5054000020027161
187,1.1919773635165958,-0.12450368611229552,-0.8090741979869585,133.03102292841788,4.334400177001953
188,1.1005549519299151,-0.04503603897088555,-1.0087801286048579,132.18361966980686,4.757999897003174
189,1.2796871585915386,-0.17236622149523545,-1.1870612296732586,131.32563481544977,3.252000093460083
190,1.068343384944497,-0.14295020000583417,-1.0348009373693594,130.45720385110124,6.021200180053711
191,1.0554510751304063,-0.37052714552366234,-1.0688983188651864,129.57846391207778,0.9686999917030334
192,1.2732628898940828,-0.48216500136450136,-1.2986197409211166,128.6895537616023,3.9639999866485596
193,1.0359846916032425,-0.4104101633053008,-1.6289083229357948,127.7906137688922,3.7204999923706055
194,0.8938720873504644,-0.48807721701977197,-1.5200743631736762,126.88178588699323,0.8655999898910522
195,1.0751245644276441,-0.7033660890960436,-1.7512257326241278,125.96321363036331,0.2985000014305115
196,0.9936341722208814,-0.5183618633629032,-1.3478931198575994,125.03504205221026,5.858399868011475
197,1.1707167721923823,-0.5109370011307284,-2.22724369426007,124.09741772158596,0.620199978351593
198,1.0070202786156637,-0.6613511190207458,-1.6316591110781125,123.15048870024143,4.832900047302246
199,0.9498516967979941,-0.5636741231120402,-1.786182504074515,122.1944045192464,3.430500030517578
200,0.8985235714233034,-0.5375764354285198,-1.9918396283692203,121.2293161553763,4.274899959564209
201,0.9298097358523334,-0.6697212095910512,-1.8524363709174037,120.25537600727141,1.1921000480651855
202,1.0141305904025568,-0.8009074344623262,-2.0145332250745525,119.27273787137139,0.04349999874830246
203,0.7856276597135153,-0.8550673746561175,-1.4475921998913373,118.28155691762905,2.38319993019104
204,0.810109248628537,-0.8253017012466844,-2.05694281743145,117.28198966500706,4.082300186157227
205,0.7812496027096252,-0.9251098717889706,-2.028854597719637,116.27419395676199,0.7160999774932861
206,0.6604896187543701,-0.9286145297472415,-1.8446499518554274,115.25832893551893,5.642899990081787
207,0.8292776257837483,-1.1015957942075496,-2.1457444158857673,114.23455501814095,3.3966000080108643
208,0.8019857709608005,-1.1041780777350174,-1.912888333358779,113.20303387039759,1.8716000318527222
209,0.7888481261358882,-1.205438554535837,-2.0879630835278777,112.16392838143594,4.594799995422363
210,0.6993238566493304,-1.0179591850438066,-1.668939024727342,111.11740263805828,4.711900234222412
211,0.6560401172946795,-1.102304984188175,-1.791655482476504,110.06362189881126,0.6876000165939331
212,0.5161312696543975,-1.238003685050219,-1.7589573636356435,109.00275256788944,0.967199981212616
213,0.4696620683973966,-1.3316868924703686,-1.178879897023488,107.93496216885812,5.869800090789795
214,0.6388630783250006,-1.1726762154690673,-1.4971143852844278,106.86041931819952,3.6784000396728516
215,0.5412120568362591,-1.4529986450263248,-1.1228194815663641,105.77929369868632,2.882699966430664
216,0.5601890540342411,-1.2176959568432466,-1.189750087192606,104.69175603258655,4.125899791717529
217,0.5539101960772471,-1.3143287406983108,-1.420117649892704,103.59797805470488,5.371799945831299
218,0.4777815097146415,-1.4910555369110845,-1.1450300910558149,102.49813248526354,4.266900062561035
219,0.4912085943188384,-1.523145341531766,-1.3244763876903454,101.39239300262761,4.265900135040283
220,0.37512857428294616,-1.3872317921786124,-1.0217749841644175,100.28093421587967,5.101099967956543
221,0.47076801395963613,-1.3484641193953892,-1.1173710153233183,99.1639316372466,5.150199890136719
222,0.4436121584860332,-1.453673546351888,-1.1710798755991318,98.04156165438417,6.012599945068359
223,0.4496438581378667,-1.6797419974919088,-0.5955115715465074,96.91400150252366,4.135900020599365
224,0.36095174210257275,-1.3316672035553105,-1.3701118640412944,95.78142923648417,4.15310001373291
225,0.2241790687063468,-1.4849490602247364,-0.8256477462141238,94.64402370255563,4.142300128936768
226,0.3166623088665291,-1.7884220352825388,-0.7734196246148867,93.5019645102571,0.03590000048279762
227,0.2584286627509535,-1.6622433248349364,-0.7327961578604518,92.35543200397424,2.065000057220459
228,0.21888518831289827,-1.6342140251900832,-0.6253449142395396,91.20460723448079,4.592599868774414
229,0.09905255256099085,-1.6357448718553158,-0.6751146625313653,90.04967193034862,5.0524001121521
230,0.10437574949611501,-1.561259383784345,-0.21269819639321827,88.89080846925071,1.6684999465942383
231,0.1067510428792179,-1.753307325959711,-0.3726483932958138,87.72819984916156,3.8912999629974365
232,0.0983540186992727,-1.8302793848071486,-0.46730274699159535,86.56202965945963,2.6586999893188477
233,0.07001947172992809,-1.6584693088279727,-0.4195201059992746,85.39248205193661,1.7726000547409058
234,0.008879557257956848,-1.660050199681875,-0.29726115027872896,84.21974171171746,4.55620002746582
235,-0.01919594024696444,-1.7674001167264282,-0.3312834672534198,83.0439938280968,2.89490008354187
236,-0.0068508614062814666,-1.8017152707383668,0.2530025650339807,81.86542406529519,1.9127000570297241
237,-0.05836081763540413,-1.8261579033782716,-0.23009669277493183,80.6842185331405,2.246799945831299
238,-0.09433917771424158,-1.5761511356021054,-0.0830135830338414,79.50056375767926,0.6226999759674072
239,-0.12672184803100248,-1.6450890745423419,-0.1782957412016021,78.31464665172193,4.917200088500977
240,-0.14997723843213234,-1.6234628934513464,0.18411209597960115,77.12665448532704,4.685699939727783
241,-0.20633171888279866,-1.4232931222369236,0.5079477910000707,75.9367748562293,5.384799957275391
242,-0.23919355128262174,-1.2869548555069963,0.4149311981737337,74.74519566021583,3.7228000164031982
243,-0.30536912049678183,-1.4632722280638657,0.6360529235328211,73.55210506145472,1.1878999471664429
244,-0.298004881505603,-1.2244907508930931,0.3887911645387209,72.35769146278236,1.368299961090088
245,-0.27165587689669685,-1.4864461013094512,0.41080667526854525,71.16214347595205,3.022200107574463
246,-0.30258544712088636,-1.6588504187641453,0.6424768621652949,69.9656498918501,1.1055999994277954
247,-0.35606359238431434,-1.5620802199321868,1.1957148017239547,68.76839965068365,5.384399890899658
248,-0.31786870670187223,-1.5533980930037183,0.7793198269684027,67.57058181214481,1.7275999784469604
249,-0.31764803771878264,-1.290260442605754,0.8939442406470688,66.37238552555571,0.6820999979972839
250,-0.36399863299851715,-1.4966270340556644,0.9564814432057903,65.17400000000002,4.352799892425537
251,-0.42990287045573006,-1.5417078661024297,1.3037199666225845,63.97561447444432,1.1993000507354736
252,-0.36398520066156004,-1.4096322193721642,1.2580361115417444,62.77741818785523,0.5914000272750854
253,-0.48185888231463214,-1.2358284069484677,1.0754062449202402,61.57960034931634,1.080299973487854
254,-0.5131504588280111,-1.3568781872428293,1.4206899635086518,60.382350108149936,0.23340000212192535
255,-0.4439047454371684,-1.2193413404013689,1.0819494990065672,59.18585652404798,1.4706000089645386
256,-0.49824021047733635,-1.193519197570049,1.239747742693232,57.99030853721764,1.8514000177383423
257,-0.4198361996905062,-1.3691778992000077,1.4072821229645132,56.79589493854531,1.03410005569458
258,-0.5011158050503112,-1.3646461595170147,1.5092384976746602,55.602804339784214,6.276800155639648
259,-0.5384306325642593,-1.2688262765899283,1.4379547044892684,54.41122514377068,1.1857999563217163
260,-0.5704367169025272,-1.2220216343620762,1.5383128830458976,53.22134551467304,3.2147998809814453
261,-0.5334017961616704,-1.1560863442097036,1.2683823952100561,52.033353348278155,0.9878000020980835
262,-0.4884155577824005,-1.1796905633587784,1.3200186004581815,50.84743624232074,3.6070001125335693
263,-0.6126287724800534,-1.0785310689324825,1.5695051986860598,49.66378146685955,3.228600025177002
264,-0.6416270012364181,-0.951638660857182,1.3062703236395121,48.482575934704855,4.7519001960754395
265,-0.5516442261012302,-1.1120482922621107,1.3998896970101706,47.3040061719032,3.9702000617980957
266,-0.616150293663172,-0.9926869225758852,1.203629240376643,46.12825828828257,3.1624999046325684
267,-0.6493358369726338,-1.0453544526217136,1.5432388323816595,44.95551794806343,2.915299892425537
268,-0.6298660825951558,-0.866232651184442,1.3309658014552994,43.78597034054037,4.305699825286865
269,-0.5432626281219939,-1.0557919495418377,1.4976520487858904,42.619800150838486,4.670199871063232
270,-0.7369079797067334,-0.9609439910698143,1.5889585446936896,41.45719153074932,4.740499973297119
271,-0.621733233636486,-1.0573767423500593,1.3354005510958258,40.29832806965142,1.728700041770935
272,-0.7078181361612843,-0.7683111561394679,1.570151757196967,39.14339276551925,1.503499984741211
273,-0.7180986250994977,-0.6917612882507411,1.348333450474779,37.992567996025784,4.138299942016602
274,-0.6825565390681673,-0.5309966071488565,0.8808296211709098,36.8460354897429,4.702400207519531
275,-0.7217527301427769,-0.7628759603328923,1.4693803047888552,35.703976297444406,5.658999919891357
276,-0.8189535252270549,-0.7081982985750417,1.2224197196422435,34.566570763515855,2.2697999477386475
277,-0.8495701527058838,-0.6277275008005039,1.4474827129263086,33.43399849747633,0.5160999894142151
278,-0.6739372914186171,-0.3968365737179008,1.1344648429009245,32.30643834561586,1.2599999904632568
279,-0.7608627175132642,-0.3738984592742133,1.1677485934250071,31.184068362753436,3.5095999240875244
280,-0.7339994482376293,-0.45703881388211665,1.2887528512918607,30.067065784120324,4.396699905395508
281,-0.7338492744490428,-0.32543667422157346,0.7989445902883161,28.955606997372435,1.215000033378601
282,-0.8822636910079552,-0.3344405678567949,0.7360114727684962,27.849867514736545,0.34470000863075256
283,-0.7536231523961927,-0.29656224234873413,0.9819187833744908,26.750021945295117,4.2758002281188965
284,-0.8282215768388651,-0.10119502526457493,1.1410838058989863,25.65624396741348,2.382499933242798
285,-0.7866624537504172,-0.13828908113660987,1.2158806884893318,24.568706301313718,5.00029993057251
286,-0.8653550850488521,-0.17299844773195366,0.8758794307863238,23.487580681800473,5.110799789428711
287,-0.7704769816332773,-0.07721622921356584,0.29890618277807673,22.413037831141914,4.472499847412109
288,-0.8557129208219713,-0.05804868713592523,0.7762917453647514,21.345247432110583,4.916500091552734
289,-0.795492791726032,-0.08125395287852762,0.6042556759243942,20.284378101188736,0.12790000438690186
290,-0.8200639973431493,-0.2856995602914498,1.0861154730319031,19.230597361941754,5.643400192260742
291,-0.7705714589540091,-0.05590805296148725,0.7642093265368439,18.184071618564097,4.565400123596191
292,-0.9280021961651183,0.1587887721265554,0.5091125391320892,17.144966129602402,4.554900169372559
293,-0.8013536164617351,0.10151924881287909,0.811925368144529,16.11344498185911,3.2551000118255615
294,-0.7765734077898431,-0.09786384897487796,0.5394934533354395,15.089671064481102,0.6233000159263611
295,-0.8696149280876757,0.08109203670955492,0.5088713112455822,14.073806043238022,2.181999921798706
296,-0.9549413760988057,0.2263705568542952,0.5663798190714807,13.066010334992974,1.121000051498413
297,-0.9617480839740564,0.2711505575728219,0.6134415155627944,12.06644308237098,3.7404000759124756
298,-0.8338680591810108,0.24724602464914716,0.5346767870478584,11.075262128628616,3.3513998985290527
299,-0.9294212929983746,0.2768871446847354,0.6582096949930138,10.092623992728626,1.6088999509811401
300,-0.8937483990112606,0.3736607709991545,0.47164595575973345,9.118683844623732,5.133299827575684
301,-0.9647665936113234,0.40876186911163437,0.15203050323453923,8.153595480753609,0.3206999897956848
302,-0.944069930077005,0.5520458920024383,0.056059680684293574,7.197511299758602,2.6700000762939453
303,-0.9578171419394667,0.6468914368738123,-0.28933810585073844,6.2505822784141145,2.968100070953369
304,-0.9531017105873653,0.5699244294507103,0.34039268954219615,5.3129579477897835,4.380000114440918
305,-0.9608566263005305,0.3955352436757563,0.4529184032768326,4.384786369636721,0.17170000076293945
306,-0.85744174146413,0.4141761246176917,0.15287220942610397,3.4662141130068065,0.19169999659061432
307,-0.9630593652302659,0.6869160818052165,-0.12861710142923766,2.557386231107799,3.728100061416626
308,-0.944180685057564,0.5933155057803935,0.15270632941106907,1.6584462383977439,1.648300051689148
309,-0.81258463739245,0.4286011346544249,-0.14186296402443763,0.7695360879222761,0.361299991607666
310,-1.0072572349976014,0.6649684844964286,0.08843611512514804,359.89079614889874,1.0022000074386597
311,-1.0400981613126699,0.6457523281466646,0.020718016730953807,359.02236518455027,2.2492001056671143
312,-0.9255794272775476,0.7384865589034614,0.07471286198232159,358.1643803301932,0.6187000274658203
313,-0.9217642855383563,0.6099003492773879,0.035693709918406515,357.3169770715821,5.183599948883057
314,-0.920286892828801,0.8439833901555054,-0.32246491392686705,356.480289223515,1.5443999767303467
315,-1.0043043092716648,0.7206478025084171,0.3434769807576337,355.65444890870225,2.539099931716919
316,-0.9070506620130455,0.7341546333353479,-0.0341694773745211,354.839586536903,2.800299882888794
317,-0.8797949963003939,0.6652699671463997,-0.23389608386232472,354.035830784332,4.451600074768066
318,-0.9710111709619276,0.9901548661512679,-0.30501434634856833,353.24330857334,3.781599998474121
319,-0.8908686590820384,0.6197558771587712,-0.3633582447172836,352.4621450523713,3.1705000400543213
320,-0.9583596447920726,0.9366769209563567,-0.28825024031341473,351.6924635762013,3.1619999408721924
321,-0.8863381777581232,0.9520507545597405,-0.5794890822070076,350.93438568645774,3.213099956512451
322,-0.891741900006959,1.0036193617564497,-0.626010290877986,350.1880310924271,4.838099956512451
323,-0.8662553305326638,0.9199461839216971,-0.43062524674288666,349.4535176521519,2.2146999835968018
324,-0.9641070861445928,0.8072004784896025,-0.13279156609838993,348.7309613538191,5.389999866485596
325,-0.8875996391194768,0.8886419372223588,-0.6413006916792372,348.0204762974444,4.356900215148926
326,-0.8746622046749933,1.0837993778933692,-0.5390392786360589,347.32217467685433,4.493000030517578
327,-0.9209220267059856,0.7559036425837153,-0.31250452625926844,346.6361667619698,2.0153000354766846
328,-0.8916377547196389,0.976993814065993,-0.555461663823673,345.96256088139296,5.222499847412109
329,-1.0129260989175708,1.0640651065961542,-0.3239311222527575,345.3014634053011,1.5430999994277954
330,-1.0055866951746515,0.8886964217616112,-0.38034322081275185,344.6529787286494,3.637500047683716
331,-0.9833295042245505,0.9796268180142562,-0.507366478499529,344.01720925468567,3.1040000915527344
332,-0.8905637773358238,1.1165488027497088,-0.8413814803142317,343.3942553787799,2.1445000171661377
333,-0.8748959249788509,1.0867400926258999,-0.5783027488888426,342.7842154725709,3.197700023651123
334,-0.9651358167327398,0.8892957148849332,-0.2750518606531723,342.18718586843136,0.33709999918937683
335,-0.9464715724727288,1.0189424150857787,-0.36251942183020053,341.60326084425685,3.666800022125244
336,-0.8784776863203155,1.071652234918935,-0.8252929079181456,341.0325326085778,2.1696999073028564
337,-0.9355093897164285,0.892425626983014,-0.3414558559864592,340.4750912859987,2.7720000743865967
338,-0.8865415517117983,1.121767435510068,-0.787523110474745,339.93102490296644,2.0434999465942383
339,-0.8747197820599321,0.9029136563172364,-0.7037478111320896,339.4004193738699,5.901599884033203
340,-0.7906280791896655,0.7817770394599849,-0.46658372687486616,338.8833584874731,3.4660000801086426
341,-0.8371288596540047,1.1391853770493419,-0.7372880539260864,338.379923893684,5.944499969482422
342,-0.962485735188698,1.0716070980809165,-0.5340519053740154,337.890195090661,2.5755999088287354
343,-0.9066575807120287,0.9459416948469132,-0.2798641632884924,337.41424941225904,5.885900020599365
344,-0.9819665315176164,1.3179160572292261,-0.5416005105604077,336.95216201581826,1.9753999710083008
345,-0.9172583632563374,1.2561014370792212,-0.9213224845913827,336.50400587029515,3.751699924468994
346,-0.8740096518256874,1.2134114429776865,-0.8028362560661917,336.0698517447403,3.374799966812134
347,-0.9437724348842087,1.1286652592720474,-0.7086286956725278,335.64976819712297,4.191699981689453
348,-0.8618016965266557,1.1750256527856355,-1.143117603566168,335.2438215635052,1.2825000286102295
349,-0.8022594898008915,0.9947945479224216,-0.7233406833204078,334.8520759475662,3.0288000106811523
350,-0.9064157573537621,1.1478050360033552,-0.9256303787200948,334.47459321048007,3.878999948501587
351,-0.8733306036167988,1.102910501877249,-0.7667425081616789,334.1114329611469,5.469799995422363
352,-0.8929105584975925,0.9144613673443088,-0.6977267061499227,333.7626525467799,3.949199914932251
353,-0.9012935705032225,0.961447211637928,-0.7379611864563307,333.4283070438497,4.430200099945068
354,-0.8978005599587802,1.0949484310393018,-0.9282562994105836,333.10844924938715,5.531799793243408
355,-0.8646476712837129,1.0299154409110671,-0.906694504928776,332.80312967264587,1.777899980545044
356,-0.8388767147218781,1.1486734569607748,-0.8159262364093446,332.51239652712627,0.2632000148296356
357,-0.8540706029583487,1.0503098168467726,-0.8960897975265941,332.2362957229625,4.018199920654297
358,-0.8398532624223758,1.0501282749579195,-0.9336156438676704,331.97487085967214,0.006500000134110451
359,-0.8357901964043714,1.1634722622052411,-0.990465662031421,331.72816321927155,1.5098999738693237
360,-0.8599552600499598,1.1193544143161065,-0.7066343116810917,331.49621175975716,6.207600116729736
361,-0.9947692579670452,1.1067246652503384,-0.48376231920626783,331.2790531089533,2.40339994430542
362,-0.9230303717769814,1.2243805335813596,-0.8646944565868822,331.07672155872825,3.6182000637054443
363,-0.9824077305341232,1.2955852654937168,-0.9676510840983606,330.88924905957936,3.0165998935699463
364,-0.8410120493764708,1.1576739724883793,-0.9095621799388794,330.71666521558745,6.2093000411987305
365,-0.9627142068692205,1.0546104992366578,-0.39629595190867745,330.5589972797422,5.604100227355957
366,-0.9877345651706536,1.0879019323750363,-0.6945646021342957,330.41627014963836,1.7870999574661255
367,-0.9014542355974557,1.0739139399694926,-0.8135921331168176,330.28850636354434,0.16459999978542328
368,-0.9097614142696534,1.0747765015819746,-0.6044918680099598,330.17572609684305,5.1691999435424805
369,-0.883058661361847,1.0908354150306467,-0.5891093618351773,330.07794715884603,3.924299955368042
370,-0.8687832594870636,1.0123538816077842,-0.7936974949773277,329.995184989981,1.0788999795913696
371,-0.8378741431656525,1.225173065646105,-0.8820686408236423,329.92745265935395,1.6359000205993652
372,-0.8618681959570912,1.210248372106807,-0.9781031947308089,329.8747608626849,5.138500213623047
373,-0.8510886800726747,1.0932769965276656,-0.7859171087034744,329.83711792061956,5.420400142669678
374,-0.834387940169659,1.1200949427333533,-0.8084733128432323,329.8145297774147,6.185699939727783
375,-0.8022472265311333,1.109449883272362,-1.0950348132135288,329.807,5.171599864959717
376,-0.8234569032152709,0.8983324223461784,-0.8585310207344653,329.8145297774147,2.218600034713745
377,-0.9287378855505254,1.2729340497371606,-1.2028749923782398,329.83711792061956,1.7222000360488892
378,-0.7309840729899182,1.1730363940888942,-1.2566917401300273,329.8747608626849,4.663700103759766
379,-0.8693701041017945,1.2276227232788757,-1.0764414428415519,329.9274526593539,4.917600154876709
380,-0.8830389103771983,1.0980923195421006,-0.7331284372251685,329.995184989981,3.456899881362915
381,-0.8977445210483398,1.0751683987792213,-0.7156565003752724,330.07794715884603,4.548299789428711
382,-0.9528024438756392,1.1922262631807332,-0.8883058130245028,330.17572609684305,4.471099853515625
383,-0.8113362416732596,1.125293058904413,-0.9088891303171579,330.28850636354434,6.167399883270264
384,-0.970682990618369,1.1289396267397267,-0.7463589931120124,330.41627014963836,0.6176999807357788
385,-0.8446978399872953,1.372907794824476,-1.1904077552450105,330.5589972797422,1.2609000205993652
386,-0.9506348425312476,1.2918297330496251,-0.7889030302674717,330.71666521558745,5.591100215911865
387,-0.8258495140344648,0.9778683674555221,-0.7429679221532012,330.88924905957936,1.423699975013733
388,-0.8416517806720183,1.0805207490493838,-0.9393403374743333,331.07672155872825,5.258500099182129
389,-0.917103799978575,1.2245811162828766,-0.9080281465941971,331.2790531089533,0.6830000281333923
390,-0.9504369320484746,1.1807162632238164,-0.784635501616043,331.49621175975716,4.815999984741211
391,-0.8317336247521165,0.8314997025308001,-0.5032555478882309,331.72816321927155,2.292099952697754
392,-0.9105190079046207,1.4056606432931034,-0.6570712792181099,331.9748708596721,0.18400000035762787
393,-0.9755898981261951,1.1704349293124692,-0.7809975673664967,332.2362957229625,2.022200107574463
394,-0.8952518204064106,0.8328765949008253,-0.9126513765026366,332.51239652712627,3.3738999366760254
395,-0.7760733972938418,0.9780722076909479,-1.1133818527705925,332.8031296726458,6.181600093841553
396,-0.7790074038616485,0.9814541936856712,-1.0269444796627298,333.10844924938715,0.349700003862381
397,-0.8917915451499754,1.0951002151229916,-0.6981514499754826,333.4283070438497,5.6118998527526855
398,-0.9283179803697187,1.2852379578357098,-0.4883956860325134,333.7626525467799,4.340400218963623
399,-0.9699031555296477,1.1681321972931258,-0.5369913110193413,334.1114329611469,2.8777999877929688
400,-0.9292521153823344,1.0267820569801398,-0.8923311608543932,334.47459321048007,2.637500047683716
401,-0.9264770864911043,1.0700910761269844,-0.7921959194033938,334.8520759475662,2.5601000785827637
402,-0.8839017772766404,1.0769345738944955,-0.7812578382549029,335.2438215635052,5.9868998527526855
403,-0.9006867805396336,1.1211079767050884,-1.199403321797102,335.64976819712297,3.1519999504089355
404,-0.8346673768777044,0.8739518544172318,-0.37950039128719365,336.0698517447403,4.190999984741211
405,-0.9026905826851109,0.9244225588190975,-0.7445499866310534,336.50400587029515,2.8238000869750977
406,-0.9622516337826122,1.0101581563795294,-0.7388342745227021,336.9521620158182,0.2619999945163727
407,-0.9001033370697259,0.9212859556181343,-0.6739094583450738,337.4142494122591,6.172299861907959
408,-0.9073368911672748,0.950659747485858,-0.5689686663689204,337.89019509066094,5.395500183105469
409,-0.853663145012863,1.0363592419553487,-0.7988146395732137,338.379923893684,5.378499984741211
410,-0.838933394492953,0.9848402306008007,-0.9024990528134009,338.8833584874731,5.1234002113342285
411,-0.9525420032432746,0.9484724399469547,-0.6038080520624415,339.4004193738699,1.142199993133545
412,-0.9096479386678751,1.1562029315306006,-0.9071051015937208,339.9310249029664,0.8827999830245972
413,-0.9487640180452538,1.1182235624645098,-0.5866942419883847,340.4750912859987,2.8452000617980957
414,-0.928447995153472,1.0108249666677451,-0.41691295321951327,341.0325326085778,6.004300117492676
415,-0.8772260395646397,1.011779289618617,-0.6527881321522901,341.60326084425685,1.8187999725341797
416,-0.8671402152268854,0.9494083708659892,-0.428656780708314,342.18718586843136,6.088500022888184
417,-0.8678800929736101,0.8182213922244795,-0.6940749420996375,342.78421547257085,5.631100177764893
418,-0.983479095961225,0.9390562948674746,-0.26339473832537763,343.39425537878,0.9236000180244446
419,-0.9521863375214015,0.9528081853443817,-0.21892941166806787,344.0172092546856,1.301300048828125
420,-0.9663636228474906,0.9824671246393045,-0.6129751369477574,344.6529787286494,0.7856000065803528
421,-1.0185673090172007,1.0459349431292548,-0.5173877100195661,345.30146340530104,4.700799942016602
422,-0.9515838443739376,0.7000195093063581,-0.11572580222358526,345.96256088139296,2.0264999866485596
423,-0.9807482544171897,0.7834040821696305,-0.11391168587000954,346.6361667619698,0.3255999982357025
424,-0.827841243755441,0.7808729903600174,-0.7101268354820292,347.3221746768543,4.272500038146973
425,-0.9045949545253984,0.688646570908547,-0.39559853387270744,348.02047629744436,3.884999990463257
426,-0.8878087780327018,0.6499141508591249,0.12733948857341768,348.7309613538191,5.070199966430664
427,-0.9437566468475868,0.909921754556831,-0.21188303203416198,349.4535176521519,3.64739990234375
428,-0.9032439666141321,0.6074718597206104,-0.5218279969296039,350.1880310924271,4.259500026702881
429,-0.9022001544133755,0.5924411026833374,-0.38195088130117555,350.9343856864577,6.021399974822998
430,-0.9017583299439264,0.6406487001635441,0.053589657520448634,351.69246357620125,0.24150000512599945
431,-0.8780496975215116,0.726357113034581,-0.08410815627793848,352.4621450523713,1.8559999465942383
432,-0.896142788592338,0.6919382810306511,-0.38226207189559724,353.24330857333996,4.951499938964844
433,-0.91279319678437,0.8020162272377102,-0.30940763644115343,354.035830784332,4.795100212097168
434,-0.9059987139559185,0.565264458243956,-0.3548597672307522,354.839586536903,0.3312999904155731
435,-0.8295969392708423,0.8786780144226204,-0.058024492371185114,355.65444890870225,5.603300094604492
436,-0.8934432799216734,0.5999800432328292,-0.46819325917487603,356.48028922351494,5.722899913787842
437,-0.8560890674481949,0.6679897270152628,-0.4857009403838248,357.3169770715821,0.2329999953508377
438,-0.8388995054315247,0.6442929855878875,-0.33348471991816736,358.1643803301932,4.083099842071533
439,-0.9965624750193377,0.5950957526043591,0.2514437147372563,359.0223651845502,4.091800212860107
440,-0.9790294148100871,0.8304507392505213,0.045473163583575935,359.8907961488988,1.4703999757766724
441,-0.9466999668063365,0.8175679661085262,0.1842622685558196,0.7695360879222477,2.7720999717712402
442,-0.9179021363499695,0.5941405768896736,-0.16319317204876832,1.6584462383977154,3.4291999340057373
443,-0.9597490027795912,0.3690053148943331,0.5451882515896835,2.557386231107799,5.283899784088135
444,-0.846796373004474,0.5821081992799949,-0.30019321604886384,3.4662141130068065,4.61899995803833
445,-0.8599580778497501,0.42581969724411456,-0.06673759010660331,4.384786369636657,4.963200092315674
446,-0.9370790003572903,0.27034403341412666,0.6302864857180266,5.312957947789791,5.10260009765625
447,-0.918927300146029,0.012014228145868817,0.2593727068820562,6.250582278414051,1.0354000329971313
448,-1.0249135507042586,0.31703113971210295,0.676022909220457,7.197511299758538,4.760499954223633
449,-0.8906360285104473,0.1597753368183403,0.4854685122856964,8.153595480753651,4.770899772644043
450,-0.9145937390720841,0.08340809780684827,0.29746813734545435,9.118683844623696,1.4950000047683716
451,-0.9418992975413144,0.17120570387107756,0.5907836325792459,10.092623992728598,0.7408000230789185
452,-0.9034343449046578,0.10333892132380712,0.5837431313091861,11.075262128628616,0.11680000275373459
453,-0.8193267470966902,0.22584232260467765,0.6232257917767245,12.06644308237098,4.623899936676025
454,-0.8075439019182834,0.23954338086521684,0.1865801022934807,13.06601033499291,2.8338000774383545
455,-0.9146381814528344,-0.07906702844663317,0.7682212653377706,14.073806043238065,1.5312999486923218
456,-0.9223843091273712,0.17526686212273318,0.677020354062367,15.089671064481074,2.9626998901367188
457,-0.8843469615184271,-0.028889885958085632,0.745579463614182,16.113444981859047,5.665599822998047
458,-0.8568376918878033,-0.17077940174132028,0.7605680082775576,17.14496612960238,2.11680006980896
459,-0.8684704504223707,-0.05302421633846119,0.8223182638928777,18.18407161856407,0.09679999947547913
460,-0.9379551672119563,-0.1905331284489156,1.0357138169467255,19.23059736194172,1.9263999462127686
461,-0.8111391994026746,-0.36821687360734334,1.0958113845419986,20.284378101188736,0.8152999877929688
462,-0.7364425915372618,-0.29709210931840907,0.6674578429375134,21.34524743211059,5.02839994430542
463,-0.811535538388401,-0.3485227027629549,1.076062053246397,22.41303783114185,0.12460000067949295
464,-0.8644819616644139,-0.40358723805214175,1.114621471075998,23.487580681800523,6.022600173950195
465,-0.8436756541107403,-0.431371718999088,0.976274127699136,24.56870630131369,4.410699844360352
466,-0.8567498505694722,-0.28005801398962427,0.7428389262742898,25.656243967413452,1.0092999935150146
467,-0.7689924274859992,-0.47669111576970485,0.9855986498920887,26.750021945295117,1.200600028038025
468,-0.8068989825435564,-0.5265184545653729,1.0760804356881801,27.849867514736516,5.742199897766113
469,-0.7962856185093973,-0.263828494077421,0.9596356159905395,28.95560699737232,4.5954999923706055
470,-0.7168277570293254,-0.5793465868321923,1.2997016061336355,30.06706578412033,4.6890997886657715
471,-0.6421057099542592,-0.7127213880825121,1.2169547258541618,31.18406836275345,2.667799949645996
472,-0.7308452029162231,-0.7821555288267726,1.3434213248468663,32.30643834561579,5.33459997177124
473,-0.8260738801951233,-0.6907685024672374,1.6222099798389469,33.43399849747638,1.4668999910354614
474,-0.7992454997205561,-0.6217096986845806,1.5621182548867416,34.56657076351583,2.5857999324798584
475,-0.6695177378892213,-0.7501296110491513,1.511566275822067,35.70397629744438,3.5552000999450684
476,-0.6752471016056922,-0.8471935989029932,1.206957419917083,36.8460354897429,2.6545000076293945
477,-0.6886354849796633,-0.7553139645352481,1.446768277715971,37.992567996025784,1.9714000225067139
478,-0.6337250831683892,-0.8646685373185161,1.3930276968265065,39.14339276551918,2.3859000205993652
479,-0.6973916737385452,-1.024158349789852,1.7980301656375932,40.29832806965142,0.24809999763965607
480,-0.6708159097911517,-0.9707387217380505,1.5523742612077915,41.45719153074924,2.0655999183654785
481,-0.6799405153024868,-0.9046050103904224,1.4047565935633277,42.61980015083841,3.414599895477295
482,-0.6897715695940851,-0.9222416542883972,1.719078597114591,43.785970340540416,4.469399929046631
483,-0.6051696187979765,-0.9887648758714472,1.4569649482962024,44.955517948063395,2.4249000549316406
484,-0.6573535578413879,-1.1518551889156128,1.47861831422135,46.12825828828254,0.8661999702453613
485,-0.5399246531134895,-1.0858379052254934,1.382852520433927,47.3040061719032,0.22689999639987946
486,-0.41679162069734826,-1.1544012588016126,1.3499574562504637,48.482575934704855,1.9074000120162964
487,-0.5479596578537458,-1.1206653428969624,1.250877881755178,49.663781466859476,3.4351999759674072
488,-0.6112979417579752,-1.2289707547173563,1.5349503870466596,50.847436242320796,2.573199987411499
489,-0.630712644167696,-1.3680622592930576,1.6714976158521317,52.03335334827808,2.775099992752075
490,-0.47711992197063163,-1.1745737728400263,1.3475715509389463,53.22134551467296,3.4932000637054443
491,-0.5176751330801345,-1.4660145951953374,1.5775949927296682,54.411225143770736,2.0004000663757324
492,-0.30072323913646765,-1.4357763750088923,0.8520436768161057,55.60280433978418,4.406599998474121
493,-0.4126642670669503,-1.2092611789014656,1.0151428498118173,56.795894938545274,0.5960999727249146
494,-0.4433014464819657,-1.338719607045627,1.302199691814235,57.99030853721764,3.1512999534606934
495,-0.32713057226136455,-1.4679054843626314,1.0679311811273648,59.18585652404799,3.467600107192993
496,-0.3386194683936855,-1.4682115434628,1.5303160671396865,60.38235010814986,2.1240999698638916
497,-0.3914275664143543,-1.140550825462674,0.5420978317513923,61.579600349316394,4.411300182342529
498,-0.3687510664047065,-1.3561766049931696,0.9562840272633311,62.7774181878552,1.1023999452590942
499,-0.4001868918973677,-1.3473932928845618,1.0065235246927935,63.975614474444285,1.3206000328063965
500,-0.3137085569139439,-1.4935236356956672,0.7742474086997636,65.17399999999998,5.996399879455566
501,-0.4125306842156589,-1.4142108939895022,0.7089558469520812,66.37238552555569,1.2585999965667725
502,-0.29396909691965284,-1.6607676022699642,0.9875558663392596,67.57058181214477,3.933199882507324
503,-0.24494021064689722,-1.6152091320139486,0.5462425743225404,68.76839965068366,4.515999794006348
504,-0.3899073233272271,-1.5266565641192262,0.8012523065189865,69.9656498918501,3.9681999683380127
505,-0.3078548518489262,-1.3361175276943666,0.3068687764892507,71.16214347595198,6.131100177764893
506,-0.25256236093319356,-1.6511815652569153,0.3761665780953069,72.3576914627824,1.7555999755859375
507,-0.131493346401457,-1.3492316346425577,0.3122389411855476,73.5521050614547,5.143199920654297
508,-0.14049419456297507,-1.644154131829441,0.22073862746731804,74.74519566021578,2.544100046157837
509,-0.14728869471676836,-1.6972027281403737,0.17718266428322157,75.93677485622932,1.2487000226974487
510,0.0079669912447887,-1.7733224855958347,-0.22025504752039993,77.12665448532701,1.256600022315979
511,-0.08068344642711299,-1.6510450852730805,0.33001700618210567,78.3146466517218,1.1725000143051147
512,-0.08690393250085814,-1.732384895336881,0.22175752161752804,79.50056375767926,2.7325000762939453
513,-0.11637497190198398,-1.6537678706429741,0.02062017843427877,80.6842185331405,2.6598000526428223
514,0.006780262921571234,-1.9074205318499258,-0.20072336193489018,81.8654240652951,3.9755001068115234
515,0.048856304817113505,-1.7490860886923583,-0.11918114901695227,83.04399382809686,0.02710000053048134
516,0.09735347419159672,-1.6257779135174664,-0.2727215742053386,84.21974171171743,4.249499797821045
517,0.047460109592806485,-1.7041918667864502,-0.5302898427748951,85.39248205193657,2.163800001144409
518,0.13122356594870185,-1.7861315963450415,-0.54084894352648,86.56202965945963,2.805799961090088
519,0.13295874092057927,-1.721469926385079,-0.640197745079525,87.72819984916156,0.2727000117301941
520,0.29085696518961507,-1.7907048495914075,-0.48079220421479035,88.89080846925064,1.3006000518798828
521,0.16596450359992826,-1.6014870826096825,-0.7204663709189234,90.04967193034862,4.701200008392334
522,0.22174308038471158,-1.6968050271611503,-0.844642165147288,91.2046072344807,0.6004999876022339
523,0.21035578063978674,-1.747457058530367,-1.0287813754924118,92.35543200397417,1.4141000509262085
524,0.23596770660338917,-1.617378543732572,-0.8488809175967298,93.50196451025715,1.9767999649047852
525,0.3691926034958705,-1.5582536487759668,-1.2213039361582287,94.6440237025556,1.5372999906539917
526,0.38025101446600224,-1.4612245244159368,-1.0763178564000586,95.78142923648414,5.645500183105469
527,0.40596295025715134,-1.3518976709962796,-1.0585659845538435,96.91400150252367,5.135799884796143
528,0.4335266647196259,-1.4712463996954825,-1.078949039920388,98.04156165438418,2.512399911880493
529,0.32857922117345245,-1.3382344271471711,-1.3543292229958486,99.16393163724652,1.6475000381469727
530,0.5306846822152035,-1.3604327036713009,-1.3768425607659434,100.28093421587971,3.697999954223633
531,0.4842589203441217,-1.4766785234178548,-1.3213543885874854,101.39239300262756,0.8345000147819519
532,0.5222207560771788,-1.1206904788183802,-1.4578251297807185,102.49813248526345,5.700799942016602
533,0.6074466503349714,-1.5578759394567598,-1.4255467452084687,103.59797805470485,4.486000061035156
534,0.49388097481427135,-1.3332380863998237,-1.4004542954162733,104.69175603258651,4.433300018310547
535,0.6031439369667191,-1.4198032708426584,-1.1670200919586915,105.77929369868627,1.7553999423980713
536,0.7257717229380258,-1.2932248376277695,-1.8702460858762897,106.86041931819953,0.8532000184059143
537,0.6659640381303822,-1.2639764263786066,-1.5945916992431424,107.93496216885812,5.424300193786621
538,0.684860435412429,-1.1369476373509897,-1.519339176353652,109.00275256788939,2.608599901199341
539,0.6136741017333216,-1.3751842935173024,-1.293976956374029,110.0636218988113,2.606300115585327
540,0.7812112284534581,-1.0374637152532329,-1.9601006492674573,111.11740263805825,0.8016999959945679
541,0.6415890343496428,-0.9590669852191772,-1.7282363023511254,112.16392838143591,2.8231000900268555
542,0.7709627033933204,-0.9346235670005729,-1.4278391406142057,113.2030338703976,1.0462000370025635
543,0.7439025966253501,-1.179356693399558,-1.6702534041134152,114.23455501814092,5.990900039672852
544,0.7723137785762203,-0.833549588065481,-1.6545915672420675,115.2583289355189,2.1891000270843506
545,0.8900563829976689,-0.8276572858285688,-1.731309506525515,116.27419395676199,1.8902000188827515
546,0.9102171122344865,-1.0586707924864678,-2.1641853377224836,117.28198966500706,1.329300045967102
547,0.8537998300663516,-0.6881767589233063,-1.8053918372347924,118.28155691762899,1.7175999879837036
548,0.9219825331177791,-0.924877924806502,-1.863652288248807,119.27273787137143,1.645799994468689
549,0.9371913986433705,-0.6539947408059157,-1.7943232154430035,120.25537600727137,4.9807000160217285
550,0.9416464703294544,-0.9411600024831919,-1.6500102739603166,121.22931615537627,4.0543999671936035
551,1.0303276553575937,-0.6121465488062819,-1.7603432671883077,122.1944045192464,4.093500137329102
552,1.0708866807552775,-0.2659623844901801,-1.759542173269688,123.15048870024144,0.5070000290870667
553,1.1492791658340908,-0.36813114503455246,-1.568544724846255,124.09741772158586,4.254300117492676
554,1.0450197119671918,-0.4371342343196073,-1.1522385753141446,125.03504205221026,0.4945000112056732
555,1.1596124050027887,-0.40283933934546184,-1.4280748848512304,125.96321363036331,1.4185999631881714
556,1.138322732603897,-0.4219123173423898,-1.1187524097173203,126.88178588699316,1.5276999473571777
557,0.9521242107557247,-0.2787835460270965,-1.017202898994918,127.79061376889223,3.0053000450134277
558,1.048813141918862,-0.23927717369636586,-1.1473358855180131,128.68955376160227,0.6554999947547913
559,1.2687603154353486,-0.267463542825756,-1.3867912559434632,129.57846391207772,2.224299907684326
560,1.1061146234049626,-0.3683032669479955,-1.071605639558895,130.45720385110127,0.04270000010728836
561,1.079921030752219,0.06745425565764389,-0.9862635581474327,131.32563481544977,6.235799789428711
562,1.1644656907727664,0.18527591945321747,-0.6611856220095077,132.1836196698068,2.3557000160217285
563,1.1639340177445245,0.07845330474917615,-0.6234070017459937,133.03102292841794,6.232100009918213
564,1.3474496194256698,-0.011026485801465884,-0.8138421295996917,133.86771077648498,1.2336000204086304
565,1.3654677932246422,0.007282686968495593,-0.7376813692256342,134.69355109129773,2.1547000408172607
566,1.2113682677935607,0.10932000782065379,-0.7206005135774517,135.508413463097,5.5817999839782715
567,1.375085669828095,0.1305705947116141,-0.3624603316277109,136.31216921566798,0.34150001406669617
568,1.2540103583927276,0.32310537714656495,-0.42381472135696735,137.10469142666,5.025100231170654
569,1.344347678845982,0.34795243765147577,-0.5452914522144439,137.88585494762876,1.1377999782562256
570,1.3279329853464208,0.38821734320072016,0.2692536929205207,138.6555364237987,4.887899875640869
571,1.3695810424640331,0.05946651194249463,-0.21811212599049082,139.4136143135423,5.348700046539307
572,1.3793003592499795,0.3818634897685638,-0.3089441682565833,140.15996890757296,4.444900035858154
573,1.2282011768775103,0.5408582859647934,0.2704121929518428,140.8944823478481,1.2062000036239624
574,1.442565790682225,0.3158530387735104,0.4968118352464072,141.61703864618087,5.913899898529053
575,1.4024671622170017,0.46468796210613356,-0.15094091799578666,142.3275237025556,5.065000057220459
576,1.3925493912633422,0.40216773688497515,-0.009315012504580767,143.02582532314568,3.7111001014709473
577,1.3934784401741924,0.8297790283664792,0.35530672107183425,143.71183323803024,2.7985999584198
578,1.2931043534856974,0.6206491923447,0.49360050133665195,144.38543911860708,5.7769999504089355
579,1.4801353925761749,0.41658048221980953,0.8987941457506599,145.04653659469895,5.2164998054504395
580,1.5769476820058677,0.7798301993601399,0.13827479903506826,145.69502127135064,3.4885001182556152
581,1.4473960019519392,0.8323182228173576,-0.007477374690188291,146.3307907453144,3.9228999614715576
582,1.4492122818417463,0.4164991470382907,0.7704295117474984,146.95374462122004,2.023200035095215
583,1.295444347053296,0.7780444602516985,0.6366889807634735,147.5637845274291,2.3234000205993652
584,1.483390140890025,0.46223258659109945,0.6614825770397961,148.16081413156866,0.019099999219179153
585,1.558034944701585,0.9246916188637572,0.5444632801485921,148.74473915574316,6.192800045013428
586,1.3205910710990039,0.7138161578614239,0.9635827676001393,149.31546739142215,0.4097999930381775
587,1.5613996589809156,1.1199661629582165,0.8841686611905804,149.8729087140013,0.147599995136261
588,1.5228150695697866,1.2075602074068577,0.6869279755136586,150.4169750970336,3.442199945449829
589,1.5068646331089204,1.0282152853241893,1.1576749129728696,150.9475806261301,5.766300201416016
590,1.5321261968513842,1.0444024969105488,0.8817724152306945,151.4646415125269,3.084399938583374
591,1.5453127422505581,0.7380366420541404,0.8619118776423426,151.96807610631598,5.093900203704834
592,1.482118211548931,1.0355020019268846,1.0731138120116397,152.45780490933905,5.091899871826172
593,1.635060656156868,0.8915219320542547,1.0003202950938785,152.93375058774097,3.3973000049591064
594,1.5016453651362451,0.830394228192474,1.1703558285301463,153.39583798418175,1.7639000415802002
595,1.4893844750946887,0.8197779479223123,1.0100492319818177,153.84399412970487,4.298799991607666
596,1.462782504794782,0.9553598696888612,1.2435246606632855,154.27814825525974,2.639899969100952
597,1.4844462620961023,1.0579591212707748,0.5528215082798587,154.698231802877,4.59630012512207
598,1.515395824048117,1.0299015261757274,1.2821314802385295,155.1041784364948,4.55019998550415
599,1.6385512254208932,1.1005734302137435,1.1867166749121898,155.4959240524338,3.6763999462127686
600,1.3965275026118942,1.0061426438427548,1.0077389441015623,155.87340678951992,5.613800048828125
601,1.4648114209525032,0.9866885377484949,1.0367370741321316,156.2365670388531,3.137700080871582
602,1.5295568909041304,1.0749872296369005,1.3848854735012577,156.5853474532201,1.0805000066757202
603,1.4542029411388302,0.9135134587011289,1.286826001175013,156.91969295615027,0.4693000018596649
604,1.5393792776564799,1.1470983744531245,0.9554959932147206,157.2395507506128,4.394700050354004
605,1.4860371342910976,0.9546233207861872,1.1622911353928211,157.54487032735418,2.6401000022888184
606,1.6467490142300227,1.0657993502129384,1.4546474052379916,157.8356034728737,3.5046000480651855
607,1.5387079888861979,1.1079796543259692,1.501952736519438,158.11170427703752,2.4123001098632812
608,1.4374790502033583,0.893015738764269,1.277936085509324,158.3731291403279,2.108099937438965
609,1.511488928624771,1.090693068060747,0.8452272436325019,158.61983678072846,3.737600088119507
610,1.6323872561950983,1.078662383504121,0.7075271835368467,158.85178824024285,1.3968000411987305
611,1.5903632328428385,1.0359120945982208,1.0523940776990297,159.06894689104672,3.7527999877929688
612,1.5264493420333487,0.8581122802329744,1.0276393650133901,159.27127844127176,5.684299945831299
613,1.530295385343426,1.322572772375901,0.7048756171095975,159.45875094042066,4.595900058746338
614,1.551120446359618,1.1602535567745706,0.8488536839225334,159.63133478441256,5.8933000564575195
615,1.5638555997048804,0.9264283651006098,1.0235721866503713,159.78900272025783,5.305099964141846
616,1.4781515664385352,0.9206381722058092,1.6788334448405173,159.93172985036165,3.3524999618530273
617,1.6203388317832137,1.0414369737774367,0.810836781807376,160.05949363645567,6.208799839019775
618,1.5385077685023758,0.7904847731292046,1.3744424383056992,160.17227390315696,1.1812000274658203
619,1.5296028181879895,0.9969307367452126,0.8125640822156348,160.27005284115398,0.09920000284910202
620,1.6406921846810842,0.9772094681477344,1.5613308923796914,160.352815010019,4.104300022125244
621,1.498490233217156,0.8537744577029686,1.480782607915103,160.42054734064607,0.75
622,1.5942083902840232,0.9244155947385716,1.3897284555054945,160.4732391373151,5.074100017547607
623,1.654629981557824,1.1050276563541785,1.9720614502428653,160.51088207938048,3.2718000411987305
624,1.6311364401105573,0.996674468495491,1.268119247124074,160.53347022258532,4.479599952697754
625,1.569189080148025,0.9719130247172971,1.0416644521913063,160.541,4.5991997718811035
626,1.6873126649451706,0.9934718478600459,1.1106378948560505,160.53347022258532,6.228700160980225
627,1.5802248108959602,1.1938059617280323,1.34145170864683,160.51088207938048,0.9132999777793884
628,1.4274560975945183,0.9843450171939723,1.2025205100211303,160.4732391373151,0.6225000023841858
629,1.4509877839055405,1.123684720839697,1.010259975550299,160.42054734064607,5.08620023727417
630,1.5403200898299276,1.1803759618923437,1.1134003951200233,160.352815010019,3.6098999977111816
631,1.6646777850688186,0.6938388368324943,0.7347279636845668,160.27005284115398,5.433700084686279
632,1.649012870775732,1.0749712215727152,0.9747330786683912,160.17227390315693,4.671599864959717
633,1.4957150590257178,1.0027597432140571,1.2759234736628124,160.05949363645567,0.6743999719619751
634,1.5948767466313418,0.9204813134379051,0.9682520058051021,159.93172985036165,3.1136999130249023
635,1.5486542853264231,1.3242783324274037,1.0292877997843053,159.78900272025783,4.051400184631348
636,1.5373203142700127,0.8583003773477531,1.0347184117508774,159.63133478441256,0.6764000058174133
637,1.536953426923365,1.1668930028805018,1.2531699439377368,159.45875094042066,5.82480001449585
638,1.5988792143650243,1.0964252982338076,1.1801457213182407,159.27127844127176,5.300099849700928
639,1.6236576080514036,0.9649638009774386,0.2548439330436252,159.06894689104675,0.5152000188827515
640,1.4959076763419694,1.2864316827058317,1.1583195073414896,158.85178824024285,2.271199941635132
641,1.7388270889556399,1.108459924675862,1.2311074393695345,158.6198367807285,0.6420000195503235
642,1.5906152699147016,0.8102594614304998,0.9061334055476913,158.37312914032793,5.085999965667725
643,1.5308610923296737,1.2497090217293387,0.9219003541987557,158.11170427703752,2.6939001083374023
644,1.699344855533242,1.042696047319233,0.8899134078351577,157.83560347287374,3.1819000244140625
645,1.570867599873862,0.8074970484516928,1.1753087850103427,157.54487032735418,3.4820001125335693
646,1.4707313921502416,0.819757420554897,1.20961867422977,157.23955075061286,5.460899829864502
647,1.5663401419603091,0.911379009727932,1.0609734589081685,156.91969295615024,5.882299900054932
648,1.4212281540829832,0.9390328774660807,1.048014692002685,156.5853474532201,3.386399984359741
649,1.6100352466081467,0.9496482806478745,0.9880643542780633,156.23656703885308,3.47379994392395
650,1.506127851921352,1.0517425392261643,0.9410790275476545,155.87340678951995,3.0541999340057373
651,1.6570577630293974,0.9545375114792248,1.1605275002418942,155.49592405243382,0.15109999477863312
652,1.5339427630102676,1.1826949763439776,0.8313076237459154,155.1041784364948,1.9627000093460083
653,1.5876897439956983,0.969173242208297,1.6666119195920663,154.698231802877,0.4341999888420105
654,1.5375555298817627,1.1916156927786556,0.9314118682661483,154.27814825525974,0.7742999792098999
655,1.6472722434359603,0.9249297241967317,0.9574635148047048,153.84399412970492,5.84119987487793
656,1.4916569027697832,1.0786516037056715,0.9826000168852406,153.3958379841818,1.8909000158309937
657,1.5856315709908113,0.873891303013317,0.3614755342247732,152.93375058774097,5.206399917602539
658,1.609856355646451,0.8432446687605567,1.0775853402197997,152.45780490933902,5.904900074005127
659,1.4707805670067615,0.8762818934349602,0.40533361506406146,151.968076106316,6.093299865722656
660,1.3960374509391136,0.8863749134129189,0.6042570731461544,151.46464151252695,1.5134999752044678
661,1.501634346409546,0.6709491195745625,1.0046406024220431,150.9475806261301,0.9954000115394592
662,1.4846699210979895,0.9143381803829558,0.904272253541999,150.41697509703363,2.3236000537872314
663,1.5174943645336876,0.9799803006675427,0.8890261031318659,149.87290871400137,2.9725000858306885
664,1.429215855789197,0.7782721252237221,0.2111345937075982,149.31546739142215,2.1691999435424805
665,1.47952841685247,0.6646745452067434,0.4766768588356882,148.74473915574313,2.0195000171661377
666,1.5086932676126255,0.9830836719362102,0.9352341855436657,148.16081413156869,2.9286000728607178
667,1.4002807795111918,0.7657137571336995,0.5638013623268362,147.5637845274292,4.425600051879883
668,1.4915073684072477,0.6588475083534779,0.15497041020366817,146.95374462122004,6.047299861907959
669,1.4873127758803242,0.3914159889479175,0.5106580673594078,146.33079074531446,1.7039999961853027
670,1.5346661287937131,0.8938436288387265,0.24655076598121958,145.6950212713507,4.289299964904785
671,1.37889227166613,0.9529749565875476,0.6164685854473663,145.04653659469898,3.198899984359741
672,1.3702336966848583,0.4846116149109492,0.6749095561757832,144.38543911860705,4.437099933624268
673,1.3619691833005565,0.8240171976210111,0.20845615607915527,143.7118332380303,4.825399875640869
674,1.2916014591278677,0.6093326111527999,-0.12383692843226252,143.02582532314577,2.5085999965667725
675,1.2625591421025817,0.5293345862189093,0.021751239873222646,142.32752370255565,3.585200071334839
676,1.3828209804272418,0.5803218455596895,-0.05282435517850756,141.61703864618084,5.1570000648498535
677,1.2578161374868913,0.526199866448073,-0.023014779908701353,140.8944823478481,5.741499900817871
678,1.4848777261720252,0.4357771342034365,-0.17031256282494428,140.159968907573,0.8953999876976013
679,1.3504037175004115,0.3169643564810324,-0.47851005154801124,139.41361431354233,5.894999980926514
680,1.3084782435883406,0.2202227181361989,-0.301310974205247,138.65553642379876,0.06239999830722809
681,1.2484621496083657,0.3402289914645263,-0.41557366920773625,137.88585494762884,2.0789999961853027
682,1.2732078881303004,0.12163779829523426,-0.9147724718714254,137.10469142666005,4.592800140380859
683,1.3525580470785463,0.17876491044115456,-0.6779835506415225,136.31216921566795,6.265500068664551
684,1.2888336991403997,0.28760795698454655,-0.4571860626713563,135.50841346309699,2.561800003051758
685,1.2149911081231854,0.030563893701843693,-1.0035697034092135,134.69355109129782,5.957300186157227
686,1.2634769799176186,0.0772699665642676,-1.3258906226859086,133.867710776485,5.848199844360352
687,1.1896855330612042,-0.1674419141886106,-1.0407541459794338,133.031022928418,0.5637000203132629
688,1.100053384236094,-0.13780344276064024,-0.7840208693746955,132.18361966980683,6.072500228881836
689,1.0035338125800919,-0.015309398544051086,-0.9942328987708734,131.3256348154498,5.665299892425537
690,1.088752784920407,-0.435923527922907,-0.9622938910514249,130.45720385110124,1.1813000440597534
691,1.1089692114348362,-0.14401534493203128,-1.2425404573039431,129.57846391207778,0.3752000033855438
692,1.1865155997531973,-0.42953570717472445,-1.4248549216593533,128.68955376160238,2.0611000061035156
693,1.0682116041086755,-0.19999285283765844,-1.44955723108059,127.79061376889234,3.942699909210205
694,1.0317071076117261,-0.3191724174906556,-2.0072526386321057,126.88178588699314,3.882200002670288
695,1.0598744064493928,-0.38343867254522507,-1.4742772895932108,125.9632136303633,4.485099792480469
696,1.0838644886674689,-0.7135280042022955,-1.4035223854334995,125.03504205221029,5.775400161743164
697,0.8407270728936715,-0.44657191112984274,-1.5065829781964442,124.09741772158591,4.677499771118164
698,0.9924814464701608,-0.5545476306174008,-1.6583547120082653,123.15048870024148,1.3253999948501587
699,0.9938239920714983,-0.6417589393381573,-2.02314178685347,122.19440451924652,2.078200101852417
700,0.847814814363853,-0.798031263006514,-1.687137638665373,121.22931615537632,4.867000102996826
701,0.8948687250591447,-0.9512620360249467,-2.4405698020932625,120.25537600727135,6.1168999671936035
702,0.7318183875593451,-0.7672401474919185,-1.7370528032804031,119.27273787137142,4.899799823760986
703,0.7177818193058626,-0.6591590904939826,-1.7848145843576608,118.2815569176291,5.891900062561035
704,0.8324663036569021,-1.0405370402575294,-1.980132343755017,117.28198966500719,0.6883999705314636
705,0.8108309078487421,-0.8018919725283797,-2.2474043804068113,116.27419395676203,5.69379997253418
706,0.6229561011869623,-0.8880084003388579,-1.4484991267431115,115.25832893551888,0.5860000252723694
707,0.7332695553032923,-0.8604770194983771,-2.154150370670448,114.23455501814098,3.5685999393463135
708,0.7388615556995509,-0.9737291818876311,-2.0134964412506284,113.20303387039758,1.1893999576568604
709,0.6441697227687767,-1.1320404480152453,-1.7153923475910973,112.16392838143595,5.554100036621094
710,0.7101851473296212,-1.3068712052733342,-1.7884910933022145,111.11740263805838,4.608099937438965
711,0.7225039050527919,-1.0951720090274335,-1.9183645544004517,110.06362189881143,3.300299882888794
712,0.5484371053194318,-1.1864495717095844,-1.8188811829136753,109.00275256788936,1.4918999671936035
713,0.5526966155957039,-1.0452074264806914,-1.5033895858486932,107.9349621688581,2.848900079727173
714,0.5759702845553986,-1.2690627780884087,-1.422940783152899,106.86041931819958,5.189799785614014
715,0.4399800406837116,-1.1187625476445466,-1.51291241936888,105.77929369868626,0.597599983215332
716,0.5169391762268443,-1.3326654980396189,-1.3173586659140493,104.69175603258657,6.042200088500977
717,0.38203123704406233,-1.2772343922217655,-1.1026159538288292,103.59797805470498,2.4089999198913574
718,0.3694646094700495,-1.2277151423895167,-0.9731665597771364,102.49813248526351,4.755000114440918
719,0.5519623775300277,-1.3793549973800292,-0.915638512564596,101.39239300262754,5.543600082397461
720,0.38775277383597584,-1.4294425564710012,-0.9442401656737216,100.28093421587968,0.15649999678134918
721,0.48532229029782864,-1.4868375228084643,-0.9852096114553136,99.16393163724666,0.29269999265670776
722,0.335487445471509,-1.4848056044637803,-0.911037040150353,98.04156165438431,4.764900207519531
723,0.3922137402083122,-1.5948662423286502,-0.9865715496956436,96.91400150252372,4.126299858093262
724,0.24515617587946517,-1.6646346366929234,-0.8932787185506926,95.78142923648412,4.297699928283691
725,0.2716309719588927,-1.5370682746235336,-0.7790162412569328,94.64402370255566,0.10339999943971634
726,0.2772579398991866,-1.6744307411456623,-0.8121079439198582,93.50196451025704,5.251999855041504
727,0.13390233743403396,-1.6807997035435593,-0.3141591662681845,92.35543200397424,6.020299911499023
728,0.26038232434276287,-1.7248035506541344,-0.5737337440457644,91.20460723448085,5.798799991607666
729,0.14191159015710697,-1.6387583356415822,-0.4784119910056383,90.04967193034877,0.19460000097751617
730,-0.005048259152583095,-1.6352029571633087,-0.3004088177313794,88.89080846925062,0.4189999997615814
731,0.12305703111518987,-1.697927440038041,-0.5432855833476288,87.72819984916154,1.3265000581741333
732,0.12739426196222603,-1.6363116533001754,-0.571656505421919,86.56202965945968,5.6743998527526855
733,-0.005812282205113399,-1.5498951962221035,-0.6199856705346471,85.39248205193671,0.8736000061035156
734,0.04035728002298619,-1.5237331680313553,-0.4447453175756281,84.21974171171749,5.733099937438965
735,0.005635327915861272,-1.6642710643646623,-0.335351599458583,83.04399382809692,3.531599998474121
736,-0.045255000480021484,-1.5852416908190576,-0.3779573470978571,81.86542406529517,0.3880999982357025
737,-0.029662940723314893,-1.6475481735898492,-0.22277158333770591,80.68421853314038,6.189899921417236
738,-0.08186351813232455,-1.5898233762454201,-0.1779638211633859,79.50056375767923,3.6242001056671143
739,-0.07725713522694679,-1.8382905692510192,-0.11424204807571196,78.31464665172194,3.980299949645996
740,-0.21588380260154885,-1.4683535763841942,0.30435360212116563,77.12665448532715,4.56879997253418
741,-0.09832285363406283,-1.6325364800098092,0.46803508241257996,75.93677485622938,5.7733001708984375
742,-0.2715392744651955,-1.606492720009417,0.2815193189884394,74.74519566021576,1.219499945640564
743,-0.2769148617467961,-1.3386934034235276,0.38879417732929133,73.55210506145475,2.243000030517578
744,-0.2825214687541043,-1.54285007302858,0.5702096176287899,72.35769146278247,0.6712999939918518
745,-0.35092723631730866,-1.3705198544825767,0.9550588207460038,71.16214347595204,5.070000171661377
746,-0.4136863206267127,-1.409745496878592,1.2926762639595755,69.96564989185016,2.365999937057495
747,-0.34376569964412723,-1.3305172821095674,0.568558640882061,68.7683996506838,5.414899826049805
748,-0.3438556560974445,-1.24044762455394,0.8178002565610121,67.57058181214465,5.8140997886657715
749,-0.33662117106447803,-1.358918845241129,0.8399917505080108,66.37238552555566,0.8259000182151794
750,-0.4400063024740286,-1.3261325656697327,1.0889788671591942,65.17400000000004,0.531000018119812
751,-0.35465226218555096,-1.3230311714233542,0.994401171213812,63.97561447444443,3.396899938583374
752,-0.43877530082720273,-1.3022533344582414,1.1392718902969667,62.777418187855254,4.991000175476074
753,-0.44685410468733733,-1.2307473388430237,0.9918944831530764,61.57960034931645,4.185800075531006
754,-0.4092597270829855,-1.1662085411151886,1.2279333939567703,60.38235010814992,4.858799934387207
755,-0.46375147763518415,-1.0738970775311873,1.137096806713034,59.18585652404805,1.3859000205993652
756,-0.43901068368130425,-1.0749510498409172,1.1232577198510298,57.99030853721762,0.6467999815940857
757,-0.5444488976028226,-1.4498933458596004,1.578071509523101,56.79589493854533,0.36390000581741333
758,-0.4674492452613649,-1.4327410876898534,1.293497433871874,55.60280433978432,1.798699975013733
759,-0.4701702778397554,-1.3292106928985987,1.407623861247628,54.41122514377071,2.9293999671936035
760,-0.5856677898184761,-1.2053531981206695,1.6885608558213232,53.22134551467294,5.294400215148926
761,-0.6063953675711661,-1.184260848961476,1.8168369752625464,52.03335334827814,4.132400035858154
762,-0.5946752346518475,-1.0223701095655349,1.608508908823104,50.84743624232085,1.8841999769210815
763,-0.5661310199807514,-1.2489462675109213,1.5937252333140004,49.66378146685953,6.19789981842041
764,-0.7211542724768228,-0.9403913521007452,1.5598827410980904,48.48257593470492,1.6162999868392944
765,-0.6107146330430756,-0.9890978794830759,1.18870091375839,47.30400617190334,2.4728000164031982
766,-0.594317017002575,-0.9515488163435163,1.269488362761752,46.128258288282595,5.301300048828125
767,-0.6130722757494881,-0.8994804306950873,1.2928774555095803,44.955517948063374,0.15530000627040863
768,-0.7607077999836984,-0.9625397612669009,1.3699695413264936,43.78597034054039,0.6315000057220459
769,-0.6836734518168243,-0.8770815846332225,1.3546993020727136,42.61980015083854,5.532899856567383
770,-0.679574736669041,-0.7327904612202979,1.2917871276281723,41.4571915307493,5.0218000411987305
771,-0.6411616268529828,-0.7608126036693657,1.185243121435682,40.298328069651475,1.0492000579833984
772,-0.6451986903122546,-0.8957829172413303,1.3528160733362822,39.14339276551923,4.17110013961792
773,-0.7343770301682577,-0.6781230723399714,1.3350104462738237,37.99256799602585,1.183899998664856
774,-0.7532041054227947,-0.7267756033222286,1.3368627860129327,36.846035489742874,4.212399959564209
775,-0.7419355782995022,-0.6402634405599902,1.1085778562690636,35.70397629744443,3.801800012588501
776,-0.7891659669741266,-0.7676366974445257,1.6833486470799413,34.56657076351597,4.632199764251709
777,-0.6901451479564954,-0.6379105501878538,1.5623316485825398,33.433998497476516,1.69350004196167
778,-0.7626951965676529,-0.40743125485229936,1.3065289215983464,32.30643834561576,2.727299928665161
779,-0.8200392898505001,-0.5519136287466521,1.148227116132673,31.184068362753422,3.421799898147583
780,-0.7418641493333882,-0.3923927826533124,1.0575396596656217,30.067065784120388,5.351600170135498
781,-0.8282427193037358,-0.4705295133890409,1.1288285175654975,28.955606997372378,0.8359000086784363
782,-0.7931975107091851,-0.392122793384293,0.9402209684341599,27.849867514736566,1.5887000560760498
783,-0.8681832062530834,-0.3129718567818317,1.0978463046293057,26.750021945295252,0.8985999822616577
784,-0.9311241722330381,-0.24309146177485255,1.2494074859917828,25.656243967413502,0.40790000557899475
785,-0.7530298987510374,-0.23685929172687076,0.8150925054510815,24.56870630131366,5.454500198364258
786,-0.8653643136050655,0.005184469340065073,0.7415531657089001,23.487580681800495,3.1977999210357666
787,-0.8550502718491001,-0.19367387090047194,0.8124654925090744,22.413037831141978,3.6963000297546387
788,-0.789906930775119,-0.0965017895679352,0.5958811697927188,21.345247432110718,1.1019999980926514
789,-0.8025884260152538,-0.3040625190024451,1.0033551289571383,20.284378101188793,0.9810000061988831
790,-0.9066627397619754,-0.11918089643127043,0.9712728456306027,19.230597361941697,0.31779998540878296
791,-0.8961236457373783,0.08044604558984146,0.8531235539458953,18.18407161856412,3.354599952697754
792,-0.9442284731390983,0.09244319182709436,0.7215983271060742,17.144966129602352,1.2582000494003296
793,-0.9186704514032967,-0.01787867692202397,0.838183586876251,16.113444981859104,0.8184000253677368
794,-0.7784801710690176,0.1357939259750683,0.1810447498486491,15.089671064481202,5.381999969482422
795,-0.9669374841236851,0.06910942349186926,1.053103022244487,14.073806043238179,0.7566999793052673
796,-0.9133361955358006,0.38644994329763444,0.2791382357077375,13.066010334992889,4.865900039672852
797,-0.9276205604888201,0.37306033413825734,0.5506845159077799,12.06644308237096,5.8242998123168945
798,-0.9608385768862274,0.43877551143054977,0.07193109292510087,11.075262128628665,1.0807000398635864
799,-0.9168516920663771,0.18787668415615238,0.7432465144692129,10.092623992728726,2.691499948501587
800,-0.8845867758771407,0.4483830507709588,0.20528247524931614,9.118683844623753,1.478700041770935
801,-1.0696073150583518,0.44180202154841963,0.550872371691862,8.153595480753694,5.489799976348877
802,-0.9192280494159002,0.2759184916098872,0.32392374235002375,7.197511299758581,1.5616999864578247
803,-0.8517011845055295,0.15342527170374212,0.6359176777160179,6.250582278414029,0.07119999825954437
804,-1.0346891152535054,0.448736205558522,0.3697901007189402,5.312957947789769,2.6010000705718994
805,-0.8758486721000086,0.21235203456298105,0.14671447484699096,4.384786369636771,5.881899833679199
806,-0.9599111417663138,0.6244365797626221,0.6194199866447412,3.46621411300692,2.4986000061035156
807,-0.898074513782196,0.5082062666874201,0.47519168964841674,2.5573862311078415,2.6956000328063965
808,-0.9967982103011587,0.6530469869934612,0.49826894357505996,1.6584462383976941,1.014299988746643
809,-0.8902678561492345,0.6217302483861692,0.03536765478263103,0.7695360879222903,1.8137999773025513
810,-0.8518360085886975,0.5185094044925496,-0.2305272007096058,359.89079614889886,4.372399806976318
811,-1.0249099860111714,0.9188615246914177,-0.11403849078359375,359.02236518455027,3.7551000118255615
812,-1.0157679270510076,0.7281472973319087,-0.00035130850932944623,358.16438033019324,4.497300148010254
813,-0.9028452684705406,0.4099194826010668,-0.2210812553991478,357.3169770715822,2.5125999450683594
814,-0.8235958180134768,0.7371257559486618,-0.27896446617670634,356.4802892235149,0.9399999976158142
815,-0.8434110103431813,0.617243083449564,-0.28410261174177426,355.6544489087022,0.3903999924659729
816,-0.9009672652626276,0.6613565894063353,-0.28987135930631996,354.8395865369031,2.6431000232696533
817,-0.8203931630446768,0.7178389048597503,-0.17329573937283368,354.0358307843321,3.604099988937378
818,-0.8804503438568408,0.6954526564597288,-0.25512525028626304,353.24330857334,0.6818000078201294
819,-0.8549038595416326,0.8163980040931796,-0.31550473151820774,352.4621450523713,0.298799991607666
820,-0.9416609565070337,0.8373491445374192,-0.3641940054991914,351.6924635762013,1.648900032043457
821,-0.9317645422480368,0.8088453849328716,-0.23810172111470337,350.93438568645774,0.4927999973297119
822,-1.042090747163842,1.0419319093154153,-0.26328261371592643,350.1880310924271,5.130300045013428
823,-0.8744061604715434,0.8159043096093583,-0.827318175240377,349.45351765215196,4.590700149536133
824,-0.85866304037336,0.6788336831176679,-0.2667817028507763,348.7309613538192,2.152100086212158
825,-0.7844701920372075,0.6758381896693283,-0.7000282691889202,348.0204762974444,5.303400039672852
826,-0.8711557598291387,1.0453362026485766,-0.4910392830611863,347.3221746768543,5.112299919128418
827,-0.8235573560191018,0.8125924790523252,-0.5357464710250297,346.6361667619698,2.7416999340057373
828,-0.8822279875992767,0.6211032175530091,-0.14484132985773382,345.96256088139296,5.575399875640869
829,-1.016372730760499,0.7462817036183248,-0.1334988710110146,345.3014634053011,1.545699954032898
830,-0.9965215964743638,1.0220606670639465,-0.5392258583260024,344.6529787286494,1.3669999837875366
831,-0.8713380031637564,0.7624432743055759,-0.36519788789544366,344.01720925468567,3.4179000854492188
832,-0.8842913824459339,1.1418900242021894,-0.7635374947585633,343.3942553787799,0.9083999991416931
833,-0.8623462931363443,0.9244923614129495,-0.4275823474748809,342.78421547257085,5.9695000648498535
834,-0.9071205575412411,0.9766347792580591,-0.6191391507738251,342.18718586843136,3.440700054168701
835,-0.8923522752250874,1.0665043455396939,-0.9911708068109628,341.6032608442569,2.3912999629974365
836,-0.8644878484623246,0.9749216858876134,-0.6911579777364121,341.0325326085778,2.287400007247925
837,-0.8764384746167772,0.8911358653845721,-1.34204055874367,340.47509128599876,5.5802998542785645
838,-0.935328753836493,0.9402970861520821,-0.3539694397229614,339.93102490296644,5.742599964141846
839,-0.956974401992389,1.0780264128097847,-0.8857974983238748,339.4004193738699,1.7235000133514404
840,-0.9914467096831174,0.8937293001764356,-0.5623694829879482,338.8833584874731,5.262599945068359
841,-0.8273384436394478,0.9540035215316105,-0.7151499384125568,338.379923893684,6.15880012512207
842,-0.9126705792669846,1.0326353025785464,-0.6958214223184368,337.890195090661,0.11219999939203262
843,-0.8592578166421775,1.194546277839888,-0.588730536192157,337.41424941225904,0.24789999425411224
844,-0.9000206841294316,1.151756433260033,-0.7777915905687629,336.9521620158182,4.262599945068359
845,-0.9038857142478941,1.0055744089476668,-0.745594188719518,336.50400587029515,3.922300100326538
846,-0.8233808638503446,1.0798980989564932,-0.9882183125749566,336.0698517447403,2.3958001136779785
847,-0.9063619041532037,1.0263334791323997,-0.9525552877036413,335.64976819712297,0.15320000052452087
848,-0.9630552028969614,1.3000641157341304,-0.8319470437682989,335.2438215635052,4.277900218963623
849,-0.8895680580927805,0.9453539869093158,-0.6312906996694007,334.8520759475663,3.928100109100342
850,-0.9782045570675875,1.0105606954437147,-0.6834113247320119,334.4745932104801,6.0640997886657715
851,-0.8061183423321158,1.1239655916630018,-0.79287643350977,334.1114329611469,0.5019999742507935
852,-0.8827372892241778,1.10354222208124,-0.9198960690048188,333.7626525467799,1.7964999675750732
853,-0.7974421599033601,0.9071487364810527,-0.9066526240901392,333.42830704384977,2.3443000316619873
854,-0.9484432186515822,1.0530675085395707,-0.7887405775940363,333.10844924938715,3.800100088119507
855,-0.8903723581641133,0.9851121106722661,-0.3337302074531816,332.80312967264587,5.308300018310547
856,-0.880485178635496,0.9894803731565,-0.8426999809472936,332.51239652712627,4.021900177001953
857,-0.8599586448815743,1.1361663722247628,-1.0733416510445126,332.2362957229625,4.025199890136719
858,-0.8779621807317262,1.1186668947730602,-0.8861295340308122,331.9748708596721,0.955299973487854
859,-0.8789512690067608,1.2043250621896862,-0.754254935901893,331.72816321927155,1.5226999521255493
860,-0.8808368463508848,1.1490197742329227,-0.7225642336539643,331.49621175975716,1.5241999626159668
861,-0.8780618395616265,1.338513913394847,-1.0017042723344114,331.2790531089533,4.5518999099731445
862,-0.9346941764749332,1.2384361909243782,-0.6274147202481926,331.0767215587282,5.014599800109863
863,-0.8865398222144243,1.4826262771960677,-0.7570784185070403,330.88924905957936,0.879800021648407
864,-0.8325064098838537,1.119397234634515,-1.142382595816657,330.71666521558745,1.1208000183105469
865,-0.9501151302530552,1.0605248178630706,-0.7133037156776136,330.5589972797422,0.3425000011920929
866,-0.8791298844679215,1.1743607179497306,-0.7975883347221825,330.41627014963836,5.972499847412109
867,-0.7597663651145367,1.1285896198275696,-0.9253637711163413,330.28850636354434,1.6583000421524048
868,-0.9034292686518158,1.1267405403385127,-0.7812795601990111,330.17572609684305,5.175000190734863
869,-1.0437405967228792,1.5189085613997597,-0.8497686627488813,330.07794715884603,2.67930006980896
870,-0.9484734388230472,1.2464868928568071,-0.8126928267038771,329.995184989981,3.0669000148773193
871,-0.8177160025411023,1.1904080106401993,-0.8764750086156176,329.92745265935395,5.662199974060059
872,-0.9929740560724233,1.1660612226614824,-0.7344093509658606,329.8747608626849,4.792300224304199
873,-0.8625143178086798,0.8308364786025623,-0.6600882872755248,329.83711792061956,0.3682999908924103
874,-0.7998683750000732,1.269028919858767,-1.1444412433867344,329.8145297774147,4.0346999168396
875,-0.7417315026582179,0.8297927462876722,-0.649472123778949,329.807,0.48249998688697815
876,-0.970654996598978,1.1706711151990201,-0.676488599244658,329.8145297774147,4.51639986038208
877,-0.8618476101843148,1.2652841974295388,-1.1436391163680457,329.83711792061956,3.8754000663757324
878,-0.8246154841728393,0.9866750390342875,-0.9478455302605325,329.8747608626849,2.2079999446868896
879,-0.7900710818097122,1.176495260968433,-0.9734463630799121,329.9274526593539,1.4744999408721924
880,-0.9272445482152221,1.188659508357041,-0.8147000126877951,329.99518498998106,5.520100116729736
881,-0.8926302582767078,1.0804227560083333,-0.9793309899109754,330.07794715884603,4.32859992980957
882,-0.8812794873515204,1.0965978822730664,-0.9200730431029686,330.17572609684305,2.0671000480651855
883,-0.8219075912429568,1.165813637563212,-1.092601672564305,330.28850636354434,4.450900077819824
884,-0.9443290601619184,1.2125244826868733,-0.8085341748292252,330.41627014963836,5.818999767303467
885,-0.8339567150249864,1.1582725336097857,-1.2060936359870393,330.5589972797422,4.650899887084961
886,-0.8997175627046395,1.2062641785200496,-0.9823934781149942,330.71666521558745,0.4763999879360199
887,-0.8991125308509307,1.1681916273411594,-0.6813846809758032,330.88924905957936,5.215700149536133
888,-0.8657379871822464,1.0176025863146207,-0.8137399186496223,331.07672155872825,1.413699984550476
889,-0.8507228438702193,1.280272716221091,-0.9378131877521025,331.27905310895324,3.7077999114990234
890,-0.7766603276408857,1.2448593664707426,-1.08383793722493,331.4962117597571,3.1858999729156494
891,-0.9072541823347758,1.1025829002899996,-0.7640481905984358,331.72816321927155,4.929999828338623
892,-0.9098571253980958,1.231438391226854,-1.0067992327793993,331.97487085967214,6.099100112915039
893,-0.8720866227802194,1.0906688445905082,-0.8258323381294405,332.2362957229625,4.217599868774414
894,-0.8819926945779702,1.0969088152448203,-0.9643104536497343,332.51239652712627,2.8980000019073486
895,-0.9177792666644072,1.1592031827622613,-0.9811108322361194,332.8031296726458,0.5333999991416931
896,-1.0176427486786719,1.1942358617814195,-0.8415479240722604,333.10844924938715,2.466900110244751
897,-0.8634237224476677,1.0318355156627095,-0.8986129033394001,333.4283070438497,0.05139999836683273
898,-0.9630466328680733,0.999844589224475,-0.43415361238747197,333.7626525467799,3.842900037765503
899,-0.898302558221892,1.2121934231112517,-0.9132144168525724,334.11143296114693,6.116700172424316
900,-0.8419665062166841,0.9498973453121144,-0.6948114925845055,334.47459321048007,1.6132999658584595
901,-0.9100802749407945,1.0030275944088445,-0.6590993464442045,334.85207594756616,4.668300151824951
902,-0.8798884971253333,1.2109642981003763,-0.9084297309454366,335.2438215635052,3.4052999019622803
903,-0.9354793599452546,1.1802348823282875,-0.5843081554239101,335.64976819712297,0.10100000351667404
904,-0.8171929118828358,1.0779674810458308,-0.6583601866030655,336.0698517447403,2.3736000061035156
905,-0.9227678302540028,1.114967394626343,-0.435709232718045,336.5040058702951,4.5808000564575195
906,-0.8991739239012992,1.059709547827284,-0.8208039890907834,336.95216201581826,0.482699990272522
907,-0.833192872648168,1.1322288303742294,-0.7356524016971523,337.41424941225904,2.670599937438965
908,-0.9737857382674375,1.1092815447724422,-0.9430335445268639,337.8901950906609,3.8517000675201416
909,-0.8771863644985737,0.8711351727022796,-0.6235175694050249,338.379923893684,5.311600208282471
910,-0.8513803131467776,1.1125802522995356,-0.48481367157592004,338.8833584874732,6.1016998291015625
911,-0.8602319337012747,0.9719377746732032,-0.6521417448956301,339.4004193738699,5.0040998458862305
912,-0.9043093670590516,1.1357560535313505,-0.8446588628208717,339.9310249029664,1.5640000104904175
913,-0.9040978861936462,0.9830994334906795,-0.5897145259952897,340.4750912859987,6.036399841308594
914,-0.8878957551286726,0.897648322645847,-0.5739971934866152,341.03253260857775,4.908199787139893
915,-0.9099875597205953,1.2624854262881824,-0.6342364794033112,341.6032608442568,2.08240008354187
916,-0.950156234979049,0.9828898595179584,-0.4882841941645018,342.18718586843136,2.8515000343322754
917,-1.0209418167737054,0.9792814200489588,-0.11667856335006116,342.7842154725709,5.874499797821045
918,-0.9043849776292207,1.0509399459568707,-0.8727215934648178,343.3942553787799,1.9737999439239502
919,-0.9148450709977275,0.9094097362641584,-0.3745806279197735,344.01720925468555,2.8907999992370605
920,-0.8081792794636432,1.055392317524843,-0.7393480495814617,344.6529787286493,1.0526000261306763
921,-0.871072743585285,0.6658509423113956,-0.31257428762803746,345.30146340530104,2.9235000610351562
922,-0.9884133546827781,1.145367543621902,-0.5393207055368102,345.96256088139296,6.158100128173828
923,-0.877612288630023,0.8223245572829696,-0.3219208728459401,346.6361667619697,4.829400062561035
924,-1.079761047694934,0.8435560257121478,-0.09008072142921969,347.32217467685433,2.1547000408172607
925,-0.9714034074259463,0.7890068494310347,-0.13383909032628652,348.02047629744436,4.530900001525879
926,-0.9783192011234711,0.9270217141916872,-0.12900861728539156,348.73096135381905,5.558700084686279
927,-0.9875292808033101,0.9417380809998094,-0.42383208929845556,349.4535176521518,5.679999828338623
928,-0.9064176526829038,0.8010420345342734,-0.12856931112691727,350.1880310924271,6.152299880981445
929,-0.8714186349966367,0.5683333284785468,-0.483737723183351,350.9343856864577,3.202500104904175
930,-0.9722182136748245,0.9124498366137238,-0.013391890456985696,351.69246357620125,4.806099891662598
931,-0.966826566132589,0.8253916582551425,-0.1886372519838797,352.4621450523713,3.6654999256134033
932,-0.8895168276912495,0.534882517774147,-0.28816209083555094,353.24330857333996,0.7989000082015991
933,-0.976070020378505,0.6807870805397568,-0.1870663859907646,354.03583078433195,1.3432999849319458
934,-0.8950275223491841,0.6407576176207996,-0.26380586773806447,354.839586536903,1.1187000274658203
935,-1.01438284370464,0.7312093806494538,0.14621046213083608,355.6544489087023,5.148799896240234
936,-0.8318962158900132,0.5867611830326083,-0.0962628702124455,356.480289223515,4.968100070953369
937,-0.9925033724458805,0.47295263012821126,0.23953490448360962,357.316977071582,2.083899974822998
938,-0.8381559084775153,0.5627899981329674,-0.10692357269484543,358.164380330193,1.7312999963760376
939,-0.9988356842004208,0.42767249845114635,0.0851775320917545,359.02236518455015,0.9172000288963318
940,-0.9557247933160792,0.5686128152885604,-0.02350111034576798,359.89079614889874,1.8451999425888062
941,-0.9637350854581468,0.24283301235069385,0.5078330920284433,0.7695360879222335,0.09929999709129333
942,-1.0048145663495422,0.335440137303263,0.5315960839527175,1.6584462383977652,1.448699951171875
943,-0.898260124656531,0.5455358653132041,0.3453008423291275,2.5573862311077917,2.849299907684326
944,-0.9086195298501047,0.31894755366083616,-0.15066662216444715,3.4662141130067283,3.1221001148223877
945,-0.9215629127083693,0.2937346681735878,0.3306884977961436,4.384786369636572,4.336100101470947
946,-0.8936452109834616,0.5617267494606956,0.059504274569900116,5.312957947789833,4.978700160980225
947,-0.9967643562003029,0.42024262283197666,0.42213408352718146,6.2505822784141,3.459399938583374
948,-0.8344595191652355,0.18009787159170432,0.43287472936339655,7.197511299758517,4.090000152587891
949,-0.8450952284292912,0.3326897357955132,0.6787784223497951,8.153595480753488,2.482800006866455
950,-0.8869634579592696,0.10629385624744414,0.543077422754261,9.118683844623689,3.519200086593628
951,-0.8852549765770131,0.10859908501770349,0.8408352768920452,10.092623992728512,1.5104000568389893
952,-0.9189241803560787,0.24548618900682592,0.227224579445175,11.075262128628594,1.4696999788284302
953,-0.9675266867092576,0.36987553696747394,0.7497061565367161,12.066443082371038,0.9437999725341797
954,-0.8443084178167977,0.11172481012114412,0.6480566017390332,13.06601033499296,0.599399983882904
955,-0.8793913630473832,0.027039921764577757,0.6729936415175636,14.073806043237965,2.3041000366210938
956,-0.7505935487979842,0.06818725103050333,0.49165730855926965,15.089671064480989,3.8364999294281006
957,-0.7303372955898964,-0.011652828072458736,0.43251827746610694,16.113444981859026,2.1668999195098877
958,-0.8680032228859261,0.0025525431977677787,0.5207689129487497,17.144966129602437,4.848999977111816
959,-0.8180500685954007,-0.019501760566021337,0.7685330110426642,18.184071618564055,4.871099948883057
960,-0.8173461232741721,-0.017660706690569447,0.5904165450439955,19.230597361941626,6.097499847412109
961,-0.7985617618760736,-0.3973257952743978,0.6868889031257275,20.284378101188715,4.396399974822998
962,-0.8299974763927089,-0.225684637611391,1.0846644221173696,21.34524743211049,1.0644999742507935
963,-0.7791372635651576,-0.5829073076304843,1.0815392787176668,22.41303783114175,2.040800094604492
964,-0.7833498729362508,-0.30663940689230373,0.9887566268319832,23.487580681800573,4.2778000831604
965,-0.8122523960601419,-0.4928619997814698,1.2341876427582645,24.56870630131374,0.4487999975681305
966,-0.7449944144152795,-0.27364918574816727,0.9810813442040991,25.65624396741343,2.2964999675750732
967,-0.9019401428179735,-0.24637551164889257,1.0362878952842418,26.750021945295025,1.7305999994277954
968,-0.8425127345913875,-0.7033804616046565,1.2281668469113356,27.849867514736495,4.36870002746582
969,-0.7904573443674693,-0.2990473642158444,0.8118169117171179,28.9556069973723,2.1939001083374023
970,-0.7041114397920404,-0.6203598087509167,1.2106396772577053,30.06706578412031,1.36080002784729
971,-0.7343325497305803,-0.49880836421371033,0.9815057410420808,31.184068362753507,6.220099925994873
972,-0.730301246729571,-0.6343909660215538,1.331379679413198,32.306438345615845,5.974400043487549
973,-0.7189004705919652,-0.5491712200785003,1.218620003985801,33.43399849747628,3.6217000484466553
974,-0.6494726941527748,-0.8650440217034198,1.401991743084825,34.56657076351573,5.99459981918335
975,-0.7531923302718958,-0.7828986664268717,1.4042687991874487,35.70397629744435,4.386000156402588
976,-0.7287071786835341,-0.9496038221707988,1.418399113748575,36.84603548974296,4.490499973297119
977,-0.6348210534744053,-0.8952398697174753,1.2469754703200788,37.99256799602577,3.0302999019622803
978,-0.618506280742442,-1.0130419823919568,1.198286836300989,39.14339276551915,2.756700038909912
979,-0.7402758424685534,-0.9047503729069805,1.789960825212824,40.2983280696514,1.444000005722046
980,-0.6587577213267847,-0.7698954035043841,1.7869300765009084,41.45719153074922,3.6763999462127686
981,-0.6398600624828983,-0.993717444955963,1.4008093716174204,42.6198001508383,2.52239990234375
982,-0.6826382018599362,-0.8724225445584529,1.5530799108492512,43.78597034054047,2.422800064086914
983,-0.6518488766222912,-0.9746592681917484,1.3697849582160604,44.95551794806346,1.901900053024292
984,-0.6498910386661488,-0.8623574174119719,1.4038546560206613,46.12825828828251,3.2741000652313232
985,-0.6102322423288375,-1.0311212228236493,1.2534045500672406,47.3040061719031,1.9342000484466553
986,-0.6459657687140887,-1.1005932816217976,1.6786793678544105,48.48257593470484,3.8210999965667725
987,-0.46150616951064755,-1.2553843503742088,1.6165073580740204,49.66378146685945,2.6939001083374023
988,-0.595777015438611,-1.1799384029297348,1.7145860344823782,50.84743624232077,1.3295999765396118
989,-0.5433245141152151,-1.172892417176524,1.4081748357947812,52.033353348278055,2.975800037384033
990,-0.528746022612966,-1.0778199826454293,1.2489267482292454,53.221345514673025,5.232600212097168
991,-0.5364355846027306,-1.2369238885866647,1.4740586455149867,54.41122514377062,2.277899980545044
992,-0.465741069882468,-1.121555111656731,1.3347727876271904,55.60280433978407,2.687299966812134
993,-0.5639276459699054,-1.2598260708279425,1.4998673854455329,56.795894938545246,4.4415998458862305
994,-0.383362251611967,-1.3070680568845436,1.2297749093053676,57.99030853721771,3.306299924850464
995,-0.4455778155705296,-1.3001466107098794,1.142406669825643,59.18585652404796,3.9231998920440674
996,-0.44188828115127027,-1.3140601853081264,1.1289133813541008,60.382350108149836,3.7648000717163086
997,-0.4347379206752318,-1.357951268794253,0.9576102681826304,61.579600349316365,4.231900215148926
998,-0.46993685585554656,-1.4179170036748534,1.1650891126297422,62.777418187855176,2.0731000900268555
999,-0.37867205048490904,-1.2360951181386668,1.09491467875898,63.97561447444418,3.1552000045776367
