frame,psi1,psi2,psi3,csv_gt_angle,inplane_angle_rad
0,-0.21503170136145958,-1.5905969987826598,-0.3148444775260162,65.174,0.5972999930381775
1,-0.16198149386031593,-1.4356599218362003,-0.30497452523011426,66.3723855255557,5.399799823760986
2,-0.14779636160899287,-1.4653181011600955,-0.45340368384951024,67.57058181214477,3.1321001052856445
3,-0.2098701572167294,-1.5302443456444386,-0.3239865144624859,68.76839965068365,2.317699909210205
4,-0.10797852846976606,-1.5145450077449987,-0.09348033971744553,69.96564989185009,6.278299808502197
5,-0.08788073824831227,-1.5443725988594057,-0.019467694536575094,71.16214347595204,2.6526999473571777
6,-0.03272577781399718,-1.531979563258884,-0.0005445678370481889,72.35769146278237,4.134300231933594
7,-0.12482519209017512,-1.536987077251897,0.03635640793642487,73.55210506145472,2.3225998878479004
8,-0.027022548530269374,-1.6138205575012488,0.21735458508607836,74.74519566021581,3.8647000789642334
9,-0.055124612775186564,-1.5480993107531342,0.042607876184685235,75.93677485622933,2.219599962234497
10,0.04474270501764743,-1.4874727915149075,0.3644097718084507,77.12665448532701,1.2000000476837158
11,0.0454190159662447,-1.5451738904870265,0.4201011791309809,78.31464665172189,0.6075000166893005
12,0.044605064827358556,-1.5481924466242247,0.387212600374797,79.50056375767925,5.600800037384033
13,0.08296287829008653,-1.5438349837810095,0.4161002436438626,80.68421853314047,1.0867999792099
14,0.18645697743039022,-1.5933167551479743,0.6105188233336988,81.86542406529516,0.35350000858306885
15,0.173733175785095,-1.5994771600013116,0.6339268448210389,83.0439938280968,4.42579984664917
16,0.19632736592118608,-1.4896717865251887,0.6915640622281246,84.21974171171746,6.245699882507324
17,0.19561937648440758,-1.5965718998707443,0.5593366544635456,85.39248205193658,3.8466999530792236
18,0.29056670084974234,-1.625105279590593,0.7474323113081855,86.56202965945964,5.737599849700928
19,0.2907260995037515,-1.5722730502452191,0.8395234376131636,87.72819984916156,1.6100000143051147
20,0.27030686732483833,-1.5443791613564386,0.923890652504351,88.89080846925071,5.309500217437744
21,0.32833028562772015,-1.5452568015731152,1.0754302833475966,90.04967193034861,4.5472002029418945
22,0.3065133764293658,-1.5459559569419303,0.7324680125421414,91.20460723448076,2.2932000160217285
23,0.37421198955922963,-1.466169333338297,1.030803002150325,92.35543200397422,1.8485000133514404
24,0.3674140285471038,-1.398759997139246,1.2248382385608072,93.5019645102571,0.9460999965667725
25,0.5107140263973525,-1.4263145712471597,1.2555843464140188,94.64402370255561,2.994999885559082
26,0.4957297528051504,-1.3716291362144337,1.3644876023351953,95.78142923648416,2.8680999279022217
27,0.44320494446441094,-1.4680058463462193,1.3943732554321833,96.91400150252367,1.6171000003814697
28,0.5312144616151763,-1.454603536050141,1.2987310771214025,98.04156165438417,1.593500018119812
29,0.6317012087030609,-1.2641279690033347,1.4503682544702574,99.16393163724659,5.687600135803223
30,0.5990075675128237,-1.2929081997300336,1.4459818317119586,100.28093421587968,4.448599815368652
31,0.6856489193419982,-1.1068834114468096,1.3833174877654426,101.39239300262761,0.08659999817609787
32,0.6254532459758055,-1.133512038932441,1.584360356250237,102.49813248526348,4.150599956512451
33,0.689389077447143,-1.099517676514133,1.6164142163922024,103.59797805470487,3.5527000427246094
34,0.7107692478835379,-1.126846579806155,1.5235526216678554,104.69175603258654,0.19689999520778656
35,0.7530834207939857,-1.0305450799284006,1.5448740547620472,105.7792936986863,4.252500057220459
36,0.7061138294459088,-1.0630104780343295,1.5122729347604782,106.86041931819952,6.2642998695373535
37,0.7239160452886882,-1.0115725375510938,1.6207031464876132,107.9349621688581,1.0484000444412231
38,0.7927903804846056,-0.8622906340357505,1.406271575258789,109.00275256788944,1.3007999658584595
39,0.81686625153379,-0.8915136988939703,1.4820292108110422,110.06362189881128,2.5627999305725098
40,0.9105183971391245,-0.805937869497615,1.6850684736058712,111.1174026380583,3.963399887084961
41,0.8982439843239113,-0.8191999069298702,1.3741637310951402,112.16392838143592,1.9259999990463257
42,0.8933457922775309,-0.7548499682490817,1.5156457077059982,113.2030338703976,2.883500099182129
43,0.9542703533067471,-0.6680520457525899,1.4489786248991714,114.23455501814092,0.9930999875068665
44,0.8843342326135416,-0.6458936766935331,1.5115563623297572,115.25832893551889,1.4735000133514404
45,0.9988632299074764,-0.7938474822972155,1.4173393215687078,116.27419395676199,1.5819000005722046
46,1.0094774309940049,-0.6272988178887556,1.5067275310598587,117.28198966500705,2.8761000633239746
47,1.0763149192988928,-0.6270987301573995,1.4507401442263423,118.28155691762903,0.39480000734329224
48,1.1240912450448457,-0.5386548561774473,1.4474799192424361,119.27273787137139,0.6990000009536743
49,1.0199027142447035,-0.41723102209309476,1.1041783377299896,120.25537600727141,4.777200222015381
50,1.0699693960031973,-0.4760257229969756,1.3087228757388976,121.2293161553763,4.546800136566162
51,1.107233953523605,-0.5109454022998572,1.2976388793978664,122.1944045192464,0.5480999946594238
52,1.0520813343587114,-0.3832597483329924,1.2831579770659585,123.15048870024145,3.380500078201294
53,1.0186144051584245,-0.32855201444359744,1.196092289594222,124.09741772158591,0.5407999753952026
54,1.1812118268165548,-0.25044190402426697,1.3071364121955502,125.03504205221024,4.097599983215332
55,1.2424710713343878,-0.2425138535413491,1.4250888078204733,125.9632136303633,2.2151999473571777
56,1.1270335670933844,-0.198285106181217,0.9868406959267987,126.8817858869932,4.4618000984191895
57,1.1289664696691006,-0.13708984233381577,1.1137776944944038,127.7906137688922,5.353300094604492
58,1.2040199157535107,-0.09726956752670653,1.059941917212489,128.6895537616023,1.9844000339508057
59,1.2070850976258614,-0.16794518077793386,0.9893250161761429,129.57846391207772,0.682699978351593
60,1.2446315705029602,-0.04521599776815121,0.8799476062261172,130.45720385110127,1.1146999597549438
61,1.1930057669022875,-0.011927183369456746,0.907464804884711,131.3256348154498,0.7240999937057495
62,1.2532828494727681,0.19531646761052834,0.6490987645553066,132.18361966980686,2.425299882888794
63,1.264556054300231,0.05511108208913587,1.031254358788515,133.03102292841794,0.9531999826431274
64,1.248273617655169,0.07237843051543522,0.9108586848837824,133.867710776485,4.209700107574463
65,1.2719883405335564,0.2376773972430429,0.6125470054413186,134.69355109129776,4.812300205230713
66,1.2402484769204134,0.23272380503460546,0.563688047311991,135.50841346309699,5.948500156402588
67,1.2743169348595345,0.23518312255474055,0.5713047158611531,136.31216921566798,0.7810999751091003
68,1.3607516434426659,0.2095029212063888,0.5533590561291681,137.10469142666,1.1633000373840332
69,1.3209703780888378,0.3691790010593497,0.4329367099717613,137.88585494762876,2.390199899673462
70,1.3044751078533365,0.36340631607647383,0.4506994554372841,138.6555364237987,1.0654000043869019
71,1.301561843326717,0.31155150756113076,0.588477047269873,139.41361431354233,0.3028999865055084
72,1.2036103473437132,0.36870788655160563,0.16521760402533991,140.15996890757293,3.0095999240875244
73,1.3601905419634313,0.39679629835405794,0.368439296928624,140.8944823478481,2.8236000537872314
74,1.401658387687014,0.5543031061540535,0.29062716762901086,141.6170386461809,5.540500164031982
75,1.3424131861352686,0.5200344840225751,0.30318442095269843,142.32752370255562,6.249300003051758
76,1.365435397922618,0.5830648036981142,0.0035690651908021984,143.02582532314568,4.612100124359131
77,1.3438703688403923,0.7425056618100792,0.19570726335314986,143.71183323803024,3.9823999404907227
78,1.3999391906647558,0.64585972937303,0.017641579915906588,144.38543911860705,3.861999988555908
79,1.323360178058138,0.6891996403597181,-0.03222670473881455,145.04653659469895,5.635499954223633
80,1.3709462294674244,0.6981072061313138,-0.24127388167580915,145.6950212713507,1.5317000150680542
81,1.401158850057128,0.6722453409866875,-0.2958799231181452,146.3307907453144,2.9337000846862793
82,1.3292525427698594,0.7209111513515313,-0.33356844657378354,146.95374462122004,2.065000057220459
83,1.2987674004509102,0.7686599005743359,-0.6494195617417186,147.56378452742916,1.1871999502182007
84,1.4007452642378844,0.8009310970948276,-0.5271178750166392,148.16081413156866,1.024399995803833
85,1.3617924454991164,0.7447824858615574,-0.6857495424938445,148.74473915574316,5.777500152587891
86,1.3756111262260964,0.757454817495578,-0.549350468237932,149.3154673914222,2.882200002670288
87,1.3747501506389894,0.8746173560345861,-0.4448387162903208,149.8729087140013,4.368800163269043
88,1.4238304755445175,0.9881840492574756,-0.6785394130614153,150.41697509703357,3.9869000911712646
89,1.2891043290331197,0.8875939380663946,-0.8720382037069325,150.9475806261301,5.089600086212158
90,1.3642483341177605,0.8460207037871154,-0.8385875891563114,151.4646415125269,0.7936999797821045
91,1.3634509884780983,0.9612524701676277,-0.8785038201157445,151.968076106316,3.6273999214172363
92,1.421323267731244,0.8692577240642668,-0.9772437602887477,152.45780490933905,2.803800106048584
93,1.3284431402692483,1.0405891381741812,-0.8195906487543969,152.93375058774097,2.152899980545044
94,1.373371226733173,1.088184387106194,-0.8988630131969598,153.39583798418175,4.09119987487793
95,1.3615853102518798,0.9415939641596104,-0.9283592415775377,153.84399412970487,4.251800060272217
96,1.36087700563135,0.9519228095798892,-0.8738008525852512,154.27814825525974,0.9355999827384949
97,1.4051664953065912,1.122234826699075,-0.9730043756423349,154.69823180287702,5.906599998474121
98,1.2543288269033446,0.9653228171658642,-0.8132416676668194,155.1041784364948,5.892899990081787
99,1.368305918418719,1.0927659181736686,-0.9644368528367572,155.4959240524338,3.03629994392395
100,1.412799238562742,1.1556474204263878,-1.3966782828411868,155.87340678951992,4.975299835205078
101,1.2950255498892342,1.0576047138589033,-0.8512856934112795,156.2365670388531,1.215399980545044
102,1.2980842350181074,1.076999299681715,-0.8821058220735986,156.5853474532201,3.293100118637085
103,1.3648160647623195,1.0638671857733741,-1.057845197670293,156.91969295615024,6.24459981918335
104,1.2918324103372187,1.1593464430177016,-1.3784343171497229,157.23955075061284,5.892600059509277
105,1.2812482919828214,1.0673422259647551,-1.3051470187025425,157.54487032735418,3.1851999759674072
106,1.3239639979057083,1.1436096340352293,-1.31621213785645,157.83560347287371,0.9157999753952026
107,1.291462814555236,1.1417504564738767,-1.2102919655831155,158.11170427703752,3.112799882888794
108,1.2672142654450123,1.0850570144380542,-1.1797247626414376,158.37312914032793,2.150099992752075
109,1.3102290832784294,1.2821100703406367,-1.3230147896780715,158.61983678072846,4.797500133514404
110,1.3592129573274188,1.1577841993842863,-1.210155737931027,158.85178824024285,2.2304000854492188
111,1.2974739667843982,1.1464692335945552,-1.3748236501709743,159.06894689104672,4.632699966430664
112,1.310491643193914,1.2065557012202084,-1.421467419302818,159.27127844127176,5.851500034332275
113,1.263225233107187,1.1014630033965456,-1.35116505419403,159.45875094042066,3.139899969100952
114,1.2956327579953362,1.2260150567428605,-1.3337549591795665,159.63133478441256,3.3015999794006348
115,1.327040388682704,1.2730312664478236,-1.3816167928709544,159.78900272025783,1.1660000085830688
116,1.2654981389523996,1.1415215333362132,-1.4077449676284979,159.93172985036165,0.5002999901771545
117,1.2816198770260852,1.1580528332248643,-1.4506660091330463,160.05949363645567,2.6047000885009766
118,1.3108270197692449,1.154857125375218,-1.2882666506142035,160.17227390315696,0.36419999599456787
119,1.3290908888341413,1.2614051895369993,-1.4285033973174865,160.27005284115398,2.004199981689453
120,1.2961626561860917,1.1723602092044028,-1.3065627743385606,160.352815010019,0.7972000241279602
121,1.2379125596475042,1.2223076004055666,-1.1572874381933547,160.42054734064607,3.135999917984009
122,1.2494122291911736,1.3021305894460529,-1.4321010124656164,160.4732391373151,5.562399864196777
123,1.2586445422619408,1.144593443768322,-1.1695285701774316,160.51088207938048,2.625200033187866
124,1.4060941367064292,1.2543471396932722,-1.4461783556433707,160.53347022258532,3.069200038909912
125,1.279681937864796,1.186540763722666,-1.6280562282421316,160.541,2.5680999755859375
126,1.4186201783559327,1.1111656293491565,-1.2257769466893293,160.53347022258532,3.0278000831604004
127,1.351420296051804,1.0676650579248983,-1.3917836925759433,160.51088207938048,5.994999885559082
128,1.2708418320856447,1.151735353801002,-1.4375430246568435,160.4732391373151,4.167900085449219
129,1.3263493592396325,1.24217645444423,-1.1250507798613711,160.42054734064607,4.3480000495910645
130,1.330063270319841,1.1942309763241843,-1.2755006425518631,160.352815010019,1.7246999740600586
131,1.291359947025923,1.1975660987284955,-1.4015683543218573,160.27005284115398,1.277400016784668
132,1.253449293832434,1.1078082072179523,-1.2652625064083889,160.17227390315696,1.649399995803833
133,1.305848360916046,1.240265066949573,-1.3277578371906198,160.05949363645567,2.0596001148223877
134,1.2537895428253005,1.1347392141829022,-1.1439458932541475,159.93172985036165,5.2708001136779785
135,1.3036616680074204,1.1782796717032216,-1.329389404872488,159.78900272025783,0.6686999797821045
136,1.2520447783041329,1.1986508657486237,-1.19479980394396,159.63133478441256,2.0025999546051025
137,1.352729644472271,1.2661938929720136,-1.4110345422349524,159.45875094042066,5.77400016784668
138,1.3224513800507511,1.1302240752885886,-1.4784856940698374,159.27127844127176,5.496200084686279
139,1.3848982399028358,1.1331574647620197,-1.2654855486554344,159.06894689104675,4.503799915313721
140,1.2476594767961853,1.1633690396235117,-1.2503082967193888,158.85178824024285,1.6567000150680542
141,1.3476130052997177,1.023498082437128,-1.1260249703096576,158.61983678072846,1.2344000339508057
142,1.2044082923961936,1.1561845894353384,-1.2200818069442514,158.37312914032793,2.4200000762939453
143,1.3214345187670493,1.169373079628025,-1.1895836448551784,158.11170427703752,4.616499900817871
144,1.3302353613124278,1.2141024229957724,-1.050651213057101,157.83560347287374,4.4816999435424805
145,1.4015069229494417,1.131311191536361,-1.1930408064629396,157.54487032735418,5.8155999183654785
146,1.3545063443517809,1.1181414639257214,-1.1672365124628603,157.23955075061284,0.7602999806404114
147,1.3035392611400245,0.9484475817147542,-1.1979910640273275,156.91969295615027,0.3319999873638153
148,1.3034750841565714,1.030253325723874,-1.1154635179903678,156.5853474532201,3.517899990081787
149,1.2534555405224208,0.9517429492383526,-0.9307824616030188,156.2365670388531,2.2121999263763428
150,1.3512173664804132,1.0640038482491445,-0.8725365351475105,155.87340678951995,5.3649001121521
151,1.3774773189216492,1.0396024529527628,-0.8563176567049499,155.4959240524338,3.90939998626709
152,1.3436151566348924,1.027269693057129,-0.8420112549599945,155.1041784364948,2.422800064086914
153,1.3082769244136958,1.0046149294132067,-0.900455341649828,154.69823180287702,5.903500080108643
154,1.2980385673832748,0.975052593586076,-0.8520480618908481,154.27814825525974,6.0131001472473145
155,1.3369674673783156,0.8790004596909891,-0.9133444877720496,153.84399412970487,1.157099962234497
156,1.4106164577688796,0.9500719917261272,-0.9151894448142089,153.39583798418175,2.8373000621795654
157,1.304935187943356,0.9762435797730881,-0.7248700552243631,152.93375058774097,4.423600196838379
158,1.3357599109445784,1.0589307086267257,-0.7722935292540299,152.45780490933905,0.6044999957084656
159,1.3089410830032417,1.054964850067153,-0.7215128661071747,151.968076106316,5.314199924468994
160,1.2817870681617205,0.8207134488192137,-0.49653386151873313,151.4646415125269,1.0615999698638916
161,1.3194367985076638,0.7633232642812872,-0.5667523682041806,150.94758062613013,3.19320011138916
162,1.351900751614451,0.815664402726834,-0.42429393178096636,150.4169750970336,4.2932000160217285
163,1.3202394527432206,0.7667698109583092,-0.4131295490651012,149.8729087140013,5.400000095367432
164,1.3674227039009614,0.7522560201625829,-0.44110739778819474,149.3154673914222,5.69980001449585
165,1.346469401901666,0.7272811693627408,-0.28333809912795893,148.74473915574316,4.76609992980957
166,1.3386865505571859,0.7721938760627219,-0.32711057512880765,148.16081413156866,3.149899959564209
167,1.3381060907445115,0.6504010116087798,-0.2713839862580735,147.56378452742916,3.6760001182556152
168,1.3377786424091749,0.6766440576391418,-0.250249303845651,146.95374462122004,1.5848000049591064
169,1.3187609258453599,0.5576416359350731,-0.09266243581331848,146.33079074531437,5.14169979095459
170,1.3691453034564232,0.6536277982124198,-0.23940764145426627,145.6950212713507,2.3361001014709473
171,1.3918566985142755,0.6181027919545333,-0.1520928486865312,145.04653659469895,5.613699913024902
172,1.2819988192976575,0.47018738215086525,0.2555348042038164,144.38543911860708,1.4631999731063843
173,1.3234978352024231,0.4375104324722071,0.1128250223557427,143.71183323803027,3.9493000507354736
174,1.305287628128829,0.37315120864417883,0.37745665229109454,143.02582532314568,0.4011000096797943
175,1.3573984712524805,0.3646998587308299,0.31729576229118145,142.32752370255562,3.025899887084961
176,1.278524150289694,0.36593225819806213,0.39026449551750303,141.61703864618093,3.2274999618530273
177,1.3400666140661313,0.4427555127571737,0.258788463193561,140.8944823478481,1.503499984741211
178,1.334113333460132,0.3162949710005388,0.47107885350521633,140.15996890757293,0.39250001311302185
179,1.236395876085611,0.2601848924102666,0.5553050874886106,139.41361431354233,3.653599977493286
180,1.2698845123179965,0.2728160806574965,0.5806142598369906,138.6555364237987,4.606200218200684
181,1.323172797867481,0.25313047539485684,0.6318539064895825,137.88585494762873,1.5108000040054321
182,1.355364042988658,0.21997420435898682,0.7017027209137242,137.10469142666005,3.9110000133514404
183,1.3290489714804619,0.18945640442294429,0.8397820385796086,136.312169215668,0.9023000001907349
184,1.2629286055083475,0.17548888192892315,0.6569296080449554,135.50841346309699,4.77370023727417
185,1.2425938635242262,0.09392835704596977,0.7911637963764064,134.6935510912978,1.3916000127792358
186,1.2338697674504577,-0.12052757651243308,0.5017835377555704,133.86771077648504,0.5054000020027161
187,1.246989897664345,-0.11623258453690775,0.870456847233672,133.03102292841788,4.334400177001953
188,1.2244207676068837,-0.10498398159855045,0.9574472697725037,132.18361966980686,4.757999897003174
189,1.2747884630930877,-0.012443637925876275,0.9650856598705713,131.32563481544977,3.252000093460083
190,1.2087786156049511,-0.07665064737700067,0.9345841581021244,130.45720385110124,6.021200180053711
191,1.1630711950285495,-0.2804311448838821,1.09690582365198,129.57846391207778,0.9686999917030334
192,1.241673550872306,-0.2249427476264835,1.1317820715669265,128.6895537616023,3.9639999866485596
193,1.1358565418463316,-0.1615281010316177,1.1793370860180747,127.7906137688922,3.7204999923706055
194,1.0718769938760027,-0.327703470159372,1.0680726535507084,126.88178588699323,0.8655999898910522
195,1.147471243997183,-0.41538565441022923,1.4899025114402913,125.96321363036331,0.2985000014305115
196,1.1082574050169245,-0.38158305242709273,1.4008429056233507,125.03504205221026,5.858399868011475
197,1.185878168662282,-0.4217781311715901,1.4481421785546618,124.09741772158596,0.620199978351593
198,1.061764676780319,-0.45351936079646854,1.2815828073123698,123.15048870024143,4.832900047302246
199,1.0739747053589408,-0.5402988593542404,1.3267065182863749,122.1944045192464,3.430500030517578
200,1.0360843981786265,-0.4395679027400727,1.4168653556113888,121.2293161553763,4.274899959564209
201,1.071131218435861,-0.4628678987525487,1.4165681258849065,120.25537600727141,1.1921000480651855
202,1.0043896013981652,-0.5829957620803669,1.448569540682948,119.27273787137139,0.04349999874830246
203,0.9724898834996878,-0.7333950810220534,1.530748902148441,118.28155691762905,2.38319993019104
204,0.9193733042039939,-0.6654648536596101,1.4884377941692664,117.28198966500706,4.082300186157227
205,0.8722482655984117,-0.7989652691978433,1.5057345808598586,116.27419395676199,0.7160999774932861
206,0.8699263362355899,-0.7596647346123817,1.4497329981190903,115.25832893551893,5.642899990081787
207,0.9050757393994487,-0.7559282708676619,1.4099126009699965,114.23455501814095,3.3966000080108643
208,0.8842809066080426,-0.8942507828567902,1.4293036665729322,113.20303387039759,1.8716000318527222
209,0.9015986822292259,-0.9408891284044458,1.5650570985834764,112.16392838143594,4.594799995422363
210,0.8233292495439587,-0.8331601124937663,1.3561306435487817,111.11740263805828,4.711900234222412
211,0.7919269550377386,-0.9307381666987061,1.5382702406107736,110.06362189881126,0.6876000165939331
212,0.7066621737057527,-1.0223658643988445,1.3767853485964163,109.00275256788944,0.967199981212616
213,0.7121893951749555,-1.021918872835379,1.4102897768554128,107.93496216885812,5.869800090789795
214,0.6409628326760912,-1.0289335750167525,1.3948302899251197,106.86041931819952,3.6784000396728516
215,0.6050581787090351,-1.1937190304544776,1.316981634225117,105.77929369868632,2.882699966430664
216,0.6921983452479509,-1.1313857300086596,1.5157499798839495,104.69175603258655,4.125899791717529
217,0.6653425482263721,-1.1875286385220736,1.4992814555571619,103.59797805470488,5.371799945831299
218,0.5657695793902984,-1.2515046809686976,1.5283832375711062,102.49813248526354,4.266900062561035
219,0.5223970218145972,-1.3086900469455793,1.3515731571234648,101.39239300262761,4.265900135040283
220,0.5217449073043252,-1.3387612151614656,1.4014045698483255,100.28093421587967,5.101099967956543
221,0.512046756033366,-1.2239601195449286,1.3836840486932076,99.1639316372466,5.150199890136719
222,0.4730188865246315,-1.3621175551559932,1.3271176648250107,98.04156165438417,6.012599945068359
223,0.4463048500032227,-1.4272629516815123,1.4025784308285802,96.91400150252366,4.135900020599365
224,0.4219473533292497,-1.408950008696538,1.2475934278373548,95.78142923648417,4.15310001373291
225,0.3784269429937623,-1.40053765977317,1.1734219560272636,94.64402370255563,4.142300128936768
226,0.3644636636090569,-1.530701938861867,1.09390896169397,93.5019645102571,0.03590000048279762
227,0.3517833505095562,-1.4441950779076413,0.9146932738584008,92.35543200397424,2.065000057220459
228,0.2931587704911987,-1.4809520762080608,0.8152248905062335,91.20460723448079,4.592599868774414
229,0.23007209778218884,-1.6044981092258896,0.7063246846714532,90.04967193034862,5.0524001121521
230,0.22609035366616134,-1.4813061654685564,0.7078123150211088,88.89080846925071,1.6684999465942383
231,0.23515450734969104,-1.5997035013335166,0.7145031753739945,87.72819984916156,3.8912999629974365
232,0.21215110397114717,-1.5878895888868927,0.7290985626870576,86.56202965945963,2.6586999893188477
233,0.1838342713428162,-1.553941036279542,0.6804348701682512,85.39248205193661,1.7726000547409058
234,0.06549972988477706,-1.4990763555927458,0.42966703814125673,84.21974171171746,4.55620002746582
235,0.07314107102084487,-1.65046950394844,0.2560802018960803,83.0439938280968,2.89490008354187
236,0.08719742129466163,-1.5086472394398047,0.14539789098274353,81.86542406529519,1.9127000570297241
237,0.035917004067327556,-1.6568099235474247,0.2642923243108132,80.6842185331405,2.246799945831299
238,0.06485621327249982,-1.5760603624432434,0.2828423241465268,79.50056375767926,0.6226999759674072
239,-0.022736327382407877,-1.5386764339410086,0.19340123085207084,78.31464665172193,4.917200088500977
240,-0.02006182290208351,-1.6319582703653268,0.08719037895738227,77.12665448532704,4.685699939727783
241,-0.04414837464566753,-1.54499424290258,-0.010042207272157171,75.9367748562293,5.384799957275391
242,-0.05974508591266137,-1.5656563756529218,0.007140212438899182,74.74519566021583,3.7228000164031982
243,-0.07767467936561552,-1.5634551809736459,-0.28471060857193603,73.55210506145472,1.1878999471664429
244,-0.11709654814543448,-1.4441708085443805,-0.2423607931479641,72.35769146278236,1.368299961090088
245,-0.1429230419122791,-1.570578237291626,-0.1507854440189732,71.16214347595205,3.022200107574463
246,-0.18821957320053898,-1.5112643121778564,-0.36006448647068967,69.9656498918501,1.1055999994277954
247,-0.22496527136456493,-1.4321129172980196,-0.5695584905835841,68.76839965068365,5.384399890899658
248,-0.19436373400115226,-1.5021670959328393,-0.3865595631860069,67.57058181214481,1.7275999784469604
249,-0.20038132739829528,-1.4198612076142616,-0.41216993678984265,66.37238552555571,0.6820999979972839
250,-0.20744056287039592,-1.4718659859886762,-0.3589579659430709,65.17400000000002,4.352799892425537
251,-0.2621557236902556,-1.5010280086446524,-0.5053463383852813,63.97561447444432,1.1993000507354736
252,-0.3165908919888579,-1.4688130872825613,-0.874430366718253,62.77741818785523,0.5914000272750854
253,-0.32775006126029316,-1.3503059282006076,-0.6283664137383442,61.57960034931634,1.080299973487854
254,-0.3688301527045533,-1.5018223887810858,-0.7622129547872032,60.382350108149936,0.23340000212192535
255,-0.3327229954368703,-1.4182249492687666,-0.6295659455973335,59.18585652404798,1.4706000089645386
256,-0.3683070011465993,-1.3268279023964331,-0.9541691951298882,57.99030853721764,1.8514000177383423
257,-0.41286443569499914,-1.3610963926776756,-0.8648895854095403,56.79589493854531,1.03410005569458
258,-0.3855511935042524,-1.2691198648403996,-0.8333807465606443,55.602804339784214,6.276800155639648
259,-0.4400404536622352,-1.2810364288834095,-0.8891405220122204,54.41122514377068,1.1857999563217163
260,-0.48112600384075654,-1.289777797287585,-0.9270276387448947,53.22134551467304,3.2147998809814453
261,-0.4114948899346487,-1.2739606857229004,-1.0781964365356311,52.033353348278155,0.9878000020980835
262,-0.4312979472069908,-1.1953597451875602,-1.119346799737786,50.84743624232074,3.6070001125335693
263,-0.4878075058190905,-1.2562762502188067,-1.400327939241952,49.66378146685955,3.228600025177002
264,-0.48891101034519274,-1.1170857013761355,-0.9704761182831674,48.482575934704855,4.7519001960754395
265,-0.5330417481532232,-1.2579947034009473,-1.1303463374798044,47.3040061719032,3.9702000617980957
266,-0.5236121717602552,-1.2140758206322957,-1.0227997631140924,46.12825828828257,3.1624999046325684
267,-0.5532227936910588,-1.1675264850989542,-1.3255515753932539,44.95551794806343,2.915299892425537
268,-0.5313203069349473,-1.067401753409751,-1.1270704171682657,43.78597034054037,4.305699825286865
269,-0.5314605337953263,-1.0557935513370018,-1.3143212376580706,42.619800150838486,4.670199871063232
270,-0.6363684614881148,-1.0099233991302192,-1.120977977029666,41.45719153074932,4.740499973297119
271,-0.6052875317952952,-1.0168111315382387,-1.2380416116810726,40.29832806965142,1.728700041770935
272,-0.5995384205848034,-0.955803600862352,-1.3079708225249806,39.14339276551925,1.503499984741211
273,-0.6499463054855299,-0.9940142807593942,-1.497482691397928,37.992567996025784,4.138299942016602
274,-0.6783199749868993,-0.9090095585018877,-1.0862197174844321,36.8460354897429,4.702400207519531
275,-0.6594944382190853,-0.9094592645853865,-1.2732407656882907,35.703976297444406,5.658999919891357
276,-0.6958724281001167,-0.9517154343085293,-1.4035002652446953,34.566570763515855,2.2697999477386475
277,-0.7596854727592846,-0.8157708495976047,-1.5640436096653738,33.43399849747633,0.5160999894142151
278,-0.6746145697720071,-0.6663854412715288,-1.4717094342173898,32.30643834561586,1.2599999904632568
279,-0.7144252737728375,-0.73037316769617,-1.4092579637230986,31.184068362753436,3.5095999240875244
280,-0.6696028751810449,-0.6774788278359934,-1.3615658163262654,30.067065784120324,4.396699905395508
281,-0.7168369568218013,-0.6304177409673638,-1.3499403507068284,28.955606997372435,1.215000033378601
282,-0.77384813300728,-0.6992511022141398,-1.3079685607505154,27.849867514736545,0.34470000863075256
283,-0.7229914364813744,-0.6935170916355824,-1.3504094888071858,26.750021945295117,4.2758002281188965
284,-0.7872213594551125,-0.5321105778476819,-1.4080145014717544,25.65624396741348,2.382499933242798
285,-0.833124286393664,-0.5234613777151297,-1.3733181449036103,24.568706301313718,5.00029993057251
286,-0.8788618849709539,-0.513163273344601,-1.4653471620976548,23.487580681800473,5.110799789428711
287,-0.7974298735514301,-0.4383332121512313,-0.8919246569652046,22.413037831141914,4.472499847412109
288,-0.8552911226730602,-0.4256166312921697,-1.2570009870152354,21.345247432110583,4.916500091552734
289,-0.8600306253719996,-0.43972922569528416,-1.2321350525450323,20.284378101188736,0.12790000438690186
290,-0.8394771546974334,-0.4514318735153559,-1.3083678978147222,19.230597361941754,5.643400192260742
291,-0.844944804935941,-0.3555226907508893,-1.1376961813318693,18.184071618564097,4.565400123596191
292,-0.9690409783939754,-0.3638789602816188,-1.2141269368532661,17.144966129602402,4.554900169372559
293,-0.8346188996509203,-0.27612102362446894,-1.1206271671726218,16.11344498185911,3.2551000118255615
294,-0.8405922976074148,-0.3885621378834843,-1.0687005341615883,15.089671064481102,0.6233000159263611
295,-0.9031742068014034,-0.1935913675811169,-0.9385933158435738,14.073806043238022,2.181999921798706
296,-0.9827516424280257,-0.13309279756111675,-1.0651054605428565,13.066010334992974,1.121000051498413
297,-0.9086522147232475,-0.18659111436143033,-1.0825830950424022,12.06644308237098,3.7404000759124756
298,-0.8755113085648205,-0.10342490683300487,-0.9126202079267952,11.075262128628616,3.3513998985290527
299,-0.9133799956953818,-0.1108819979217571,-0.8618107312854604,10.092623992728626,1.6088999509811401
300,-0.9317690620088024,-0.05742131630191688,-0.8531515300332995,9.118683844623732,5.133299827575684
301,-0.9900439883464928,-0.06349592945013971,-0.8424749275258167,8.153595480753609,0.3206999897956848
302,-0.96931750195264,0.0003229425527846864,-0.7435637152256641,7.197511299758602,2.6700000762939453
303,-1.0422953722331376,0.12125487573802457,-0.7235320125887172,6.2505822784141145,2.968100070953369
304,-1.0047822716847683,0.08445112177016398,-0.6973230478450309,5.3129579477897835,4.380000114440918
305,-1.023586866020764,0.10390243431978938,-0.7496200230349492,4.384786369636721,0.17170000076293945
306,-1.021241392947433,0.22031802177532028,-0.7339919654431419,3.4662141130068065,0.19169999659061432
307,-1.0708619833517095,0.19527895937469456,-0.5848991896958743,2.557386231107799,3.728100061416626
308,-1.0779310512023548,0.17280190768137596,-0.5162262979364114,1.6584462383977439,1.648300051689148
309,-1.034388455023442,0.18467364378726814,-0.4869291030900735,0.7695360879222761,0.361299991607666
310,-1.0217551434289505,0.2923592078641261,-0.23316874543418328,359.89079614889874,1.0022000074386597
311,-1.0714450314917991,0.21265695902003726,-0.26999175311830803,359.02236518455027,2.2492001056671143
312,-1.0566319570218006,0.2844832552798603,-0.4427011557795409,358.1643803301932,0.6187000274658203
313,-1.0770112551880857,0.32368529204898666,-0.30768850557016786,357.3169770715821,5.183599948883057
314,-1.0852158182389087,0.4706239786770922,-0.23093982492649226,356.480289223515,1.5443999767303467
315,-1.1224238511479596,0.44235326948044673,-0.3353325923847391,355.65444890870225,2.539099931716919
316,-1.0401654577483992,0.35859315138244297,-0.13142706684867494,354.839586536903,2.800299882888794
317,-1.0641819630690883,0.4022392119202682,0.024303958327774586,354.035830784332,4.451600074768066
318,-1.1206456087527341,0.5974255941653325,0.011020753081875114,353.24330857334,3.781599998474121
319,-1.040489465306174,0.4784501714233545,0.17353535097880182,352.4621450523713,3.1705000400543213
320,-1.124242350778909,0.5683935168437927,-0.027594292107615055,351.6924635762013,3.1619999408721924
321,-1.0814405806404572,0.6268116588500516,0.1408487553090295,350.93438568645774,3.213099956512451
322,-1.0696555985411973,0.661785872995244,0.11539005286736172,350.1880310924271,4.838099956512451
323,-1.0423821944859453,0.7233699140600967,0.24953748554787406,349.4535176521519,2.2146999835968018
324,-1.1418840797344558,0.6994168533166625,0.12085015244168258,348.7309613538191,5.389999866485596
325,-1.0560325275163767,0.757370595328999,0.3120578440432252,348.0204762974444,4.356900215148926
326,-1.0713708389102121,0.7523583673331204,0.3174378988493777,347.32217467685433,4.493000030517578
327,-1.0532467887639887,0.6466794182971801,0.322268039472992,346.6361667619698,2.0153000354766846
328,-1.0785725429739803,0.7602654562012386,0.4053962762357865,345.96256088139296,5.222499847412109
329,-1.1140089417307983,0.769212892586384,0.49753602554839527,345.3014634053011,1.5430999994277954
330,-1.1395589796179848,0.7881977580920719,0.32447512037107396,344.6529787286494,3.637500047683716
331,-1.1599337541093395,0.8219795712697209,0.5389450328200145,344.01720925468567,3.1040000915527344
332,-1.0555874533997445,0.9232421231969463,0.517637732622883,343.3942553787799,2.1445000171661377
333,-1.0912977910470771,0.8889507010435193,0.44246532288556095,342.7842154725709,3.197700023651123
334,-1.1539608814813123,0.8953063259220333,0.5058852970982018,342.18718586843136,0.33709999918937683
335,-1.1210658753054057,0.9409318255122106,0.5033299578613064,341.60326084425685,3.666800022125244
336,-1.1135732518894361,0.9314950568241533,0.6147311863328205,341.0325326085778,2.1696999073028564
337,-1.1178680730909545,1.0079881200085514,0.7767120146426157,340.4750912859987,2.7720000743865967
338,-1.0772641564410057,0.9824326306111602,0.7501038412107617,339.93102490296644,2.0434999465942383
339,-1.11354138470843,0.9503058821256215,0.7647588973681129,339.4004193738699,5.901599884033203
340,-1.0655806233623364,1.0368615543728361,0.8208636499329871,338.8833584874731,3.4660000801086426
341,-1.0741761037692403,1.0008729954468976,0.6356023316582998,338.379923893684,5.944499969482422
342,-1.1574322635911374,1.040596847347303,0.7393438063788097,337.890195090661,2.5755999088287354
343,-1.0325701251489081,1.0706460316747102,0.669193371993819,337.41424941225904,5.885900020599365
344,-1.1707878803846994,1.1607859956886404,0.8650447487719704,336.95216201581826,1.9753999710083008
345,-1.1876111313586841,1.0747524893165274,0.8243188766833228,336.50400587029515,3.751699924468994
346,-1.0571519334639399,1.1289963107205911,0.8656208985276372,336.0698517447403,3.374799966812134
347,-1.1143832298946479,1.067529263217375,0.8257698084153007,335.64976819712297,4.191699981689453
348,-1.0832287450830296,1.2137694071262521,0.9562717226326415,335.2438215635052,1.2825000286102295
349,-1.0858297630389229,1.0844765834979506,1.015756367175584,334.8520759475662,3.0288000106811523
350,-1.101823998793977,1.1812851515035019,0.9444763632734224,334.47459321048007,3.878999948501587
351,-1.1248416926168672,1.1732645952498193,1.0562296695427864,334.1114329611469,5.469799995422363
352,-1.0380941144274203,1.224949859009915,1.2384977481330846,333.7626525467799,3.949199914932251
353,-1.0632046870554648,1.2285326060853994,1.0397974879776941,333.4283070438497,4.430200099945068
354,-1.0702752859784985,1.2761461162557874,1.0172571638857824,333.10844924938715,5.531799793243408
355,-1.082258608695582,1.1849027549649458,1.0152990198518432,332.80312967264587,1.777899980545044
356,-1.0522947199802264,1.244120736647192,1.1890962465232768,332.51239652712627,0.2632000148296356
357,-1.0539625606321803,1.2266168254298897,1.017462261331609,332.2362957229625,4.018199920654297
358,-1.0403428872812885,1.241519275802478,1.1386243446699975,331.97487085967214,0.006500000134110451
359,-1.0583732225815534,1.3621071239243503,1.159762535329433,331.72816321927155,1.5098999738693237
360,-1.0361722278516452,1.2072609208460363,1.0534302724321265,331.49621175975716,6.207600116729736
361,-1.077152434195437,1.2571785580650632,1.107586166384663,331.2790531089533,2.40339994430542
362,-1.0528816425186631,1.273667442200307,1.1612912334234744,331.07672155872825,3.6182000637054443
363,-1.0782362991904095,1.3206440429270458,1.2146521767131786,330.88924905957936,3.0165998935699463
364,-1.0402873100847452,1.267481540906597,1.1888582785009543,330.71666521558745,6.2093000411987305
365,-1.1054755938143612,1.2462054693160909,1.2076361347650568,330.5589972797422,5.604100227355957
366,-1.0688373184964897,1.2624732200494286,1.089130317772704,330.41627014963836,1.7870999574661255
367,-1.0595948461997817,1.2929419391487196,1.2911632101187278,330.28850636354434,0.16459999978542328
368,-1.0353053733859119,1.2729722068728393,1.2478032981810756,330.17572609684305,5.1691999435424805
369,-1.0426594337798234,1.3496275615019944,1.1888748897554826,330.07794715884603,3.924299955368042
370,-1.0491305684714884,1.2742255130404843,1.1081963455110784,329.995184989981,1.0788999795913696
371,-1.0440267022746772,1.3259523935749664,1.2630393516517113,329.92745265935395,1.6359000205993652
372,-1.0002825491941953,1.2157898019916649,1.2108230921532814,329.8747608626849,5.138500213623047
373,-1.01933660223907,1.2201378476352087,1.172781231461933,329.83711792061956,5.420400142669678
374,-0.983029684624706,1.243880114661729,1.139179220940005,329.8145297774147,6.185699939727783
375,-1.0172761337539957,1.3161288693046376,1.2352719270538368,329.807,5.171599864959717
376,-1.0377351287011856,1.2275072647820466,1.2242994896040238,329.8145297774147,2.218600034713745
377,-1.072529503240541,1.2742819962422403,1.3210563261562078,329.83711792061956,1.7222000360488892
378,-0.9823631821349746,1.2615791030491237,1.3424776154875255,329.8747608626849,4.663700103759766
379,-1.0281719785155443,1.3406629974634123,1.2458242880682144,329.9274526593539,4.917600154876709
380,-1.0239518691769562,1.3117841245828552,1.1728909400588043,329.995184989981,3.456899881362915
381,-1.0478617706439428,1.2220534650216068,1.0631764362628153,330.07794715884603,4.548299789428711
382,-1.0898396849345617,1.1971121857035008,1.2089726825861764,330.17572609684305,4.471099853515625
383,-1.021465058003457,1.2283520960023617,1.2006085127498138,330.28850636354434,6.167399883270264
384,-1.0817843811486005,1.2751355955171988,1.103454984403906,330.41627014963836,0.6176999807357788
385,-1.0298722342649138,1.242667764573327,1.0550488211121904,330.5589972797422,1.2609000205993652
386,-1.0969018554377157,1.2320106204381727,1.029244984290291,330.71666521558745,5.591100215911865
387,-1.0403539846375511,1.1915486722828386,1.1076774203630175,330.88924905957936,1.423699975013733
388,-1.0404431454300016,1.237139133648939,1.0848926926335294,331.07672155872825,5.258500099182129
389,-1.1247760895722998,1.211377191849406,1.0581719780580083,331.2790531089533,0.6830000281333923
390,-1.1118897615840113,1.2874741116637016,1.089422771595135,331.49621175975716,4.815999984741211
391,-1.0884879604894224,1.1600260808086387,1.0973332968251335,331.72816321927155,2.292099952697754
392,-1.0621538904657442,1.1556270873338128,1.023058136707552,331.9748708596721,0.18400000035762787
393,-1.0917296319889356,1.1985583730652503,1.1903536783610755,332.2362957229625,2.022200107574463
394,-1.078633120380384,1.1753113194769005,1.1067179425495046,332.51239652712627,3.3738999366760254
395,-0.9912344669751179,1.1749380766836657,1.0613281831444876,332.8031296726458,6.181600093841553
396,-1.0230237183090636,1.0864137313828517,1.0274943156066239,333.10844924938715,0.349700003862381
397,-1.0219300603021912,1.1502742758003286,0.957206601422344,333.4283070438497,5.6118998527526855
398,-1.074530304411709,1.094281916820395,0.8890583773200144,333.7626525467799,4.340400218963623
399,-1.1422159985898128,1.1171109700659232,0.8163543841414308,334.1114329611469,2.8777999877929688
400,-1.0699100258236482,1.0509082683264062,0.8943031603587644,334.47459321048007,2.637500047683716
401,-1.0504337975014677,1.1393646121394105,0.8922687185328999,334.8520759475662,2.5601000785827637
402,-1.1255315645273858,1.1988171354660329,1.0147141422304906,335.2438215635052,5.9868998527526855
403,-1.1077001025737008,1.175757265129406,1.1413798569671574,335.64976819712297,3.1519999504089355
404,-1.0835459931614524,1.0659543316682722,0.7661610938297456,336.0698517447403,4.190999984741211
405,-1.1245256537790906,1.0674235071168934,0.8961608699191236,336.50400587029515,2.8238000869750977
406,-1.1251334884754869,1.1091445228443455,0.7868278587601533,336.9521620158182,0.2619999945163727
407,-1.1415352870941877,0.9801012351643061,0.6868165840389331,337.4142494122591,6.172299861907959
408,-1.0813500386585815,1.0209266408747413,0.7935085538187727,337.89019509066094,5.395500183105469
409,-1.13309962105438,0.987670941224934,0.7701818999047367,338.379923893684,5.378499984741211
410,-1.102887468613191,0.9324824067715036,0.6903166214322574,338.8833584874731,5.1234002113342285
411,-1.1176781708673729,0.9662694886495982,0.580521631368261,339.4004193738699,1.142199993133545
412,-1.0946671065512454,1.0645892056010764,0.651810828283618,339.9310249029664,0.8827999830245972
413,-1.1237778570849106,0.9020104908937493,0.62537941667157,340.4750912859987,2.8452000617980957
414,-1.0806455269945603,0.9762610441516225,0.6245067753086465,341.0325326085778,6.004300117492676
415,-1.0855391270644446,0.833354149956092,0.42970728056613905,341.60326084425685,1.8187999725341797
416,-1.1719787988535781,0.9034678940834507,0.5721751650509043,342.18718586843136,6.088500022888184
417,-1.081012422248556,0.8679016064188415,0.45004725117579036,342.78421547257085,5.631100177764893
418,-1.0838994377522577,0.8358108617047434,0.38514437960905185,343.39425537878,0.9236000180244446
419,-1.0470722982962126,0.7789592003116979,0.300180174985865,344.0172092546856,1.301300048828125
420,-1.0880431060219347,0.6367425260725909,0.39601481034408204,344.6529787286494,0.7856000065803528
421,-1.09512858302556,0.7766706471648412,0.4628669435221664,345.30146340530104,4.700799942016602
422,-1.0590577829312984,0.6467852818248326,0.2807524982138604,345.96256088139296,2.0264999866485596
423,-1.0972977146313094,0.6679645841820212,0.16056773016446924,346.6361667619698,0.3255999982357025
424,-1.1036510372090846,0.6433739952663681,0.19740271930857692,347.3221746768543,4.272500038146973
425,-1.0516229728722353,0.6460041839310005,0.28044150201599677,348.02047629744436,3.884999990463257
426,-1.077533175332273,0.5397740851742704,-0.05983535981562832,348.7309613538191,5.070199966430664
427,-1.131486845274188,0.5881704830570773,0.05639602510412214,349.4535176521519,3.64739990234375
428,-1.0400785456890709,0.6141068007459007,0.07790459424494833,350.1880310924271,4.259500026702881
429,-1.0893669549765719,0.4282886087735163,-0.02973434075353196,350.9343856864577,6.021399974822998
430,-1.0659589035474841,0.4838028825807464,-0.08690879520174534,351.69246357620125,0.24150000512599945
431,-1.0646466222567248,0.5785830461526557,-0.051100139366383045,352.4621450523713,1.8559999465942383
432,-1.107110921458874,0.4758662230660252,-0.04344137693534062,353.24330857333996,4.951499938964844
433,-1.0761098837048133,0.4652270592734967,-0.1241936203870495,354.035830784332,4.795100212097168
434,-1.0245501402814963,0.41368053127850474,-0.18114267957271776,354.839586536903,0.3312999904155731
435,-0.999345511001821,0.38513317878096176,-0.32140212341737806,355.65444890870225,5.603300094604492
436,-1.031621990054603,0.36258864503562654,-0.21106078182429405,356.48028922351494,5.722899913787842
437,-1.0709899589221243,0.3504917922480764,-0.34891644655868714,357.3169770715821,0.2329999953508377
438,-0.9716827586934943,0.28735393252718505,-0.2974141041687721,358.1643803301932,4.083099842071533
439,-1.045627768312552,0.18570589188560002,-0.6573304915887089,359.0223651845502,4.091800212860107
440,-1.0353131885123068,0.23757184137607942,-0.45665480410114234,359.8907961488988,1.4703999757766724
441,-1.0387920673537745,0.18425096764418414,-0.5489869684504872,0.7695360879222477,2.7720999717712402
442,-1.0351642207451963,0.09597369565816667,-0.4526316438594262,1.6584462383977154,3.4291999340057373
443,-0.9944301544862014,0.11322736323568126,-0.6732835251445892,2.557386231107799,5.283899784088135
444,-1.0299398712255272,0.20140782468624607,-0.6303147546094139,3.4662141130068065,4.61899995803833
445,-0.945147903020074,0.08351859426903122,-0.7418609383600292,4.384786369636657,4.963200092315674
446,-0.9986822463083798,-0.03187576270415959,-0.7587775488423337,5.312957947789791,5.10260009765625
447,-1.0174667439538363,-0.004102760795487952,-0.7602919600060577,6.250582278414051,1.0354000329971313
448,-0.9273416237349424,-0.09925070401279806,-0.8343063111310467,7.197511299758538,4.760499954223633
449,-0.9310599004540855,-0.12488835123359288,-0.7828029489250482,8.153595480753651,4.770899772644043
450,-0.9139029184180788,-0.1650841337807774,-1.0023878476024468,9.118683844623696,1.4950000047683716
451,-0.9459416141259748,-0.20467883160063816,-0.9908595427985212,10.092623992728598,0.7408000230789185
452,-1.0033794065965564,-0.26763538533272563,-1.0310976893436692,11.075262128628616,0.11680000275373459
453,-0.8848929163334756,-0.25803591829228767,-1.11572198022657,12.06644308237098,4.623899936676025
454,-0.9031271663954817,-0.23024660101750777,-1.1062023590599,13.06601033499291,2.8338000774383545
455,-0.9121711502406382,-0.35859940785953337,-1.0925467780531017,14.073806043238065,1.5312999486923218
456,-0.9231392010511826,-0.24473305123347613,-1.1085483834415482,15.089671064481074,2.9626998901367188
457,-0.8633764481529344,-0.40015142107171525,-1.1120033493681867,16.113444981859047,5.665599822998047
458,-0.847481086711394,-0.4616183069615353,-1.1946133471856721,17.14496612960238,2.11680006980896
459,-0.8556170337838633,-0.4078672276084939,-1.155728061601716,18.18407161856407,0.09679999947547913
460,-0.8642908474613069,-0.46998757417671094,-1.1046809591840026,19.23059736194172,1.9263999462127686
461,-0.8476285376214341,-0.4862445918088927,-1.2168649431939345,20.284378101188736,0.8152999877929688
462,-0.8206971146804236,-0.6031591779338331,-1.4514880224557498,21.34524743211059,5.02839994430542
463,-0.7838876199371231,-0.6351804546733304,-1.373490440235441,22.41303783114185,0.12460000067949295
464,-0.7982014353474682,-0.6609152564284585,-1.2467494833433903,23.487580681800523,6.022600173950195
465,-0.810969065380238,-0.618974543011492,-1.2980774746683457,24.56870630131369,4.410699844360352
466,-0.8217381592295391,-0.6867590065251877,-1.2156557039867864,25.656243967413452,1.0092999935150146
467,-0.7698167976998481,-0.6835780634141444,-1.3366555761201346,26.750021945295117,1.200600028038025
468,-0.775912035534472,-0.7410566218017637,-1.1926169451112045,27.849867514736516,5.742199897766113
469,-0.6393175901074288,-0.7385839105627472,-1.3617222394283863,28.95560699737232,4.5954999923706055
470,-0.7264093628767501,-0.8014876467745718,-1.5582556079986725,30.06706578412033,4.6890997886657715
471,-0.6391412212772838,-0.9043909754994246,-1.3679522684729226,31.18406836275345,2.667799949645996
472,-0.7132784060262145,-0.9080007286911492,-1.3695537081469165,32.30643834561579,5.33459997177124
473,-0.7195124371315581,-0.9011724604724201,-1.5541699203212067,33.43399849747638,1.4668999910354614
474,-0.6423388261357657,-0.942318287758934,-1.4617099291528979,34.56657076351583,2.5857999324798584
475,-0.5948742738364875,-0.944525683117646,-1.386020178062603,35.70397629744438,3.5552000999450684
476,-0.586272068140267,-1.0120732002962525,-1.3546150729225956,36.8460354897429,2.6545000076293945
477,-0.5669163724762446,-1.063521751145033,-1.3205383589299575,37.992567996025784,1.9714000225067139
478,-0.5923159776629302,-1.0135033407446645,-1.299896737036496,39.14339276551918,2.3859000205993652
479,-0.6477452421301049,-1.0661098401426883,-1.3727497669833812,40.29832806965142,0.24809999763965607
480,-0.5757842335068407,-1.023489273413076,-1.3169261229717306,41.45719153074924,2.0655999183654785
481,-0.6032957283888182,-1.1034197945604691,-1.2645969392219787,42.61980015083841,3.414599895477295
482,-0.5439388796456868,-1.2282652558759595,-1.1824119029742721,43.785970340540416,4.469399929046631
483,-0.5113845710745084,-1.0696758112077402,-1.226758718860614,44.955517948063395,2.4249000549316406
484,-0.5332253786800534,-1.2135290601809816,-1.0911458692926952,46.12825828828254,0.8661999702453613
485,-0.4411985443121128,-1.170612263539406,-1.0320109461662816,47.3040061719032,0.22689999639987946
486,-0.42576248886429446,-1.2031812634607018,-1.0671178541431303,48.482575934704855,1.9074000120162964
487,-0.4772058312932414,-1.1465029347407414,-1.0578461712664091,49.663781466859476,3.4351999759674072
488,-0.43068419222180565,-1.2963165482103267,-0.9002784609878356,50.847436242320796,2.573199987411499
489,-0.5006635468197455,-1.2878404781318546,-0.8927033756064493,52.03335334827808,2.775099992752075
490,-0.3648406519728434,-1.249937067832513,-0.7643226125282109,53.22134551467296,3.4932000637054443
491,-0.39334715046756524,-1.4389281456590959,-0.9919178462171799,54.411225143770736,2.0004000663757324
492,-0.2678029585539883,-1.2996288740487554,-0.6230147829040401,55.60280433978418,4.406599998474121
493,-0.3230318705562101,-1.37028754821206,-0.7310760067960187,56.795894938545274,0.5960999727249146
494,-0.3279535440298414,-1.369796551366167,-0.6569323112052111,57.99030853721764,3.1512999534606934
495,-0.28134248369537046,-1.4639893418204704,-0.6602706714972028,59.18585652404799,3.467600107192993
496,-0.20345849176474312,-1.4257454255897046,-0.7122699023910963,60.38235010814986,2.1240999698638916
497,-0.22807432768840435,-1.4472757113235748,-0.4419131322751355,61.579600349316394,4.411300182342529
498,-0.24828841512987782,-1.3644645289093518,-0.4409315665351706,62.7774181878552,1.1023999452590942
499,-0.2534420632630645,-1.3773102366697152,-0.41863384589906166,63.975614474444285,1.3206000328063965
500,-0.22868611600846936,-1.4785140332402942,-0.48464378295525806,65.17399999999998,5.996399879455566
501,-0.19682783466144751,-1.396255590296095,-0.19408336545261914,66.37238552555569,1.2585999965667725
502,-0.1404120603259596,-1.5496084390609801,-0.4466972099853894,67.57058181214477,3.933199882507324
503,-0.12625114266915483,-1.5284726598574456,-0.24787591505775886,68.76839965068366,4.515999794006348
504,-0.19754238621318412,-1.5489349699902017,-0.3098219297365842,69.9656498918501,3.9681999683380127
505,-0.13002744402128832,-1.5281538479568502,-0.15918914695246866,71.16214347595198,6.131100177764893
506,-0.05522463842860041,-1.5197579503770422,0.14252685128410483,72.3576914627824,1.7555999755859375
507,-0.05681589194470994,-1.525765223035505,0.009296419151083746,73.5521050614547,5.143199920654297
508,-0.030461953507453385,-1.6023209308675108,0.055438721698536406,74.74519566021578,2.544100046157837
509,0.022228160571031868,-1.66882350936973,0.13739683422586602,75.93677485622932,1.2487000226974487
510,0.0419868892764363,-1.6421756606368867,0.25419689634608067,77.12665448532701,1.256600022315979
511,0.01150965206560175,-1.5319358058546195,0.2624924978233594,78.3146466517218,1.1725000143051147
512,0.033121348741103555,-1.607744928133835,0.3976476853507813,79.50056375767926,2.7325000762939453
513,0.09590364960234055,-1.6487724576807337,0.426381433742029,80.6842185331405,2.6598000526428223
514,0.15761455829033336,-1.6452570293690227,0.4883201261848221,81.8654240652951,3.9755001068115234
515,0.18789361406021668,-1.485637638729093,0.6164263887841913,83.04399382809686,0.02710000053048134
516,0.14640773075400265,-1.5557275711511418,0.5442175939187345,84.21974171171743,4.249499797821045
517,0.14205496819278576,-1.5725281057263067,0.637604935927153,85.39248205193657,2.163800001144409
518,0.21185939966359776,-1.5624738362033397,0.7299927248624114,86.56202965945963,2.805799961090088
519,0.22253969027736464,-1.4985025652381907,0.7611312291746655,87.72819984916156,0.2727000117301941
520,0.28038085838906057,-1.5580749423042481,0.836719596552361,88.89080846925064,1.3006000518798828
521,0.31596461429596595,-1.490412200892686,1.044430945238548,90.04967193034862,4.701200008392334
522,0.34708638040098494,-1.525208402297763,1.0753067241399985,91.2046072344807,0.6004999876022339
523,0.3141354226173878,-1.4531690939944346,1.1119449370363783,92.35543200397417,1.4141000509262085
524,0.388940014220196,-1.474102936765346,1.0951199427376548,93.50196451025715,1.9767999649047852
525,0.4183151882457236,-1.4042017036999355,1.1785058766947567,94.6440237025556,1.5372999906539917
526,0.5134041249858711,-1.450144628845354,1.4719461454194929,95.78142923648414,5.645500183105469
527,0.5610524521274516,-1.3101199553290832,1.2153139132036757,96.91400150252367,5.135799884796143
528,0.48510226457698846,-1.3273978966419213,1.2663644461836643,98.04156165438418,2.512399911880493
529,0.541971540816873,-1.2532295081238716,1.3843482265495857,99.16393163724652,1.6475000381469727
530,0.6102713838907315,-1.2889808410770032,1.6048490665042432,100.28093421587971,3.697999954223633
531,0.6451333597983966,-1.1833993709371886,1.6520732389300752,101.39239300262756,0.8345000147819519
532,0.6408426374915018,-1.2201414045217576,1.580246699897417,102.49813248526345,5.700799942016602
533,0.6913088457392143,-1.1643029096819553,1.3992499552686195,103.59797805470485,4.486000061035156
534,0.6883655317015518,-1.1489334556105701,1.5245828033328106,104.69175603258651,4.433300018310547
535,0.689458520140909,-1.107434326113324,1.514204253233257,105.77929369868627,1.7553999423980713
536,0.7652959645460379,-1.0240537774102776,1.5251809750313066,106.86041931819953,0.8532000184059143
537,0.7849218092911951,-0.9417542042486865,1.5287564247405396,107.93496216885812,5.424300193786621
538,0.7913700774356284,-0.8683833517273943,1.5786254099270327,109.00275256788939,2.608599901199341
539,0.7555706759052667,-0.9418221754808889,1.4297715990850102,110.0636218988113,2.606300115585327
540,0.9293896388643699,-0.8550342135307032,1.6456055311173596,111.11740263805825,0.8016999959945679
541,0.8508839750274829,-0.8558386211711198,1.5609650669848594,112.16392838143591,2.8231000900268555
542,0.9033265183707445,-0.7819663996199071,1.524817364983448,113.2030338703976,1.0462000370025635
543,0.9447210517742076,-0.8126346421972781,1.4392256868472841,114.23455501814092,5.990900039672852
544,0.946211933539087,-0.6445856337160594,1.329525636717143,115.2583289355189,2.1891000270843506
545,1.015366116236946,-0.6187703571545995,1.2670940563628896,116.27419395676199,1.8902000188827515
546,0.9966007913721361,-0.6381536999489408,1.5547407138359863,117.28198966500706,1.329300045967102
547,1.0298697147962317,-0.5795967905673736,1.5197789661693242,118.28155691762899,1.7175999879837036
548,1.035570296072136,-0.627233483299529,1.3933012755727348,119.27273787137143,1.645799994468689
549,1.0764702091645162,-0.4891285977340348,1.3617554993748155,120.25537600727137,4.9807000160217285
550,1.0622911452745387,-0.5258361357731971,1.5364623473838384,121.22931615537627,4.0543999671936035
551,1.0690722934928174,-0.4348811147915136,1.2502973336761682,122.1944045192464,4.093500137329102
552,1.108615123976298,-0.3487108819164968,1.3148313024212748,123.15048870024144,0.5070000290870667
553,1.2170777405640374,-0.2991260223437252,1.129278801157451,124.09741772158586,4.254300117492676
554,1.205208356566084,-0.29341641886105085,1.010680990631919,125.03504205221026,0.4945000112056732
555,1.2263118966897657,-0.2165396668201466,1.1477152760909293,125.96321363036331,1.4185999631881714
556,1.2387428267551044,-0.20177001889992488,1.2234914411348254,126.88178588699316,1.5276999473571777
557,1.1541851705537083,-0.23674837680354857,1.020056472840149,127.79061376889223,3.0053000450134277
558,1.1636955200277386,-0.18086630814815852,1.0820882018211972,128.68955376160227,0.6554999947547913
559,1.2638809671401898,-0.1477364247950281,1.0955102725046126,129.57846391207772,2.224299907684326
560,1.1460001205081156,-0.11187260093109067,0.9611549633449218,130.45720385110127,0.04270000010728836
561,1.2297880288906513,0.07688468450348768,0.934812938680361,131.32563481544977,6.235799789428711
562,1.251212585817491,0.1380152096742555,0.8436763552072103,132.1836196698068,2.3557000160217285
563,1.2397262435496594,0.03773384722569621,0.6862779514931237,133.03102292841794,6.232100009918213
564,1.236999079028101,0.019126592045055305,0.7676471001088543,133.86771077648498,1.2336000204086304
565,1.3771440208244965,0.055762717553405276,0.7105897824844706,134.69355109129773,2.1547000408172607
566,1.2258602573007684,0.250337484028376,0.5418833468029879,135.508413463097,5.5817999839782715
567,1.2989467894903457,0.10161224580506321,0.5716860374958836,136.31216921566798,0.34150001406669617
568,1.2651609992870703,0.278031673900235,0.6109304843202537,137.10469142666,5.025100231170654
569,1.3308529805656713,0.2935690110038115,0.5337546823867673,137.88585494762876,1.1377999782562256
570,1.3477288149243527,0.24430253740373378,0.5820889618667746,138.6555364237987,4.887899875640869
571,1.2946299259293048,0.38573235147816914,0.38357432123301266,139.4136143135423,5.348700046539307
572,1.3243478470414893,0.4323845107908735,0.4615966105200629,140.15996890757296,4.444900035858154
573,1.2372093500393102,0.4723818416413171,0.24279339501711472,140.8944823478481,1.2062000036239624
574,1.348718514098426,0.5137872670310197,0.18341162927315005,141.61703864618087,5.913899898529053
575,1.3165674354639538,0.41680089221538646,0.13136845246034543,142.3275237025556,5.065000057220459
576,1.2817312926060878,0.5526262211832135,0.019807402330181627,143.02582532314568,3.7111001014709473
577,1.323628358995757,0.6207937104602534,-0.02277335418315151,143.71183323803024,2.7985999584198
578,1.2828525750176882,0.5557082248232436,-0.23918216041285828,144.38543911860708,5.7769999504089355
579,1.3823140691473883,0.5471201782650276,-0.2701482726513954,145.04653659469895,5.2164998054504395
580,1.3585738609284341,0.6853462656871762,-0.23100596904421888,145.69502127135064,3.4885001182556152
581,1.3250314516135708,0.733085130696604,-0.06880435021310331,146.3307907453144,3.9228999614715576
582,1.3485339086151793,0.5821536879433753,-0.350768063643215,146.95374462122004,2.023200035095215
583,1.2763393499852937,0.7539892728772161,-0.2911761719475848,147.5637845274291,2.3234000205993652
584,1.382315759578971,0.7489432049582373,-0.2445129293941623,148.16081413156866,0.019099999219179153
585,1.3877929340599156,0.8230537991527647,-0.5080825421112473,148.74473915574316,6.192800045013428
586,1.2607751873266182,0.7998936617696636,-0.3764143647468049,149.31546739142215,0.4097999930381775
587,1.432104396257281,0.8990144888034681,-0.6273421809890354,149.8729087140013,0.147599995136261
588,1.3234336221389194,0.9534052146868056,-0.6916873096488629,150.4169750970336,3.442199945449829
589,1.3498229900541348,0.8481108834624322,-0.7170238400005873,150.9475806261301,5.766300201416016
590,1.3914420723986445,0.9452589211416851,-0.64541515105137,151.4646415125269,3.084399938583374
591,1.3316646542895745,0.8996945303298639,-0.6787711387347889,151.96807610631598,5.093900203704834
592,1.3594573006837551,0.918278130200503,-0.8612227234915601,152.45780490933905,5.091899871826172
593,1.3809876733019555,0.8842182378337259,-0.9535876248400867,152.93375058774097,3.3973000049591064
594,1.321353898552431,0.9524952965915024,-0.813607291253873,153.39583798418175,1.7639000415802002
595,1.2833185511001861,0.9873581858135166,-0.9128256347916291,153.84399412970487,4.298799991607666
596,1.3097525263948853,1.0355734599773212,-1.0044071701571033,154.27814825525974,2.639899969100952
597,1.3357350101953749,1.125711070716972,-1.071817804612031,154.698231802877,4.59630012512207
598,1.309763163841197,1.1123072918272552,-1.0938534303324416,155.1041784364948,4.55019998550415
599,1.3995572903129732,1.1542540461967719,-1.1650978020486775,155.4959240524338,3.6763999462127686
600,1.2387122699255348,1.1225007316009372,-1.1313432624253543,155.87340678951992,5.613800048828125
601,1.314662948786946,1.135115445745806,-1.1378514285375956,156.2365670388531,3.137700080871582
602,1.3329290776625793,1.1598306484393068,-1.209699737549926,156.5853474532201,1.0805000066757202
603,1.2859852107615346,1.067130876196331,-1.147852626644673,156.91969295615027,0.4693000018596649
604,1.2803025601381268,1.1445246276276106,-1.2515581792071893,157.2395507506128,4.394700050354004
605,1.312760095425449,1.093826928421194,-1.4258189656909497,157.54487032735418,2.6401000022888184
606,1.3982564380868794,1.0844422322803537,-1.3637478765579398,157.8356034728737,3.5046000480651855
607,1.322738338844378,1.1640563783033857,-1.5151318293918856,158.11170427703752,2.4123001098632812
608,1.2643900207266305,1.1850403485206762,-1.252109535248273,158.3731291403279,2.108099937438965
609,1.293202630808389,1.117724628647258,-1.3735085088637133,158.61983678072846,3.737600088119507
610,1.3417960927721477,1.1167147682966396,-1.3518173984774466,158.85178824024285,1.3968000411987305
611,1.335488174016278,1.2641839640146135,-1.1957863238380293,159.06894689104672,3.7527999877929688
612,1.3294618125781674,1.1466414847605857,-1.333892028599821,159.27127844127176,5.684299945831299
613,1.3503865965452135,1.223809718524353,-1.1927051963267523,159.45875094042066,4.595900058746338
614,1.3083947161305474,1.2258011174009311,-1.3876986133816585,159.63133478441256,5.8933000564575195
615,1.2277764953130228,1.1279010263115825,-1.5118447655855956,159.78900272025783,5.305099964141846
616,1.2991633680310128,1.2041379108614936,-1.3850168939341942,159.93172985036165,3.3524999618530273
617,1.309641581741224,1.2009667965027178,-1.130524883815417,160.05949363645567,6.208799839019775
618,1.3446180594277182,1.1526366698137362,-1.4407461454887138,160.17227390315696,1.1812000274658203
619,1.3203269570350806,1.3143118957069233,-1.1180175417633695,160.27005284115398,0.09920000284910202
620,1.383651864762225,1.2624561575709936,-1.5078397464551505,160.352815010019,4.104300022125244
621,1.246573693563075,1.141284782850891,-1.548282629780163,160.42054734064607,0.75
622,1.333717878068058,1.2533017013023042,-1.5188060302660826,160.4732391373151,5.074100017547607
623,1.2973800107200089,1.2384739352764598,-1.6556832863686393,160.51088207938048,3.2718000411987305
624,1.2728292933080385,1.1894392344986833,-1.5821185059545453,160.53347022258532,4.479599952697754
625,1.2892250119617115,1.250351453506286,-1.186384388649996,160.541,4.5991997718811035
626,1.3434934293690106,1.224486538865015,-1.4390755274690283,160.53347022258532,6.228700160980225
627,1.3638051983582224,1.3556873635851372,-1.4224685999484528,160.51088207938048,0.9132999777793884
628,1.264096200825455,1.2101233898112582,-1.1885622325046432,160.4732391373151,0.6225000023841858
629,1.292557881764693,1.2115677913230682,-1.31078092444613,160.42054734064607,5.08620023727417
630,1.2780584130400985,1.0908231545702463,-1.4421931806960342,160.352815010019,3.6098999977111816
631,1.353618706582525,1.1373658810643423,-1.3655798237528023,160.27005284115398,5.433700084686279
632,1.3768391785155274,1.2247000585533891,-1.3802254102015425,160.17227390315693,4.671599864959717
633,1.2898815748097054,1.1788558489059888,-1.4413829580221922,160.05949363645567,0.6743999719619751
634,1.359733876304996,1.1067488625421849,-1.2960534497698246,159.93172985036165,3.1136999130249023
635,1.2885019141423226,1.2071062805645811,-1.5343824092452438,159.78900272025783,4.051400184631348
636,1.3406194333012424,1.183444289777337,-1.4494472575958546,159.63133478441256,0.6764000058174133
637,1.3007764583732349,1.1027163403360514,-1.4019342518436155,159.45875094042066,5.82480001449585
638,1.3161019799879392,1.2012225048876024,-1.266992229298581,159.27127844127176,5.300099849700928
639,1.3088043735157309,1.2026891601681584,-1.1204577926588712,159.06894689104675,0.5152000188827515
640,1.3087738281931867,1.358260299072478,-1.3954226625249264,158.85178824024285,2.271199941635132
641,1.416632229070757,1.125867936479157,-1.3419461007569538,158.6198367807285,0.6420000195503235
642,1.359570812409484,1.0744469928950047,-1.1616985166431544,158.37312914032793,5.085999965667725
643,1.2643386063642716,1.2063211364243818,-1.2775354342073157,158.11170427703752,2.6939001083374023
644,1.4097215800390261,1.1420720285645354,-1.0771190743631418,157.83560347287374,3.1819000244140625
645,1.3260561294024646,1.0818416511164675,-1.1610671758987456,157.54487032735418,3.4820001125335693
646,1.1977599113025252,1.0777232857456438,-1.2113193107193285,157.23955075061286,5.460899829864502
647,1.3614200967170802,1.1220955067177114,-1.1193985178758024,156.91969295615024,5.882299900054932
648,1.2887909777025033,1.040312813795032,-1.0741925969635107,156.5853474532201,3.386399984359741
649,1.3641672955999835,1.085475218893573,-1.0850754257317814,156.23656703885308,3.47379994392395
650,1.3767063225948368,1.0812963452715134,-0.9282619407711412,155.87340678951995,3.0541999340057373
651,1.3096138252439167,1.106561717848216,-1.0194613287304242,155.49592405243382,0.15109999477863312
652,1.3839021677974424,1.101715990518112,-0.8896816795433158,155.1041784364948,1.9627000093460083
653,1.3465834708981534,1.0067769637232744,-0.8995716224568019,154.698231802877,0.4341999888420105
654,1.372353155596826,1.1102823120490413,-0.9688354785493194,154.27814825525974,0.7742999792098999
655,1.3101262576107915,1.0120309224084154,-0.9266579401570787,153.84399412970492,5.84119987487793
656,1.2975106766449012,1.0414856223939566,-0.8755652590917413,153.3958379841818,1.8909000158309937
657,1.3011131744152218,0.9906149467738645,-0.8002517152227663,152.93375058774097,5.206399917602539
658,1.418161414890329,0.816733081650987,-0.8371583146553409,152.45780490933902,5.904900074005127
659,1.310640295053642,0.9532478077162979,-0.6622934962203009,151.968076106316,6.093299865722656
660,1.3028378602728095,0.8726374043871035,-0.5054835385786062,151.46464151252695,1.5134999752044678
661,1.3373413473767177,0.8478567267101095,-0.3727245635974291,150.9475806261301,0.9954000115394592
662,1.3896914894551877,0.8111060596734723,-0.5823276190954216,150.41697509703363,2.3236000537872314
663,1.3894643750935347,0.7572401022846083,-0.2855662743767974,149.87290871400137,2.9725000858306885
664,1.3114384352822854,0.7765166178661751,-0.48481371813269036,149.31546739142215,2.1691999435424805
665,1.3300210440975724,0.6190544866653351,-0.30826065578786305,148.74473915574313,2.0195000171661377
666,1.3730381227294906,0.7736374420155951,-0.35724642214105545,148.16081413156869,2.9286000728607178
667,1.3203320915818906,0.6641542377059688,-0.19769964138902368,147.5637845274292,4.425600051879883
668,1.3355090324428045,0.6206021116418455,-0.18928542536331822,146.95374462122004,6.047299861907959
669,1.3446743672106936,0.5175827579868083,-0.25093386470071416,146.33079074531446,1.7039999961853027
670,1.45368153825468,0.6971954816400947,-0.020001007752170192,145.6950212713507,4.289299964904785
671,1.3273571751124968,0.6461431204640959,0.005291195820340264,145.04653659469898,3.198899984359741
672,1.3012749639601078,0.5372197561598112,-0.10934527417061726,144.38543911860705,4.437099933624268
673,1.3325304750606863,0.47443834295113446,0.0036796717018928353,143.7118332380303,4.825399875640869
674,1.276728051712932,0.4763103403617399,0.21060574971534535,143.02582532314577,2.5085999965667725
675,1.2645885096319183,0.4582841038247502,0.24963908323723932,142.32752370255565,3.585200071334839
676,1.3429566985706212,0.5180029942928296,0.3052697341081915,141.61703864618084,5.1570000648498535
677,1.3164862852563988,0.3437740149887366,0.37299137621689366,140.8944823478481,5.741499900817871
678,1.3583842314728654,0.40378901623090324,0.3767684439684686,140.159968907573,0.8953999876976013
679,1.3607619736089955,0.40867409627764917,0.4671656506538608,139.41361431354233,5.894999980926514
680,1.3178893000178642,0.3334132960679324,0.5106389846640825,138.65553642379876,0.06239999830722809
681,1.2405316712904029,0.2749038897260502,0.7355745198008815,137.88585494762884,2.0789999961853027
682,1.2907457295021536,0.16330899858338463,0.6828315739646466,137.10469142666005,4.592800140380859
683,1.3308609078529743,0.2615118751294941,0.6115699041544927,136.31216921566795,6.265500068664551
684,1.3164976035996114,0.09865473788800515,0.6615834575976988,135.50841346309699,2.561800003051758
685,1.2526410271976505,0.0015421835026895182,0.8625537974618533,134.69355109129782,5.957300186157227
686,1.2664580465593982,0.030777963078770745,1.0165500815209962,133.867710776485,5.848199844360352
687,1.3087493683750309,-0.07023054852974187,1.0418583135156947,133.031022928418,0.5637000203132629
688,1.1759262502532664,-0.030488177986141434,0.9125199156775141,132.18361966980683,6.072500228881836
689,1.2130959115842412,-0.03994000263345991,0.9959386886375549,131.3256348154498,5.665299892425537
690,1.2116765359264,-0.04917446877467984,1.0831199304710049,130.45720385110124,1.1813000440597534
691,1.1496981029561018,-0.16424384214491972,0.9894326233968891,129.57846391207778,0.3752000033855438
692,1.2085743325143654,-0.1789968411618418,1.1377794651429711,128.68955376160238,2.0611000061035156
693,1.1362092614926822,-0.20649094689103736,1.0672135394777271,127.79061376889234,3.942699909210205
694,1.0895881037573494,-0.30778782458191006,1.0327520243896842,126.88178588699314,3.882200002670288
695,1.1381421438039385,-0.33985114305713415,1.1903326224826147,125.9632136303633,4.485099792480469
696,1.1935054034753119,-0.36525401593953144,1.2948584200947657,125.03504205221029,5.775400161743164
697,1.0500439478057622,-0.45489141400994115,1.2858418337204336,124.09741772158591,4.677499771118164
698,1.0579097956975516,-0.4243103339712128,1.4368933965102801,123.15048870024148,1.3253999948501587
699,1.0874824068620843,-0.4342927062610005,1.305521140618779,122.19440451924652,2.078200101852417
700,1.0206079410183144,-0.5567166856937998,1.3085481525934655,121.22931615537632,4.867000102996826
701,0.986617785327724,-0.6268999808912615,1.432460118587587,120.25537600727135,6.1168999671936035
702,0.9448150559490812,-0.4828292438874085,1.3471151755954867,119.27273787137142,4.899799823760986
703,0.850240483724815,-0.6529986890914892,1.4137501254088043,118.2815569176291,5.891900062561035
704,0.9414337017446818,-0.7816309370694845,1.4190821429675728,117.28198966500719,0.6883999705314636
705,0.891271223864908,-0.6951715740903223,1.399420265579808,116.27419395676203,5.69379997253418
706,0.912308594931327,-0.7982432913717764,1.3822341790764598,115.25832893551888,0.5860000252723694
707,0.8557610016028353,-0.7184852409568574,1.4453015091253991,114.23455501814098,3.5685999393463135
708,0.8542183353199054,-0.898465729690683,1.5378173694283352,113.20303387039758,1.1893999576568604
709,0.8240974239332713,-0.8768294045703343,1.5992591256732684,112.16392838143595,5.554100036621094
710,0.8060132265147394,-0.9775126462492392,1.5480974381334345,111.11740263805838,4.608099937438965
711,0.7729063523030562,-0.9840258749842976,1.5449722971598456,110.06362189881143,3.300299882888794
712,0.7897164611599286,-1.0049694108208325,1.7423746098712753,109.00275256788936,1.4918999671936035
713,0.7038339068785954,-1.032172775062044,1.4189755895751486,107.9349621688581,2.848900079727173
714,0.6208936815693218,-1.0693128133707437,1.472707774745905,106.86041931819958,5.189799785614014
715,0.6012565788655374,-1.1390675530225869,1.5857502114237358,105.77929369868626,0.597599983215332
716,0.6312202233221396,-1.0470254853404168,1.4639668442502696,104.69175603258657,6.042200088500977
717,0.5637541402878348,-1.194189210604529,1.3697625102080664,103.59797805470498,2.4089999198913574
718,0.5496547086715705,-1.273224679354653,1.397134300311849,102.49813248526351,4.755000114440918
719,0.6196169035438603,-1.2871253229145856,1.2642227019703456,101.39239300262754,5.543600082397461
720,0.5201766456000766,-1.3856223312164928,1.4286229187821697,100.28093421587968,0.15649999678134918
721,0.5166345440907328,-1.2974126172514135,1.2015851733398621,99.16393163724666,0.29269999265670776
722,0.42449165609262696,-1.3744903437433758,1.3097570079544405,98.04156165438431,4.764900207519531
723,0.45506164327226256,-1.420977759107027,1.3111241798384585,96.91400150252372,4.126299858093262
724,0.3464420096839875,-1.4985036483043337,1.3056816826682618,95.78142923648412,4.297699928283691
725,0.4182176293772101,-1.5085064732794669,1.2893619346138208,94.64402370255566,0.10339999943971634
726,0.34606706841917523,-1.4608179252677378,1.1426919076129112,93.50196451025704,5.251999855041504
727,0.3029994524706967,-1.5350525676534148,1.012818684574889,92.35543200397424,6.020299911499023
728,0.28299128045701755,-1.5289764327552504,0.6683420175585753,91.20460723448085,5.798799991607666
729,0.24286163719210618,-1.5190458736881418,0.8142436954488766,90.04967193034877,0.19460000097751617
730,0.15115845663557642,-1.6068733657583312,0.6557636811759148,88.89080846925062,0.4189999997615814
731,0.2511521259319891,-1.5509436770104343,0.6981580546563497,87.72819984916154,1.3265000581741333
732,0.16831112674494964,-1.5295326628381003,0.5941861391240127,86.56202965945968,5.6743998527526855
733,0.10875303702776594,-1.5504423967184433,0.5180182120261283,85.39248205193671,0.8736000061035156
734,0.14196633285583288,-1.542241832445873,0.5166970428847173,84.21974171171749,5.733099937438965
735,0.1359389375008316,-1.6272020179348192,0.4978688357867313,83.04399382809692,3.531599998474121
736,0.07832967262785484,-1.5190206591691846,0.39854439858922847,81.86542406529517,0.3880999982357025
737,0.06033387747349347,-1.6119726027578845,0.4205047908196973,80.68421853314038,6.189899921417236
738,-0.005782072792690276,-1.528814898954851,0.22540386734005824,79.50056375767923,3.6242001056671143
739,0.020559703937846754,-1.6084635379340255,0.08038725884397536,78.31464665172194,3.980299949645996
740,-0.059572977136632996,-1.5586288911533976,-0.07529450536862038,77.12665448532715,4.56879997253418
741,0.024602342343757178,-1.5194170723907547,-0.024748549563765897,75.93677485622938,5.7733001708984375
742,-0.09481385582068098,-1.5573697451803936,0.11872392748605264,74.74519566021576,1.219499945640564
743,-0.15728742126807738,-1.4367592980645205,-0.2141753454376516,73.55210506145475,2.243000030517578
744,-0.13218282951695567,-1.5926283020579517,-0.10477009162391232,72.35769146278247,0.6712999939918518
745,-0.1536964130667833,-1.466611876650077,-0.17841584922919765,71.16214347595204,5.070000171661377
746,-0.22188912383959164,-1.449058957655827,-0.559979536889529,69.96564989185016,2.365999937057495
747,-0.2734735649532873,-1.404817703200336,-0.539987515008078,68.7683996506838,5.414899826049805
748,-0.14485823733112518,-1.4370953805656994,-0.49547482564379414,67.57058181214465,5.8140997886657715
749,-0.22633503794304552,-1.4303660159084601,-0.4778096028150715,66.37238552555566,0.8259000182151794
750,-0.2707842935351346,-1.4974107442691365,-0.43876294398734816,65.17400000000004,0.531000018119812
751,-0.24526003694077436,-1.3985279095347418,-0.6061559729980737,63.97561447444443,3.396899938583374
752,-0.26072402923441435,-1.4746018923404125,-0.5538575304053749,62.777418187855254,4.991000175476074
753,-0.3350758182589168,-1.3562407821913072,-0.547721646959804,61.57960034931645,4.185800075531006
754,-0.28209681164717293,-1.33901730966726,-0.7783886618284709,60.38235010814992,4.858799934387207
755,-0.36866669394308255,-1.3510035305294907,-0.5461292767644765,59.18585652404805,1.3859000205993652
756,-0.33435430951151307,-1.2663490525693069,-0.7394710589207742,57.99030853721762,0.6467999815940857
757,-0.3818887631644578,-1.4372121272172753,-0.8365152029628401,56.79589493854533,0.36390000581741333
758,-0.3417886632404928,-1.4285304338716254,-0.9159504348460973,55.60280433978432,1.798699975013733
759,-0.39443899182907405,-1.2812444150592555,-1.0399505890586964,54.41122514377071,2.9293999671936035
760,-0.4479897370332334,-1.2934533390407217,-0.9704920602917123,53.22134551467294,5.294400215148926
761,-0.5115840849464808,-1.2115757015081794,-1.0938625206311876,52.03335334827814,4.132400035858154
762,-0.4953082258231941,-1.1634650436566774,-0.9503445229076782,50.84743624232085,1.8841999769210815
763,-0.48712414059133574,-1.1716911254834221,-1.1073787298204174,49.66378146685953,6.19789981842041
764,-0.6136775620435879,-1.0661655937735495,-1.0986052114668743,48.48257593470492,1.6162999868392944
765,-0.5148988879430383,-1.1123792358265214,-1.1651000145326307,47.30400617190334,2.4728000164031982
766,-0.5594085392603526,-1.0572803632657373,-1.1939248509744866,46.128258288282595,5.301300048828125
767,-0.5245825291709537,-1.0845358508785796,-1.1784786066133512,44.955517948063374,0.15530000627040863
768,-0.5958876575206437,-1.0884998332979365,-1.274702665785691,43.78597034054039,0.6315000057220459
769,-0.6188200922645783,-1.0443352054929511,-1.153534434220965,42.61980015083854,5.532899856567383
770,-0.6126001795580285,-1.058203423951613,-1.3300064974606705,41.4571915307493,5.0218000411987305
771,-0.5950338347762586,-0.9184871854141167,-1.2721281986771422,40.298328069651475,1.0492000579833984
772,-0.6267966538613121,-1.0172310987253261,-1.3625490212939455,39.14339276551923,4.17110013961792
773,-0.6475601152851532,-0.9749097520160438,-1.2472633014697294,37.99256799602585,1.183899998664856
774,-0.6670520734604094,-0.9891699579272114,-1.2170757707347317,36.846035489742874,4.212399959564209
775,-0.6818288579820315,-0.9548810442086755,-1.438827606708996,35.70397629744443,3.801800012588501
776,-0.6945081828477817,-0.8905913959116881,-1.5708011124097576,34.56657076351597,4.632199764251709
777,-0.6603839423063572,-0.8801774876922079,-1.404690264310524,33.433998497476516,1.69350004196167
778,-0.7005110765946205,-0.7697129209993964,-1.5145556294122624,32.30643834561576,2.727299928665161
779,-0.7329244914812054,-0.7134809719701622,-1.344955745944503,31.184068362753422,3.421799898147583
780,-0.7311193342479531,-0.6414145626657931,-1.474595570014918,30.067065784120388,5.351600170135498
781,-0.7601199199561676,-0.7190531158884647,-1.5500328368648755,28.955606997372378,0.8359000086784363
782,-0.7778363586273037,-0.6124571598477219,-1.2667670430910365,27.849867514736566,1.5887000560760498
783,-0.8105520197636175,-0.5971137107544585,-1.387709324841349,26.750021945295252,0.8985999822616577
784,-0.8009770286507156,-0.5992551714536233,-1.4412780491603507,25.656243967413502,0.40790000557899475
785,-0.7642862783714283,-0.54038885694216,-1.2496989410241501,24.56870630131366,5.454500198364258
786,-0.8136920938184656,-0.3939595259893535,-1.267193555261021,23.487580681800495,3.1977999210357666
787,-0.8422861075301198,-0.5457432987820967,-1.183565369450743,22.413037831141978,3.6963000297546387
788,-0.8165741228777322,-0.49595623314336623,-1.142852686130392,21.345247432110718,1.1019999980926514
789,-0.8215065183405934,-0.5027538573007844,-1.3227729440684968,20.284378101188793,0.9810000061988831
790,-0.8948302942639983,-0.37131713614809075,-1.1587487267720302,19.230597361941697,0.31779998540878296
791,-0.9229432856302946,-0.3960439058321523,-1.191581094695318,18.18407161856412,3.354599952697754
792,-0.9385475021102306,-0.2915146064217712,-1.1164082196922989,17.144966129602352,1.2582000494003296
793,-0.9085243273523412,-0.2782084766045316,-1.0389618429643337,16.113444981859104,0.8184000253677368
794,-0.8909366189675267,-0.25482268498585814,-1.000079197652732,15.089671064481202,5.381999969482422
795,-0.9388267581967454,-0.3742656908640538,-1.074367093289142,14.073806043238179,0.7566999793052673
796,-0.9128953400904116,-0.19296898352545383,-0.9470958893321779,13.066010334992889,4.865900039672852
797,-0.9347848305870762,-0.19962406051142362,-0.93569802587422,12.06644308237096,5.8242998123168945
798,-0.9391802403569015,-0.04802208136890859,-0.8071548151869561,11.075262128628665,1.0807000398635864
799,-0.9970452430222746,-0.10557769695696503,-0.9769441895877047,10.092623992728726,2.691499948501587
800,-0.9837876452817897,-0.05039201544840778,-0.8810667426378734,9.118683844623753,1.478700041770935
801,-1.0540791205702258,0.009753968929619621,-0.8411097886700545,8.153595480753694,5.489799976348877
802,-0.9535970504774213,0.04137308916522621,-0.7871106421428757,7.197511299758581,1.5616999864578247
803,-1.0092067782391152,-0.018652163088840108,-0.9079986191246026,6.250582278414029,0.07119999825954437
804,-1.0369600833859032,0.028771471526271672,-0.7155124556723861,5.312957947789769,2.6010000705718994
805,-1.010058521616028,0.06727877903108721,-0.6209348877401425,4.384786369636771,5.881899833679199
806,-1.0072717767318515,0.14133200866736967,-0.7234950806768383,3.46621411300692,2.4986000061035156
807,-1.0018979352505977,0.226170504574347,-0.6483470422255713,2.5573862311078415,2.6956000328063965
808,-1.0581597405201142,0.13718197768776655,-0.6595741044832315,1.6584462383976941,1.014299988746643
809,-0.9922872775893146,0.26005944610327086,-0.5293812223108036,0.7695360879222903,1.8137999773025513
810,-1.035671480384527,0.3108934720965628,-0.39875620007893053,359.89079614889886,4.372399806976318
811,-1.0422782994080413,0.31823270019198757,-0.3888847058302541,359.02236518455027,3.7551000118255615
812,-1.0824101734894247,0.2428878244059674,-0.15571815028500585,358.16438033019324,4.497300148010254
813,-1.0558503368876624,0.2508586959778363,-0.38705736380120775,357.3169770715822,2.5125999450683594
814,-0.9960892527183429,0.41657493431222337,-0.07926844969653127,356.4802892235149,0.9399999976158142
815,-1.0421696921248889,0.36299637436926047,-0.3313385956174159,355.6544489087022,0.3903999924659729
816,-1.0073504976845462,0.41931463649055056,-0.09001477942582535,354.8395865369031,2.6431000232696533
817,-1.0498843974038714,0.4916785863071358,-0.14006733671367813,354.0358307843321,3.604099988937378
818,-1.0379751699708035,0.47223075578198087,-0.03315341931731478,353.24330857334,0.6818000078201294
819,-1.0811848960849493,0.562535922382315,0.013602657450085355,352.4621450523713,0.298799991607666
820,-1.1382386603639036,0.5879584769987335,0.0692834866920322,351.6924635762013,1.648900032043457
821,-1.093813217675019,0.577556636511393,-0.03786336894071318,350.93438568645774,0.4927999973297119
822,-1.1168804671557655,0.6339152432250579,0.09842940688348185,350.1880310924271,5.130300045013428
823,-1.1483831969253206,0.7454072764369551,0.3275079329728332,349.45351765215196,4.590700149536133
824,-1.094661348980587,0.5792433146701444,0.12120196307475696,348.7309613538192,2.152100086212158
825,-1.0678731248724247,0.7990222320681389,0.25876528770534774,348.0204762974444,5.303400039672852
826,-1.080397712207751,0.7000216375363552,0.011906084498983173,347.3221746768543,5.112299919128418
827,-1.0287414593491842,0.7563045294857365,0.2975771097005552,346.6361667619698,2.7416999340057373
828,-1.1473346378946614,0.7327786782865432,0.3778899242969789,345.96256088139296,5.575399875640869
829,-1.1397131573986774,0.7079937922646924,0.31163496655613715,345.3014634053011,1.545699954032898
830,-1.1100435261181296,0.8633408343830937,0.48745670978664324,344.6529787286494,1.3669999837875366
831,-1.07481655324516,0.8589935657614122,0.4824529377499971,344.01720925468567,3.4179000854492188
832,-1.1088075058169489,0.9165816949979503,0.5371931380621257,343.3942553787799,0.9083999991416931
833,-1.1094714210909493,0.8525807999291135,0.5001732423465008,342.78421547257085,5.9695000648498535
834,-1.1033384182657249,0.9632017051877496,0.5056261919447222,342.18718586843136,3.440700054168701
835,-1.1627184507335764,0.9187313292523906,0.6934114946136511,341.6032608442569,2.3912999629974365
836,-1.1368383326436302,0.9449291163256714,0.6755738523241667,341.0325326085778,2.287400007247925
837,-1.0757070197372667,0.880719311351529,0.7379055126954946,340.47509128599876,5.5802998542785645
838,-1.10587219375254,1.007608918993101,0.7630869623165228,339.93102490296644,5.742599964141846
839,-1.1526329356763012,1.0065324410450256,0.8795594383583035,339.4004193738699,1.7235000133514404
840,-1.1655014762008802,0.9864053399866617,0.6800367318505298,338.8833584874731,5.262599945068359
841,-1.0810540842907397,1.067747470124265,0.8025375441881556,338.379923893684,6.15880012512207
842,-1.0716447530834314,1.1008785456031733,0.7358077813655022,337.890195090661,0.11219999939203262
843,-1.0247383180204794,1.0715095529742436,0.7002430767608406,337.41424941225904,0.24789999425411224
844,-1.0633259449303842,1.0381908183261788,0.9184173731925346,336.9521620158182,4.262599945068359
845,-1.0889880581110918,1.0850725524771305,0.863128588523956,336.50400587029515,3.922300100326538
846,-1.044714549044518,1.104801818541937,0.9005732032327184,336.0698517447403,2.3958001136779785
847,-1.0883854120839818,1.1274216595918234,0.9421707907208394,335.64976819712297,0.15320000052452087
848,-1.069466659720826,1.146084106058412,1.034724994529947,335.2438215635052,4.277900218963623
849,-1.080001965862962,1.1862234653050716,0.9401441796022169,334.8520759475663,3.928100109100342
850,-1.0921032702436146,1.101834442955561,0.9050188988600116,334.4745932104801,6.0640997886657715
851,-1.0017381345838179,1.169621307736884,0.8951522232862485,334.1114329611469,0.5019999742507935
852,-1.051382524360401,1.176830063740791,1.1282593682864899,333.7626525467799,1.7964999675750732
853,-1.0387292388401703,1.1135683231593871,0.9827585717863917,333.42830704384977,2.3443000316619873
854,-1.1377044420899072,1.1423425900802473,1.0703260843035345,333.10844924938715,3.800100088119507
855,-1.0392555721055285,1.1862615012371014,1.1460233065782548,332.80312967264587,5.308300018310547
856,-1.0392248834763411,1.2465091413351226,1.1525021455256703,332.51239652712627,4.021900177001953
857,-1.0649309986253643,1.183665377700348,1.1582790404331489,332.2362957229625,4.025199890136719
858,-1.030810629139183,1.1739052903265008,1.0890306104518888,331.9748708596721,0.955299973487854
859,-1.023783561630161,1.2853781593479936,1.032836097075491,331.72816321927155,1.5226999521255493
860,-1.047543225616664,1.202869755462747,1.1890294969956299,331.49621175975716,1.5241999626159668
861,-1.0922169303651548,1.3620510901166865,1.210123587135253,331.2790531089533,4.5518999099731445
862,-1.1370461486074213,1.313883767022545,1.1347647889800292,331.0767215587282,5.014599800109863
863,-1.0365111655233583,1.3837578543006446,1.112320851734403,330.88924905957936,0.879800021648407
864,-1.0633241164469769,1.3023730922228398,1.2791275520187537,330.71666521558745,1.1208000183105469
865,-1.0794004096705994,1.2510288735409738,1.1031806431544944,330.5589972797422,0.3425000011920929
866,-1.0268311084409336,1.202975126762088,1.323912009737147,330.41627014963836,5.972499847412109
867,-0.9757139459762019,1.2066964088267074,1.1776830348510414,330.28850636354434,1.6583000421524048
868,-1.0531092019994392,1.2970557078559428,1.189451869228753,330.17572609684305,5.175000190734863
869,-1.1210827780667025,1.3292480004663576,1.1438634732598603,330.07794715884603,2.67930006980896
870,-1.11758586730404,1.283069672680039,1.2849265755924115,329.995184989981,3.0669000148773193
871,-1.044420101173909,1.3236987555683057,1.2479464779766603,329.92745265935395,5.662199974060059
872,-1.0986195566888235,1.1904730353552917,1.1371482270838067,329.8747608626849,4.792300224304199
873,-1.0300865570480569,1.1529873083009317,1.10531631880378,329.83711792061956,0.3682999908924103
874,-1.0168802889050648,1.3578272371459839,1.283841086145087,329.8145297774147,4.0346999168396
875,-1.0236838175199572,1.285285515902621,1.1816811836383438,329.807,0.48249998688697815
876,-1.0530933511778537,1.246209030007237,1.1290418553781234,329.8145297774147,4.51639986038208
877,-0.9957273906520052,1.2550900804873266,1.2420158650749347,329.83711792061956,3.8754000663757324
878,-1.0266841098097024,1.2272880433468119,1.1056573297681616,329.8747608626849,2.2079999446868896
879,-1.0521626169470373,1.2848944978924208,1.151597758668261,329.9274526593539,1.4744999408721924
880,-1.0702311939746965,1.338375655362486,1.2670963362114254,329.99518498998106,5.520100116729736
881,-1.0604732585006804,1.361977969359111,1.3882157867405265,330.07794715884603,4.32859992980957
882,-1.0651493002589336,1.276833136162526,1.2718065989194443,330.17572609684305,2.0671000480651855
883,-1.0286962553162573,1.3383243739913644,1.217942214240702,330.28850636354434,4.450900077819824
884,-1.105568188651319,1.3340200521072456,1.1483158868735022,330.41627014963836,5.818999767303467
885,-1.116610765950108,1.2755279392098113,1.2533110749981342,330.5589972797422,4.650899887084961
886,-1.0842664683413008,1.2897683015136692,1.1536424545726718,330.71666521558745,0.4763999879360199
887,-1.0471361337533736,1.2476296479951168,1.2050255051188703,330.88924905957936,5.215700149536133
888,-1.0375324744100665,1.2875563850997134,1.2241847091050992,331.07672155872825,1.413699984550476
889,-1.0409566824283463,1.2561768564020939,1.1875081801923246,331.27905310895324,3.7077999114990234
890,-0.98215582433219,1.2274312601663104,1.1058065425054946,331.4962117597571,3.1858999729156494
891,-1.017928781817294,1.2386917454629667,0.9175497153026104,331.72816321927155,4.929999828338623
892,-1.0353981782111743,1.250685737068933,1.2420624261258488,331.97487085967214,6.099100112915039
893,-1.0140532273615652,1.158125029225502,0.9691448786413731,332.2362957229625,4.217599868774414
894,-1.0698154910155948,1.191489001955782,1.0494355635255612,332.51239652712627,2.8980000019073486
895,-1.0588830176486792,1.1616419962669222,0.9638929205601838,332.8031296726458,0.5333999991416931
896,-1.1117220072326648,1.1644242097558999,1.145793407851223,333.10844924938715,2.466900110244751
897,-1.0153881436027394,1.0530604014463096,0.9726038487959544,333.4283070438497,0.05139999836683273
898,-1.0777963760396516,1.1356200259603377,1.009499827889067,333.7626525467799,3.842900037765503
899,-1.0544529067350026,1.1767010073530348,0.9823451408180123,334.11143296114693,6.116700172424316
900,-1.0588238950699627,1.1119210793836458,0.8376558724430885,334.47459321048007,1.6132999658584595
901,-1.0680029866516587,1.138971705673738,0.9242066774582233,334.85207594756616,4.668300151824951
902,-1.1604232053189287,1.186007857709964,0.9602600343413958,335.2438215635052,3.4052999019622803
903,-1.0957100152207726,1.130512964376209,0.9221138715607808,335.64976819712297,0.10100000351667404
904,-1.0468311998479272,1.1323695735292048,0.8665521541033688,336.0698517447403,2.3736000061035156
905,-1.127149044164265,0.9994704281387699,0.8757669877149548,336.5040058702951,4.5808000564575195
906,-1.057955035621423,1.0794198925505294,0.8464089951101917,336.95216201581826,0.482699990272522
907,-1.0816526747081379,1.0240140043524024,0.7727952644663064,337.41424941225904,2.670599937438965
908,-1.118740170515333,1.0579035372594987,0.947160489995315,337.8901950906609,3.8517000675201416
909,-1.088859673664075,0.995242570747768,0.7081281034935898,338.379923893684,5.311600208282471
910,-1.0535822771673284,1.0387973544117652,0.5829797047275689,338.8833584874732,6.1016998291015625
911,-1.072997587213124,1.0471410388741982,0.7333733075555326,339.4004193738699,5.0040998458862305
912,-1.1694144880298896,0.9708323282730299,0.7035025182661363,339.9310249029664,1.5640000104904175
913,-1.1017734662235172,0.8929328889166405,0.5387540283790349,340.4750912859987,6.036399841308594
914,-1.0930172120821815,0.9413940336851542,0.5789918230928452,341.03253260857775,4.908199787139893
915,-1.1109016937458915,0.9886822268455264,0.5765147149124981,341.6032608442568,2.08240008354187
916,-1.145491871833627,0.8625197035581794,0.47604446255255456,342.18718586843136,2.8515000343322754
917,-1.137680100851385,0.8663863111409792,0.38950799653772644,342.7842154725709,5.874499797821045
918,-1.1128540810540126,0.8924132129001233,0.4948789976875902,343.3942553787799,1.9737999439239502
919,-1.1237447859306633,0.8388146303298926,0.3682156517311635,344.01720925468555,2.8907999992370605
920,-1.0788562848731167,0.8648208247361479,0.5500505999043951,344.6529787286493,1.0526000261306763
921,-1.086396483476778,0.6567277382099336,0.1602467090093597,345.30146340530104,2.9235000610351562
922,-1.098047160326599,0.8112076444830574,0.3876469359213575,345.96256088139296,6.158100128173828
923,-1.1039211406857192,0.7582878582598712,0.19659329940617196,346.6361667619697,4.829400062561035
924,-1.1061644249229143,0.5992173205919068,0.22596451349846639,347.32217467685433,2.1547000408172607
925,-1.1049631899228578,0.6625765914522914,0.16340598431952164,348.02047629744436,4.530900001525879
926,-1.1093756029852224,0.6112812112129342,0.0458781719414132,348.73096135381905,5.558700084686279
927,-1.1053100975913015,0.5155308656215472,0.09775467093114365,349.4535176521518,5.679999828338623
928,-1.0997127841115413,0.5244766633282738,0.033646435785992454,350.1880310924271,6.152299880981445
929,-1.1042926051903843,0.517236547090437,0.05251906226256235,350.9343856864577,3.202500104904175
930,-1.1177093665628068,0.5367078677338919,-0.04284120075916577,351.69246357620125,4.806099891662598
931,-1.0416699636247924,0.5080823147239901,-0.07266276920610826,352.4621450523713,3.6654999256134033
932,-1.0141568933655125,0.4321104449530381,-0.09621490787422354,353.24330857333996,0.7989000082015991
933,-1.0330918649591836,0.36224501886885163,-0.19322850348414078,354.03583078433195,1.3432999849319458
934,-1.0563295843675444,0.37963763212064866,-0.3463263037251903,354.839586536903,1.1187000274658203
935,-1.1441439004292735,0.4538387037895862,-0.21165065678269088,355.6544489087023,5.148799896240234
936,-1.0529616115848253,0.2840285807224534,-0.2738428233057921,356.480289223515,4.968100070953369
937,-1.076811303169225,0.2618842364775809,-0.2506221009381212,357.316977071582,2.083899974822998
938,-0.9996724995050451,0.215885899543186,-0.433705879208376,358.164380330193,1.7312999963760376
939,-1.08770723135627,0.22201410500748217,-0.39500142197365934,359.02236518455015,0.9172000288963318
940,-1.0316817021722475,0.17250728120494788,-0.5291820195163606,359.89079614889874,1.8451999425888062
941,-1.059984900652183,0.055417345842779124,-0.7015650653399064,0.7695360879222335,0.09929999709129333
942,-1.0177441666014002,0.13606369819900413,-0.5452027853049347,1.6584462383977652,1.448699951171875
943,-1.0292132627240997,0.10227175370323902,-0.6693189301815137,2.5573862311077917,2.849299907684326
944,-1.0097584948106881,0.03700502521064302,-0.7297929774957255,3.4662141130067283,3.1221001148223877
945,-1.0003810229293593,-0.039926756596147354,-0.8192618390997648,4.384786369636572,4.336100101470947
946,-0.9545010955321086,0.025710331043064347,-0.6343160712193833,5.312957947789833,4.978700160980225
947,-1.0412427479435438,-0.009817398796064249,-1.0419968688765715,6.2505822784141,3.459399938583374
948,-0.9048522137852402,-0.10887334430823728,-0.9124247086773768,7.197511299758517,4.090000152587891
949,-0.9524003554938331,-0.026280933551092442,-0.9096241511371257,8.153595480753488,2.482800006866455
950,-0.9271871517308378,-0.14553778920090898,-0.8973973853800845,9.118683844623689,3.519200086593628
951,-0.8765671672845521,-0.19044786026969643,-1.1684787102940517,10.092623992728512,1.5104000568389893
952,-0.9152096385470857,-0.22473752555889615,-1.1313430134615465,11.075262128628594,1.4696999788284302
953,-0.9188498026286772,-0.18653331128667466,-1.344091214596103,12.066443082371038,0.9437999725341797
954,-0.9109593771118003,-0.25655400717745247,-1.2764768538516587,13.06601033499296,0.599399983882904
955,-0.8894646413416597,-0.2820275972749096,-1.097966528446197,14.073806043237965,2.3041000366210938
956,-0.8796739534378972,-0.33593344650218604,-1.3614499131455706,15.089671064480989,3.8364999294281006
957,-0.843892306220224,-0.4130537706730739,-1.2190361463743338,16.113444981859026,2.1668999195098877
958,-0.8386631484766602,-0.4055836934336141,-1.107071494520493,17.144966129602437,4.848999977111816
959,-0.8210571781363296,-0.40511802587316625,-1.2352235610192064,18.184071618564055,4.871099948883057
960,-0.808253266475457,-0.43459718597212327,-1.1255296430981117,19.230597361941626,6.097499847412109
961,-0.8436633202503464,-0.5388120230343629,-1.1454995108409458,20.284378101188715,4.396399974822998
962,-0.8360292194582617,-0.5121614362904683,-1.3365793292516777,21.34524743211049,1.0644999742507935
963,-0.7744232459608787,-0.5932403053151407,-1.392075287854981,22.41303783114175,2.040800094604492
964,-0.7547706374260057,-0.5727080466333906,-1.3370026855138468,23.487580681800573,4.2778000831604
965,-0.7889903051297098,-0.653678245877041,-1.4364779301470683,24.56870630131374,0.4487999975681305
966,-0.7206769447964488,-0.691009041580631,-1.3162030128307642,25.65624396741343,2.2964999675750732
967,-0.7777896023795426,-0.6748956629114993,-1.3761145898104723,26.750021945295025,1.7305999994277954
968,-0.7418974444440846,-0.8427431233987565,-1.3548938385589313,27.849867514736495,4.36870002746582
969,-0.7207537840910551,-0.7387919528965721,-1.2414609592976462,28.9556069973723,2.1939001083374023
970,-0.6808976691451738,-0.7866383481875041,-1.3674214609823114,30.06706578412031,1.36080002784729
971,-0.7048271022825967,-0.7788436011665453,-1.236439871930689,31.184068362753507,6.220099925994873
972,-0.6863467939106871,-0.793221297599329,-1.58455864770428,32.306438345615845,5.974400043487549
973,-0.6844837063970884,-0.9484025289473792,-1.4658204610052328,33.43399849747628,3.6217000484466553
974,-0.6406410245093324,-0.9654722343089249,-1.3570725806256194,34.56657076351573,5.99459981918335
975,-0.6355967101996042,-0.9232987352725189,-1.363743774570511,35.70397629744435,4.386000156402588
976,-0.6206833621990864,-1.0181967988848653,-1.2738136498222605,36.84603548974296,4.490499973297119
977,-0.6108480147218527,-1.039816720425395,-1.423288725287778,37.99256799602577,3.0302999019622803
978,-0.5820303653250377,-1.1106023557683227,-1.238070291995136,39.14339276551915,2.756700038909912
979,-0.5720643084113038,-1.0783210097124942,-1.250268273585277,40.2983280696514,1.444000005722046
980,-0.564792064006717,-1.0501731601315627,-1.3224025533272628,41.45719153074922,3.6763999462127686
981,-0.5548182080592876,-1.0423224116719134,-1.153178970438773,42.6198001508383,2.52239990234375
982,-0.5727007500820682,-1.0924880607438738,-1.3149300819704621,43.78597034054047,2.422800064086914
983,-0.5265446458401499,-1.1883403783402986,-1.2090366050509957,44.95551794806346,1.901900053024292
984,-0.46472545925585623,-1.1959143742385596,-1.0899678481746988,46.12825828828251,3.2741000652313232
985,-0.5145090038994485,-1.2124657164293653,-1.0176144744003859,47.3040061719031,1.9342000484466553
986,-0.46318115959553724,-1.1991090118066063,-1.0291065114616487,48.48257593470484,3.8210999965667725
987,-0.36253989862522146,-1.2445979862380863,-0.9997437544978949,49.66378146685945,2.6939001083374023
988,-0.4237623721099917,-1.311874824475225,-0.9445299148459256,50.84743624232077,1.3295999765396118
989,-0.3902620965329919,-1.277083227529431,-0.9463201677164585,52.033353348278055,2.975800037384033
990,-0.412580984668925,-1.3142880055309722,-0.8065509704827902,53.221345514673025,5.232600212097168
991,-0.36381335904582224,-1.2897319223007282,-0.9158775160206211,54.41122514377062,2.277899980545044
992,-0.34783191729157753,-1.2919587811342408,-0.8245881724633016,55.60280433978407,2.687299966812134
993,-0.3717364980219609,-1.1871418325081926,-0.8401699739248574,56.795894938545246,4.4415998458862305
994,-0.27188902769194606,-1.3572767832933141,-0.5999354949767796,57.99030853721771,3.306299924850464
995,-0.2578518705943645,-1.45443099051269,-0.5278273767092916,59.18585652404796,3.9231998920440674
996,-0.2991661893418646,-1.416465471883072,-0.6508020096714827,60.382350108149836,3.7648000717163086
997,-0.2613534692959086,-1.431389272837601,-0.394236030777804,61.579600349316365,4.231900215148926
998,-0.269608255299337,-1.4002323325874122,-0.5513728936412413,62.777418187855176,2.0731000900268555
999,-0.1998881392508721,-1.4821821334167868,-0.40022700137403106,63.97561447444418,3.1552000045776367
