frame,psi1,psi2,psi3,csv_gt_angle,inplane_angle_rad
0,-0.22960546267730214,1.600952786860078,0.29641843978299454,65.174,0.5972999930381775
1,-0.17394748086813325,1.4428855936757827,0.30791055308897025,66.3723855255557,5.399799823760986
2,-0.158791928559727,1.4714766794781304,0.4785172103515129,67.57058181214477,3.1321001052856445
3,-0.22389893350443948,1.5382385111894907,0.3136958170557548,68.76839965068365,2.317699909210205
4,-0.11936089442049487,1.5224607604345983,0.08766966709468908,69.96564989185009,6.278299808502197
5,-0.09899982773727202,1.552354189009993,0.0067842821945727555,71.16214347595204,2.6526999473571777
6,-0.04203254758586301,1.539799217415102,0.0044983254867386625,72.35769146278237,4.134300231933594
7,-0.1375174681928325,1.5451101396657954,-0.058610583514552166,73.55210506145472,2.3225998878479004
8,-0.037349850346440186,1.6224850472955719,-0.2320654402495793,74.74519566021581,3.8647000789642334
9,-0.06543610851867361,1.5573391689809095,-0.04622991408945923,75.93677485622933,2.219599962234497
10,0.03640829716203554,1.4947519832695277,-0.3751732950880985,77.12665448532701,1.2000000476837158
11,0.03673822406812092,1.5530208619754144,-0.43581922228757647,78.31464665172189,0.6075000166893005
12,0.03599429578782016,1.5570319493745763,-0.4018470286101387,79.50056375767925,5.600800037384033
13,0.07546486246620623,1.5525578371076125,-0.42053388042760603,80.68421853314047,1.0867999792099
14,0.18127054340242488,1.6026689545318216,-0.6047086328891704,81.86542406529516,0.35350000858306885
15,0.16804828410309652,1.609041212596737,-0.6327865948470339,83.0439938280968,4.42579984664917
16,0.19101668024520804,1.4980272631308016,-0.6982890230002627,84.21974171171746,6.245699882507324
17,0.1909321517683931,1.6064993112082857,-0.5402960945981554,85.39248205193658,3.8466999530792236
18,0.28789103934508675,1.6371039166385257,-0.7196518875748772,86.56202965945964,5.737599849700928
19,0.28750409388902265,1.5833638760052535,-0.8277693865512029,87.72819984916156,1.6100000143051147
20,0.26611541252450643,1.5537741844566517,-0.9304811729358897,88.89080846925071,5.309500217437744
21,0.3250253348387248,1.5559340980355407,-1.0789112971144699,90.04967193034861,4.5472002029418945
22,0.304152083758967,1.557697738405994,-0.6989269948861317,91.20460723448076,2.2932000160217285
23,0.37211281624286446,1.4776762858956236,-1.0194114043558018,92.35543200397422,1.8485000133514404
24,0.3640304288363903,1.408689000200497,-1.237380297294203,93.5019645102571,0.9460999965667725
25,0.5109104468904272,1.4394632665904288,-1.2328485470144794,94.64402370255561,2.994999885559082
26,0.49499410445411346,1.3815277285132062,-1.3610145050427214,95.78142923648416,2.8680999279022217
27,0.44119278504021603,1.4794384922645851,-1.4041330363421727,96.91400150252367,1.6171000003814697
28,0.5318240811316882,1.4687264004938205,-1.2725934121431168,98.04156165438417,1.593500018119812
29,0.6331297475461815,1.2760118931963347,-1.4327005537748463,99.16393163724659,5.687600135803223
30,0.5997515921604469,1.3051575045855606,-1.430785938709087,100.28093421587968,4.448599815368652
31,0.687278638202896,1.1190109509101425,-1.3607946341576638,101.39239300262761,0.08659999817609787
32,0.6254657237048868,1.142039560005384,-1.593745203152548,102.49813248526348,4.150599956512451
33,0.6903206381004325,1.1089531289214172,-1.6171452380682634,103.59797805470487,3.5527000427246094
34,0.7124099895171653,1.1395304397793362,-1.5042280860146862,104.69175603258654,0.19689999520778656
35,0.7548020358484074,1.0420593299547378,-1.5300532540688643,105.7792936986863,4.252500057220459
36,0.707252280864117,1.0742521200610124,-1.4990830046876618,106.86041931819952,6.2642998695373535
37,0.7246039123906888,1.0219164215606316,-1.623149372129711,107.9349621688581,1.0484000444412231
38,0.7943137669760693,0.873013155019035,-1.3883447676654275,109.00275256788944,1.3007999658584595
39,0.8185584645356928,0.9042064138720366,-1.4601567452509006,110.06362189881128,2.5627999305725098
40,0.9122305256002934,0.818496384871043,-1.6793046947685453,111.1174026380583,3.963399887084961
41,0.9007436718554489,0.8349960896614365,-1.3355473799489854,112.16392838143592,1.9259999990463257
42,0.8946622893052407,0.7678210515022384,-1.5010105328027585,113.2030338703976,2.883500099182129
43,0.9556187187551148,0.6824379344969809,-1.424963787877586,114.23455501814092,0.9930999875068665
44,0.884585199003288,0.6558776503965419,-1.5117513448113968,115.25832893551889,1.4735000133514404
45,1.0019594073017237,0.8152072351494084,-1.3610507302514105,116.27419395676199,1.5819000005722046
46,1.0104899689716154,0.6443037680046599,-1.4837929445408717,117.28198966500705,2.8761000633239746
47,1.0783216748086633,0.6483137734301433,-1.4126466051524287,118.28155691762903,0.39480000734329224
48,1.1254054018391957,0.5607076742011518,-1.4113982514010583,119.27273787137139,0.6990000009536743
49,1.0196488777991395,0.43343868150361226,-1.0728354864067504,120.25537600727141,4.777200222015381
50,1.07062567735226,0.49387750928909374,-1.2844869776432624,121.2293161553763,4.546800136566162
51,1.1082992678283972,0.5332085188986239,-1.2551924452374168,122.1944045192464,0.5480999946594238
52,1.0511263259242705,0.39885972397874614,-1.2698313292396362,123.15048870024145,3.380500078201294
53,1.017114950924237,0.3416206958872139,-1.1893096709130617,124.09741772158591,0.5407999753952026
54,1.1795368171873855,0.2694729051137279,-1.3032830856169453,125.03504205221024,4.097599983215332
55,1.2406071094983637,0.26417242957951703,-1.4217171627390204,125.9632136303633,2.2151999473571777
56,1.1249616947627195,0.21640781068000378,-0.9705231107734971,126.8817858869932,4.4618000984191895
57,1.125951169224674,0.15181825395846466,-1.118826019700707,127.7906137688922,5.353300094604492
58,1.2006156525173708,0.11672362748539741,-1.0544858352658915,128.6895537616023,1.9844000339508057
59,1.204587146174653,0.19117918344072984,-0.959147075403718,129.57846391207772,0.682699978351593
60,1.2409814115916524,0.0680575848513896,-0.8641875757042691,130.45720385110127,1.1146999597549438
61,1.1884865042596489,0.030027169006930376,-0.9026374479979384,131.3256348154498,0.7240999937057495
62,1.2464226493649544,-0.1770517386386858,-0.6541174598570341,132.18361966980686,2.425299882888794
63,1.2598568538754578,-0.03686270603926852,-1.0574421929376414,133.03102292841794,0.9531999826431274
64,1.243041211227087,-0.053776005172323456,-0.9231950310941637,133.867710776485,4.209700107574463
65,1.2646517138685192,-0.21928330025281628,-0.6217933628198813,134.69355109129776,4.812300205230713
66,1.2327336219973695,-0.21536240363574471,-0.5662714372824637,135.50841346309699,5.948500156402588
67,1.2669901372418415,-0.21566872623738326,-0.5789669850904874,136.31216921566798,0.7810999751091003
68,1.3540408335928737,-0.18228257310222587,-0.5535285056265984,137.10469142666,1.1633000373840332
69,1.3115781153221096,-0.3490775216205708,-0.4489516022300221,137.88585494762876,2.390199899673462
70,1.2952006146690942,-0.34455183944883555,-0.46879044582671464,138.6555364237987,1.0654000043869019
71,1.293348558276236,-0.2930667237992564,-0.6181802658948446,139.41361431354233,0.3028999865055084
72,1.1944808471201078,-0.3537334246036487,-0.155465266057433,140.15996890757293,3.0095999240875244
73,1.3504538365838707,-0.37371747221776025,-0.3865096362669653,140.8944823478481,2.8236000537872314
74,1.3891296470277705,-0.53262971392265,-0.3322128066726723,141.6170386461809,5.540500164031982
75,1.330665963964724,-0.5023538214852367,-0.33388362170861513,142.32752370255562,6.249300003051758
76,1.3526720727881094,-0.5616000650786372,-0.02062530890095922,143.02582532314568,4.612100124359131
77,1.329102788471595,-0.731768858400021,-0.27033261355893845,143.71183323803024,3.9823999404907227
78,1.3864244608947898,-0.6243153525907237,-0.05780239928898231,144.38543911860705,3.861999988555908
79,1.3091978267146058,-0.6747206755766311,-0.004469553878753919,145.04653659469895,5.635499954223633
80,1.3561982467424631,-0.677162475050756,0.2232601354703308,145.6950212713507,1.5317000150680542
81,1.386509686849429,-0.6468906723820808,0.29237710076511675,146.3307907453144,2.9337000846862793
82,1.3143213669732292,-0.7028241211003082,0.318288408586254,146.95374462122004,2.065000057220459
83,1.2827505078245702,-0.7506613322392287,0.6635067327206365,147.56378452742916,1.1871999502182007
84,1.3837714449617802,-0.7776594187460066,0.5211094350422733,148.16081413156866,1.024399995803833
85,1.3458512328411947,-0.7196988305080579,0.7008605205470226,148.74473915574316,5.777500152587891
86,1.3596442431691251,-0.7337916752730712,0.5458560517448081,149.3154673914222,2.882200002670288
87,1.3569542255606462,-0.8573237179398567,0.40698301587079483,149.8729087140013,4.368800163269043
88,1.4032901828726352,-0.9678264435244026,0.6392062811755016,150.41697509703357,3.9869000911712646
89,1.2710561092916246,-0.8716743598239892,0.8788487209343097,150.9475806261301,5.089600086212158
90,1.346360565441576,-0.8228356584391562,0.8514603052600903,151.4646415125269,0.7936999797821045
91,1.3434220236204535,-0.9424102066909406,0.8747986908351022,151.968076106316,3.6273999214172363
92,1.4024699045767657,-0.8393669079516423,0.9913499895402929,152.45780490933905,2.803800106048584
93,1.307662095564957,-1.0283455345750476,0.7893547363410629,152.93375058774097,2.152899980545044
94,1.351287104054836,-1.072917947944973,0.8614283243099635,153.39583798418175,4.09119987487793
95,1.3421624291151837,-0.9205434132799979,0.9179593530179826,153.84399412970487,4.251800060272217
96,1.3413710338271285,-0.9324490369335037,0.8594019834252152,154.27814825525974,0.9355999827384949
97,1.3820287770981021,-1.104768622030124,0.9346610984187581,154.69823180287702,5.906599998474121
98,1.2357152422690392,-0.9557176784249313,0.7936234010599431,155.1041784364948,5.892899990081787
99,1.3461441560421041,-1.0771573750576844,0.9312621816579117,155.4959240524338,3.03629994392395
100,1.3878184451880373,-1.1322791661885854,1.3953482919843294,155.87340678951992,4.975299835205078
101,1.2745100625640569,-1.0478647856223735,0.814486804824808,156.2365670388531,1.215399980545044
102,1.2772388345635537,-1.0669067000136987,0.8385266352618995,156.5853474532201,3.293100118637085
103,1.3430243950465446,-1.04561229758329,1.0350771366298523,156.91969295615024,6.24459981918335
104,1.2681501481576338,-1.1466863074938387,1.3809468988893008,157.23955075061284,5.892600059509277
105,1.259399421105407,-1.053190532590114,1.3220317130775343,157.54487032735418,3.1851999759674072
106,1.3004718240515554,-1.128397880115436,1.3103730503494724,157.83560347287371,0.9157999753952026
107,1.2685929072832594,-1.130515096670149,1.1954600832625435,158.11170427703752,3.112799882888794
108,1.2455707628673212,-1.0743606212175796,1.1796546498191938,158.37312914032793,2.150099992752075
109,1.2844649784680187,-1.274110705360279,1.296902757527103,158.61983678072846,4.797500133514404
110,1.3355397678162952,-1.1412679279755569,1.180387436219987,158.85178824024285,2.2304000854492188
111,1.2740227774289212,-1.1326541622329513,1.3764458540965472,159.06894689104672,4.632699966430664
112,1.285685430170481,-1.1934281804252753,1.4152790513408129,159.27127844127176,5.851500034332275
113,1.2409539218002652,-1.0888669869400684,1.3595648344243076,159.45875094042066,3.139899969100952
114,1.2710462223422678,-1.2158023754098817,1.311273368718039,159.63133478441256,3.3015999794006348
115,1.3010107299636133,-1.2624777672114813,1.3623385965750643,159.78900272025783,1.1660000085830688
116,1.2423313286871864,-1.129735731824484,1.4169038854478782,159.93172985036165,0.5002999901771545
117,1.257945975098886,-1.144946469079645,1.458085171265373,160.05949363645567,2.6047000885009766
118,1.287378540562253,-1.1414005943584569,1.2761414234580508,160.17227390315696,0.36419999599456787
119,1.3031539225262816,-1.2489868978884924,1.4105041841353916,160.27005284115398,2.004199981689453
120,1.272491648331489,-1.1607045550630337,1.2958611700861493,160.352815010019,0.7972000241279602
121,1.2146146078660396,-1.219008359873632,1.1235570735054254,160.42054734064607,3.135999917984009
122,1.2237538927643155,-1.297401049296464,1.4117423410927121,160.4732391373151,5.562399864196777
123,1.2362802607489929,-1.1363744946563277,1.1479684937392525,160.51088207938048,2.625200033187866
124,1.3794693438680468,-1.2341999088063933,1.4170808114611184,160.53347022258532,3.069200038909912
125,1.2548671720238889,-1.172753994892787,1.6561594616349733,160.541,2.5680999755859375
126,1.3952986273606462,-1.0870695344697978,1.1976499095256978,160.53347022258532,3.0278000831604004
127,1.3286719237589497,-1.0459236657868056,1.4093588157333345,160.51088207938048,5.994999885559082
128,1.2474393954923837,-1.1392460331749843,1.4438065954991715,160.4732391373151,4.167900085449219
129,1.3018675157225896,-1.2330084097575431,1.0711587572341248,160.42054734064607,4.3480000495910645
130,1.3058354630101403,-1.180684928892248,1.2482671462294261,160.352815010019,1.7246999740600586
131,1.26703859154481,-1.18598620060745,1.395492423824427,160.27005284115398,1.277400016784668
132,1.2313553520298328,-1.0976708713710714,1.268201117389222,160.17227390315696,1.649399995803833
133,1.2809019274910107,-1.229912486278201,1.3009214939468428,160.05949363645567,2.0596001148223877
134,1.2316238347039348,-1.1272775008261466,1.1281477626209813,159.93172985036165,5.2708001136779785
135,1.2796747073352726,-1.1659032134279363,1.3198737501542446,159.78900272025783,0.6686999797821045
136,1.228785999128137,-1.193233948474421,1.1727087127901084,159.63133478441256,2.0025999546051025
137,1.326525085558602,-1.2520278278749162,1.3859640157722233,159.45875094042066,5.77400016784668
138,1.2987056300848259,-1.1122024703254436,1.4921121900627479,159.27127844127176,5.496200084686279
139,1.361252961366191,-1.1127260254993292,1.2451977057377113,159.06894689104675,4.503799915313721
140,1.2247093165408645,-1.1564621314661254,1.2462719519020529,158.85178824024285,1.6567000150680542
141,1.3264230041093497,-1.0040469455706629,1.1215802527671002,158.61983678072846,1.2344000339508057
142,1.1821855524135887,-1.1527887460479462,1.218852023946334,158.37312914032793,2.4200000762939453
143,1.2978548844507887,-1.1571633411410032,1.16482495642428,158.11170427703752,4.616499900817871
144,1.3062227073725685,-1.2050607208608441,1.002010316065649,157.83560347287374,4.4816999435424805
145,1.377851034460772,-1.110677124368291,1.169453764467495,157.54487032735418,5.8155999183654785
146,1.3315403046065968,-1.1017681110507478,1.151020504547691,157.23955075061284,0.7602999806404114
147,1.2837503803787595,-0.9289618264097695,1.223359696090387,156.91969295615027,0.3319999873638153
148,1.2825202492262515,-1.0153182087381925,1.1174175276592797,156.5853474532201,3.517899990081787
149,1.2346949717537368,-0.9403414771569485,0.9309457615458209,156.2365670388531,2.2121999263763428
150,1.3299729960001891,-1.0498432525817496,0.8352668791599595,155.87340678951995,5.3649001121521
151,1.356592282640838,-1.0221538387777773,0.8133613966862926,155.4959240524338,3.90939998626709
152,1.3229994680334878,-1.0129359500084911,0.8135592407704594,155.1041784364948,2.422800064086914
153,1.2882225799129368,-0.9910266727326544,0.8810018275793043,154.69823180287702,5.903500080108643
154,1.2785113898140403,-0.9621900319683129,0.8406907216709915,154.27814825525974,6.0131001472473145
155,1.3186660042668807,-0.8579951766115876,0.9215611702634395,153.84399412970487,1.157099962234497
156,1.3904615023586473,-0.9258775833165835,0.9121974818126849,153.39583798418175,2.8373000621795654
157,1.28556971938718,-0.9646459031255381,0.6998631720483269,152.93375058774097,4.423600196838379
158,1.3146016986580162,-1.0477362313094223,0.7368995774568861,152.45780490933905,0.6044999957084656
159,1.2884067146226097,-1.0461601644859087,0.6774592815506622,151.968076106316,5.314199924468994
160,1.2653564225881753,-0.8080986419722208,0.48238334138427724,151.4646415125269,1.0615999698638916
161,1.3034919417221806,-0.7446433642466799,0.5734240556254914,150.94758062613013,3.19320011138916
162,1.3352381656336956,-0.7981308540754058,0.3977664394018004,150.4169750970336,4.2932000160217285
163,1.3046799790124886,-0.7499029008985099,0.39300955736552334,149.8729087140013,5.400000095367432
164,1.3514160809174707,-0.7306701995291089,0.4346820001445947,149.3154673914222,5.69980001449585
165,1.3313747338458835,-0.708779278916262,0.26183098468108995,148.74473915574316,4.76609992980957
166,1.3227644563403353,-0.7556400617375286,0.3067935578527573,148.16081413156866,3.149899959564209
167,1.3241591622697182,-0.6295918135180845,0.2668473027528535,147.56378452742916,3.6760001182556152
168,1.3232841058044322,-0.6572510001738274,0.2424325273991911,146.95374462122004,1.5848000049591064
169,1.306663190581948,-0.5374203717688164,0.08461618964782149,146.33079074531437,5.14169979095459
170,1.3550068220582938,-0.6310519997569729,0.23325656267747713,145.6950212713507,2.3361001014709473
171,1.3782190864429897,-0.5934271759313441,0.14507669507232254,145.04653659469895,5.613699913024902
172,1.271261286457216,-0.4543771794209314,-0.27522892417079786,144.38543911860708,1.4631999731063843
173,1.3132340797360027,-0.4152136740636108,-0.11607061250586634,143.71183323803027,3.9493000507354736
174,1.295999397051526,-0.35358146129690765,-0.39379883460879056,143.02582532314568,0.4011000096797943
175,1.3480733019993294,-0.33993245505699077,-0.3199189425252632,142.32752370255562,3.025899887084961
176,1.2694069901741087,-0.34817719882618103,-0.4085530699136798,141.61703864618093,3.2274999618530273
177,1.329457783579598,-0.4213663063396716,-0.2705681096510788,140.8944823478481,1.503499984741211
178,1.3254884291747384,-0.2937947955829078,-0.47823629195629924,140.15996890757293,0.39250001311302185
179,1.2288517063199318,-0.24418783824743778,-0.5693900385107419,139.41361431354233,3.653599977493286
180,1.2618011373159033,-0.25489080426346944,-0.5927252085610276,138.6555364237987,4.606200218200684
181,1.3158828018029831,-0.23186469492949724,-0.6515302509762749,137.88585494762873,1.5108000040054321
182,1.348239845016809,-0.1957371279189214,-0.7141971518451621,137.10469142666005,3.9110000133514404
183,1.3222916697590994,-0.1680359007617853,-0.863304345890692,136.312169215668,0.9023000001907349
184,1.256069011062688,-0.15558332092276045,-0.6564579633304755,135.50841346309699,4.77370023727417
185,1.2371260643296802,-0.07474023597154678,-0.7967160083727964,134.6935510912978,1.3916000127792358
186,1.231774699071689,0.1503612492994047,-0.43439975454418184,133.86771077648504,0.5054000020027161
187,1.2439060878887853,0.14259928905827973,-0.8322248232734727,133.03102292841788,4.334400177001953
188,1.2214792471094278,0.12723510025590562,-0.9410563712201472,132.18361966980686,4.757999897003174
189,1.2706079454461578,0.035136845586375566,-0.9603713745680275,131.32563481544977,3.252000093460083
190,1.205315439813243,0.09719814959552933,-0.9201311567599377,130.45720385110124,6.021200180053711
191,1.162008377519682,0.3020910986025823,-1.0695845731563607,129.57846391207778,0.9686999917030334
192,1.240243575378953,0.2499689379639608,-1.107134116620594,128.6895537616023,3.9639999866485596
193,1.1330154660413512,0.17647506600264432,-1.1810376097153865,127.7906137688922,3.7204999923706055
194,1.0707190552779988,0.3455171536434178,-1.0340685263386835,126.88178588699323,0.8655999898910522
195,1.1471102478227357,0.43537984114861583,-1.476236978735244,125.96321363036331,0.2985000014305115
196,1.1076193777591754,0.39889532150847057,-1.3958020790754175,125.03504205221026,5.858399868011475
197,1.1862203304250805,0.4442581344646768,-1.4241519306718367,124.09741772158596,0.620199978351593
198,1.061837130114097,0.4713525121858935,-1.2556833747043201,123.15048870024143,4.832900047302246
199,1.0747808854559258,0.5616317200909077,-1.2843432198470932,122.1944045192464,3.430500030517578
200,1.0355160921193562,0.45389375436000995,-1.4097392828767152,121.2293161553763,4.274899959564209
201,1.0715125987234673,0.4789785514880691,-1.4067706362193793,120.25537600727141,1.1921000480651855
202,1.0049785698514766,0.5991486813371947,-1.421692009716576,119.27273787137139,0.04349999874830246
203,0.9744478363916256,0.7501241319753131,-1.5051623877080085,118.28155691762905,2.38319993019104
204,0.9201897263023098,0.6779258539452657,-1.4777001648547623,117.28198966500706,4.082300186157227
205,0.8736627419005127,0.8123862320910447,-1.4868496260060549,116.27419395676199,0.7160999774932861
206,0.8711552322837097,0.7727025723819833,-1.4331764413496644,115.25832893551893,5.642899990081787
207,0.9068158887277377,0.7702149391149892,-1.3758306101745197,114.23455501814095,3.3966000080108643
208,0.8869946129042849,0.9111815275993531,-1.3852095847698442,113.20303387039759,1.8716000318527222
209,0.9045871862398019,0.9580663648471502,-1.5236926007472342,112.16392838143594,4.594799995422363
210,0.8249766013795045,0.8459007362499229,-1.3259169700102988,111.11740263805828,4.711900234222412
211,0.7933803045064749,0.9425429491598507,-1.5242812230246157,110.06362189881126,0.6876000165939331
212,0.7079195222088728,1.034241898874388,-1.3495254837167512,109.00275256788944,0.967199981212616
213,0.7135709716908994,1.0333045389119921,-1.3925977433672296,107.93496216885812,5.869800090789795
214,0.6411924361182655,1.0384131550458635,-1.3904246327821048,106.86041931819952,3.6784000396728516
215,0.6058134590124883,1.2054813358655205,-1.2934912613358285,105.77929369868632,2.882699966430664
216,0.6936505679351205,1.1428688828847637,-1.500745884999667,104.69175603258655,4.125899791717529
217,0.6665430149215956,1.2001834430406348,-1.4814983869740241,103.59797805470488,5.371799945831299
218,0.5654493452209642,1.2602721635718799,-1.5348315125873713,102.49813248526354,4.266900062561035
219,0.5219207555032604,1.3197127716090873,-1.344826655367595,101.39239300262761,4.265900135040283
220,0.5212735657879947,1.3491249060892145,-1.4014667186289091,100.28093421587967,5.101099967956543
221,0.5110573772230662,1.2318338918146237,-1.3937711993346618,99.1639316372466,5.150199890136719
222,0.47177834016488035,1.3722891465498186,-1.325467321894445,98.04156165438417,6.012599945068359
223,0.4443421025258134,1.4370185354107379,-1.4166205207609646,96.91400150252366,4.135900020599365
224,0.42000948755420897,1.418828254546784,-1.2502851890797195,95.78142923648417,4.15310001373291
225,0.37556171365490476,1.4111720363879627,-1.1795769118095878,94.64402370255563,4.142300128936768
226,0.36208872570991796,1.541352593336386,-1.0908964424509586,93.5019645102571,0.03590000048279762
227,0.3497536110681907,1.4525722146150342,-0.9000736073190666,92.35543200397424,2.065000057220459
228,0.28996929320261056,1.490772768333694,-0.8057671499115554,91.20460723448079,4.592599868774414
229,0.2257441479645026,1.6143300443460926,-0.695597636670375,90.04967193034862,5.0524001121521
230,0.2215306849172993,1.4900923957217367,-0.7037095691051992,88.89080846925071,1.6684999465942383
231,0.23091818235749859,1.6104004133546166,-0.7044628509023616,87.72819984916156,3.8912999629974365
232,0.20712542883182034,1.598214055698006,-0.7248512476940179,86.56202965945963,2.6586999893188477
233,0.17820538128889984,1.5635646127554508,-0.6827519547520103,85.39248205193661,1.7726000547409058
234,0.05747019008387585,1.5065479114067857,-0.439656258116987,84.21974171171746,4.55620002746582
235,0.06594804856399977,1.661134281712074,-0.23950390522342924,83.0439938280968,2.89490008354187
236,0.08109502780647043,1.5161360207761039,-0.12004159035496507,81.86542406529519,1.9127000570297241
237,0.027384609689031066,1.6669080354960668,-0.2617655509330217,80.6842185331405,2.246799945831299
238,0.05739832938222153,1.5839828222217676,-0.27561449410269256,79.50056375767926,0.6226999759674072
239,-0.0326406034927979,1.5476472483549029,-0.20347858423439308,78.31464665172193,4.917200088500977
240,-0.02957040347716112,1.6411355097092222,-0.08620047696710889,77.12665448532704,4.685699939727783
241,-0.053805149039726254,1.5531547800437753,0.014619742989432206,75.9367748562293,5.384799957275391
242,-0.07007793529157126,1.574686714351541,-0.010719101100418226,74.74519566021583,3.7228000164031982
243,-0.08728482347130857,1.5702755195803209,0.30814092038378466,73.55210506145472,1.1878999471664429
244,-0.12784636345899136,1.4517947695518891,0.24933673236105838,72.35769146278236,1.368299961090088
245,-0.1554708937338281,1.5790822015849273,0.13856617182206665,71.16214347595205,3.022200107574463
246,-0.20118940370159602,1.518403533703066,0.35950045975266154,69.9656498918501,1.1055999994277954
247,-0.23805113827835012,1.436274551122986,0.5870951711844694,68.76839965068365,5.384399890899658
248,-0.207403972765516,1.508899167709371,0.3866191603298061,67.57058181214481,1.7275999784469604
249,-0.2131494851236677,1.425969605083345,0.41332672409019855,66.37238552555571,0.6820999979972839
250,-0.22094424249314007,1.478792640894256,0.3498813638147839,65.17400000000002,4.352799892425537
251,-0.27708086695023515,1.5096073915568937,0.4932534606382205,63.97561447444432,1.1993000507354736
252,-0.331846414804422,1.4752979533218955,0.8925931525796255,62.77741818785523,0.5914000272750854
253,-0.3437531862876547,1.3566189329223994,0.61879204556209,61.57960034931634,1.080299973487854
254,-0.3868354786197972,1.5101760111356892,0.7526815978271755,60.382350108149936,0.23340000212192535
255,-0.34932464836489785,1.4260552332365215,0.6165259379038434,59.18585652404798,1.4706000089645386
256,-0.38428734881050985,1.3324927319446949,0.9726397301295513,57.99030853721764,1.8514000177383423
257,-0.4311231301439802,1.3687470041649041,0.8581302578764693,56.79589493854531,1.03410005569458
258,-0.4021891636896553,1.2758361047665316,0.8333198136369637,55.602804339784214,6.276800155639648
259,-0.458599139623943,1.2885173401991565,0.8799175755960945,54.41122514377068,1.1857999563217163
260,-0.5011346793580312,1.2985642295180644,0.9101071380955278,53.22134551467304,3.2147998809814453
261,-0.42804372516974,1.280717867789842,1.0962370823353353,52.033353348278155,0.9878000020980835
262,-0.44778816492760243,1.2015121129406,1.1383567464271473,50.84743624232074,3.6070001125335693
263,-0.5059725477563962,1.2604265510979111,1.4410906823684875,49.66378146685955,3.228600025177002
264,-0.5075799497219485,1.12318189432705,0.9656216836596914,48.482575934704855,4.7519001960754395
265,-0.5538311864656699,1.2679039344086132,1.1192981581753134,47.3040061719032,3.9702000617980957
266,-0.544042818412677,1.2242941835815748,1.003316108140233,46.12825828828257,3.1624999046325684
267,-0.5731230576486255,1.175736292393262,1.3394674269289424,44.95551794806343,2.915299892425537
268,-0.5503661587181359,1.0740312444898006,1.1331311273767883,43.78597034054037,4.305699825286865
269,-0.5497267415292315,1.0605366646087835,1.3434461934810809,42.619800150838486,4.670199871063232
270,-0.6587491601214273,1.0194718500840598,1.1039400368603767,41.45719153074932,4.740499973297119
271,-0.6261725427255668,1.023979811208712,1.243350060919415,40.29832806965142,1.728700041770935
272,-0.6193703889266355,0.9609143921552936,1.3269427296738172,39.14339276551925,1.503499984741211
273,-0.6711007911666492,1.00146494680963,1.5232499444088292,37.992567996025784,4.138299942016602
274,-0.7012158596942701,0.919330861107495,1.0666314196014905,36.8460354897429,4.702400207519531
275,-0.6811145505161706,0.9167297422742737,1.2805935971005429,35.703976297444406,5.658999919891357
276,-0.7187320262403213,0.9608889028550902,1.4134086861927428,34.566570763515855,2.2697999477386475
277,-0.782721716665604,0.8237003521666132,1.5911100693117608,33.43399849747633,0.5160999894142151
278,-0.6935480259566044,0.6672785992133533,1.5251904592397842,32.30643834561586,1.2599999904632568
279,-0.7354014573638809,0.7355448510857346,1.4349691500980017,31.184068362753436,3.5095999240875244
280,-0.6885469068258991,0.6805150222330142,1.3965374957266146,30.067065784120324,4.396699905395508
281,-0.7369691949192398,0.6339274548384354,1.3805348387502823,28.955606997372435,1.215000033378601
282,-0.7968549932011191,0.7078334486389697,1.3143900277101441,27.849867514736545,0.34470000863075256
283,-0.7438702048486638,0.6997378094447595,1.3752354450196356,26.750021945295117,4.2758002281188965
284,-0.8082793163101221,0.5363159337203093,1.444081687944343,25.65624396741348,2.382499933242798
285,-0.8558741091155143,0.5297125399571407,1.4002920824166565,24.568706301313718,5.00029993057251
286,-0.9029130780670488,0.5203271691240922,1.4983551300271263,23.487580681800473,5.110799789428711
287,-0.8189174418071187,0.44690911491905144,0.874196199791277,22.413037831141914,4.472499847412109
288,-0.8777600002443057,0.43206491030358096,1.276675833833958,21.345247432110583,4.916500091552734
289,-0.8831041475565472,0.4467114112093684,1.2521126392482667,20.284378101188736,0.12790000438690186
290,-0.8615112360938116,0.4575176135991717,1.3344586600872925,19.230597361941754,5.643400192260742
291,-0.8662703927151161,0.36139900348496984,1.154215546952796,18.184071618564097,4.565400123596191
292,-0.9948268975386968,0.37583407089961474,1.2171907478127324,17.144966129602402,4.554900169372559
293,-0.8545529009996129,0.27959886580574966,1.1449972030503368,16.11344498185911,3.2551000118255615
294,-0.8623597974626612,0.39613262355081685,1.0725316882857887,15.089671064481102,0.6233000159263611
295,-0.9246656821354444,0.20051766809612545,0.9472215147710793,14.073806043238022,2.181999921798706
296,-1.0057505035075884,0.1410984716857066,1.084475152152118,13.066010334992974,1.121000051498413
297,-0.9299969189288312,0.1914015406901935,1.107916817636834,12.06644308237098,3.7404000759124756
298,-0.8948882434771,0.10638673806507694,0.9335120265508764,11.075262128628616,3.3513998985290527
299,-0.9342411304953633,0.11664081514980854,0.8735993567855223,10.092623992728626,1.6088999509811401
300,-0.9521308747343353,0.06337737281477324,0.8610538991113736,9.118683844623732,5.133299827575684
301,-1.0127181618303138,0.07282130467382103,0.847839511507652,8.153595480753609,0.3206999897956848
302,-0.9903217449155336,0.007383110535490498,0.7460658372692669,7.197511299758602,2.6700000762939453
303,-1.0637281936256344,-0.11246377163202091,0.7337555426622839,6.2505822784141145,2.968100070953369
304,-1.0259132099029638,-0.07699704716274158,0.7079044567878654,5.3129579477897835,4.380000114440918
305,-1.0449774741390256,-0.096614835597874,0.7695292807913328,4.384786369636721,0.17170000076293945
306,-1.040855486331387,-0.21712598760021204,0.7732628888824031,3.4662141130068065,0.19169999659061432
307,-1.0921244728068848,-0.1847759856769512,0.586863054825802,2.557386231107799,3.728100061416626
308,-1.1000600243619612,-0.16015409396709057,0.509901851180458,1.6584462383977439,1.648300051689148
309,-1.055125319626059,-0.17543366556030607,0.48517769453042914,0.7695360879222761,0.361299991607666
310,-1.0401979267918666,-0.2831451790098978,0.21556849814560197,359.89079614889874,1.0022000074386597
311,-1.0930113714665504,-0.1980330488742628,0.24122905114340412,359.02236518455027,2.2492001056671143
312,-1.0764721462878035,-0.27642464969378083,0.45287158579578424,358.1643803301932,0.6187000274658203
313,-1.097016692898321,-0.3134710015420834,0.30832040915899883,357.3169770715821,5.183599948883057
314,-1.1029267925718251,-0.4636187436015859,0.24694994768213832,356.480289223515,1.5443999767303467
315,-1.141749930165514,-0.43353124376854696,0.35560855892503035,355.65444890870225,2.539099931716919
316,-1.0583148580933672,-0.34912389716131187,0.11471372560663788,354.839586536903,2.800299882888794
317,-1.0823088492785629,-0.3898381608291528,-0.05380242125020095,354.035830784332,4.451600074768066
318,-1.1367660216689222,-0.5881404936633516,-0.01432895003624068,353.24330857334,3.781599998474121
319,-1.0564895404259016,-0.46797737895885644,-0.21183063052091713,352.4621450523713,3.1705000400543213
320,-1.1411934365791725,-0.5585379429954965,0.028063067584273113,351.6924635762013,3.1619999408721924
321,-1.0959820742711603,-0.619259737490554,-0.14994553947564673,350.93438568645774,3.213099956512451
322,-1.083138237226746,-0.6567070805982975,-0.11551153791410432,350.1880310924271,4.838099956512451
323,-1.0541452723484732,-0.7202084405304248,-0.2504350916356937,349.4535176521519,2.2146999835968018
324,-1.1572133668850575,-0.6906050618345532,-0.10656958926923164,348.7309613538191,5.389999866485596
325,-1.0676595046513322,-0.7534472088651704,-0.3110234473814551,348.0204762974444,4.356900215148926
326,-1.0834461940715123,-0.7471741475078014,-0.320830018156605,347.32217467685433,4.493000030517578
327,-1.0666351102479936,-0.6388392216533598,-0.3474370455269355,346.6361667619698,2.0153000354766846
328,-1.0907316838546979,-0.7533240260489908,-0.41577040085960476,345.96256088139296,5.222499847412109
329,-1.1269955190180316,-0.7583276788954411,-0.514917194784894,345.3014634053011,1.5430999994277954
330,-1.1530118417014152,-0.7791302319068609,-0.318583057228449,344.6529787286494,3.637500047683716
331,-1.1730571959013758,-0.8086664802523804,-0.5572050816678434,344.01720925468567,3.1040000915527344
332,-1.0639339231522358,-0.922030904232888,-0.5179470699344533,343.3942553787799,2.1445000171661377
333,-1.1014948501377102,-0.8852452071696124,-0.4337107107703172,342.7842154725709,3.197700023651123
334,-1.1657192695545615,-0.8859079131662614,-0.5015028789671137,342.18718586843136,0.33709999918937683
335,-1.1308104501845893,-0.9358564565270057,-0.4962699049372159,341.60326084425685,3.666800022125244
336,-1.1232735438185684,-0.9244778855903752,-0.6188541714256862,341.0325326085778,2.1696999073028564
337,-1.126071595587294,-1.0005280875038587,-0.7840510900506137,340.4750912859987,2.7720000743865967
338,-1.0848124981172032,-0.9777729899031589,-0.7663906009861096,339.93102490296644,2.0434999465942383
339,-1.1228157805013887,-0.941279161229686,-0.78081371383847,339.4004193738699,5.901599884033203
340,-1.0718622002998994,-1.0336280650080043,-0.8305515427986221,338.8833584874731,3.4660000801086426
341,-1.0816526650519305,-0.9989036820435789,-0.6274133905352566,338.379923893684,5.944499969482422
342,-1.1663337780176204,-1.0318622537232989,-0.7283077838253837,337.890195090661,2.5755999088287354
343,-1.0378219610875878,-1.0736871533686674,-0.6544384607706174,337.41424941225904,5.885900020599365
344,-1.1772945891556312,-1.153367657627731,-0.8498452284833569,336.95216201581826,1.9753999710083008
345,-1.196343774927689,-1.0634324987726134,-0.8224731589302263,336.50400587029515,3.751699924468994
346,-1.0613097021036328,-1.1293469092810693,-0.8708224006250266,336.0698517447403,3.374799966812134
347,-1.1212002730490922,-1.0618381057303787,-0.83176610404237,335.64976819712297,4.191699981689453
348,-1.0862204935782618,-1.2137476902155748,-0.9542234766871388,335.2438215635052,1.2825000286102295
349,-1.0913675496936166,-1.0780412025013546,-1.0408353370284817,334.8520759475662,3.0288000106811523
350,-1.1060767412872274,-1.1785019952604296,-0.939587060508074,334.47459321048007,3.878999948501587
351,-1.1295133123144279,-1.166406306628386,-1.066859400737765,334.1114329611469,5.469799995422363
352,-1.0394119798256511,-1.22330752363246,-1.2677860820402396,333.7626525467799,3.949199914932251
353,-1.0655118924639733,-1.2287442568895093,-1.040420859097562,333.4283070438497,4.430200099945068
354,-1.0717750733217162,-1.2782188584749221,-1.008458543346026,333.10844924938715,5.531799793243408
355,-1.0858669251386368,-1.1823306668751614,-1.019007514255733,332.80312967264587,1.777899980545044
356,-1.0536623847057625,-1.2430764255802509,-1.2080360805628458,332.51239652712627,0.2632000148296356
357,-1.056005120690798,-1.2280193746731805,-1.0208181250705601,332.2362957229625,4.018199920654297
358,-1.0416964759336074,-1.2420037454101573,-1.1495894281469736,331.97487085967214,0.006500000134110451
359,-1.057769826615371,-1.365592247241332,-1.1507185204974266,331.72816321927155,1.5098999738693237
360,-1.0383691314829349,-1.2081773626885992,-1.05842778438486,331.49621175975716,6.207600116729736
361,-1.0790600684192158,-1.256074453911863,-1.1096260818952612,331.2790531089533,2.40339994430542
362,-1.0538752446635897,-1.2739406333961183,-1.166217341004506,331.07672155872825,3.6182000637054443
363,-1.0787329421530574,-1.3198786813142573,-1.2169793321024696,330.88924905957936,3.0165998935699463
364,-1.0410024179721982,-1.268129872839225,-1.2025098546876036,330.71666521558745,6.2093000411987305
365,-1.1079881306624435,-1.2406043636783237,-1.2209469556631947,330.5589972797422,5.604100227355957
366,-1.070548872709122,-1.2623887024447569,-1.0856419887737403,330.41627014963836,1.7870999574661255
367,-1.059893923279683,-1.2915587952933325,-1.3162243000808036,330.28850636354434,0.16459999978542328
368,-1.035757229449321,-1.2727773667227484,-1.263655601944365,330.17572609684305,5.1691999435424805
369,-1.0419225733416935,-1.3531790824359562,-1.1865346669484136,330.07794715884603,3.924299955368042
370,-1.050208740160044,-1.2756159766256738,-1.1063335576543656,329.995184989981,1.0788999795913696
371,-1.043538654797616,-1.327189622149656,-1.2752274296250714,329.92745265935395,1.6359000205993652
372,-1.0011243912797145,-1.217168265284255,-1.241594421039187,329.8747608626849,5.138500213623047
373,-1.020643794420187,-1.220505967493395,-1.1901000314168395,329.83711792061956,5.420400142669678
374,-0.9833951414093923,-1.248240739550296,-1.1496698788363822,329.8145297774147,6.185699939727783
375,-1.0165495582163977,-1.3195129744872933,-1.2490017368220796,329.807,5.171599864959717
376,-1.039135924537173,-1.226075993903514,-1.2470485819918284,329.8145297774147,2.218600034713745
377,-1.0734085704465732,-1.270534840410177,-1.3510840177167414,329.83711792061956,1.7222000360488892
378,-0.9816863328627943,-1.2638032122330822,-1.3842732907869026,329.8747608626849,4.663700103759766
379,-1.0271108874117576,-1.3442534073561492,-1.2584711417818277,329.9274526593539,4.917600154876709
380,-1.0236360079520865,-1.315437858494204,-1.1765887753441222,329.995184989981,3.456899881362915
381,-1.049953132403124,-1.2225311709217763,-1.0667335182362294,330.07794715884603,4.548299789428711
382,-1.0930296723428263,-1.1908375004879208,-1.2314419682977686,330.17572609684305,4.471099853515625
383,-1.0224896283618263,-1.2287758259528963,-1.2255134212302574,330.28850636354434,6.167399883270264
384,-1.083570886775393,-1.2742903793487312,-1.0981598332727776,330.41627014963836,0.6176999807357788
385,-1.0313114655460873,-1.2451746265492727,-1.0531052878595704,330.5589972797422,1.2609000205993652
386,-1.0999276476005029,-1.2298252132193832,-1.0234761140147983,330.71666521558745,5.591100215911865
387,-1.0427550605409373,-1.190615944241004,-1.122346387510403,330.88924905957936,1.423699975013733
388,-1.042020366787365,-1.2384095369831558,-1.0905447175269887,331.07672155872825,5.258500099182129
389,-1.1287996506165723,-1.205847368903622,-1.058699548104189,331.2790531089533,0.6830000281333923
390,-1.114076385425336,-1.2851510006433573,-1.0789282816042285,331.49621175975716,4.815999984741211
391,-1.0926201863098866,-1.1544608507294347,-1.1126234375197446,331.72816321927155,2.292099952697754
392,-1.0657790026715022,-1.1535908825333725,-1.0377713338342185,331.9748708596721,0.18400000035762787
393,-1.094835041926644,-1.1927560597752327,-1.21499957753194,332.2362957229625,2.022200107574463
394,-1.0821484949137794,-1.1710643738374524,-1.123606110707648,332.51239652712627,3.3738999366760254
395,-0.9930319080114626,-1.1778845313175235,-1.078825847974789,332.8031296726458,6.181600093841553
396,-1.0270457597537168,-1.0846950756811555,-1.0597344608372015,333.10844924938715,0.349700003862381
397,-1.0251217996133175,-1.1516227506570764,-0.9589649045717189,333.4283070438497,5.6118998527526855
398,-1.0798185329287013,-1.0913675422054911,-0.8979669565159444,333.7626525467799,4.340400218963623
399,-1.148935524778214,-1.111173553668937,-0.8048320229879372,334.1114329611469,2.8777999877929688
400,-1.075818510592173,-1.0466457497353885,-0.9133959880535868,334.47459321048007,2.637500047683716
401,-1.0543438924231843,-1.139900362168409,-0.894333671188793,334.8520759475662,2.5601000785827637
402,-1.1298255656168146,-1.193614612102076,-1.0144998902822444,335.2438215635052,5.9868998527526855
403,-1.1115699832442067,-1.1690336435703805,-1.169535396214591,335.64976819712297,3.1519999504089355
404,-1.089802506135998,-1.0635009256963213,-0.7633719526621212,336.0698517447403,4.190999984741211
405,-1.1314782150834493,-1.0596192700425964,-0.911240104013308,336.50400587029515,2.8238000869750977
406,-1.1316889704886497,-1.1046721619961914,-0.7716165338049367,336.9521620158182,0.2619999945163727
407,-1.1511363320212984,-0.9714055421012491,-0.6855118381970938,337.4142494122591,6.172299861907959
408,-1.0882750850667369,-1.0165109180694911,-0.8046534348259954,337.89019509066094,5.395500183105469
409,-1.142038142632821,-0.9784933807654328,-0.7839269954533562,338.379923893684,5.378499984741211
410,-1.1121427403410387,-0.9249538745424016,-0.7048213683449901,338.8833584874731,5.1234002113342285
411,-1.126947438564807,-0.9609171506972007,-0.5727214542432669,339.4004193738699,1.142199993133545
412,-1.1011696972638463,-1.0635967077525312,-0.6426994452579506,339.9310249029664,0.8827999830245972
413,-1.1341697946937266,-0.893037595398428,-0.641031442286664,340.4750912859987,2.8452000617980957
414,-1.088621862958291,-0.9732868830859648,-0.624212760427026,341.0325326085778,6.004300117492676
415,-1.0964868229931397,-0.828113355551565,-0.43111765969147836,341.60326084425685,1.8187999725341797
416,-1.1840236524272123,-0.8916667583370239,-0.5732944851433018,342.18718586843136,6.088500022888184
417,-1.0913391900557217,-0.8638541208803943,-0.443604246336287,342.78421547257085,5.631100177764893
418,-1.0947152864197534,-0.831634272131388,-0.3833864296065044,343.39425537878,0.9236000180244446
419,-1.058085298145289,-0.7766925427530644,-0.2952619666999285,344.0172092546856,1.301300048828125
420,-1.1027963681855197,-0.6247819092132226,-0.42579767356871145,344.6529787286494,0.7856000065803528
421,-1.1074041089914195,-0.7680537400331323,-0.4771961761453978,345.30146340530104,4.700799942016602
422,-1.0727079154390255,-0.6392311151048737,-0.298889953747419,345.96256088139296,2.0264999866485596
423,-1.1118158954390278,-0.6605856594844529,-0.15802468446154525,346.6361667619698,0.3255999982357025
424,-1.1186499919196013,-0.6339205488760794,-0.2086291079807244,347.3221746768543,4.272500038146973
425,-1.0650189126869423,-0.6389423557693513,-0.30020885517833806,348.02047629744436,3.884999990463257
426,-1.0937887048552875,-0.5329312667164936,0.0658391117455739,348.7309613538191,5.070199966430664
427,-1.1483968219790721,-0.5770277061223041,-0.05903441445820869,349.4535176521519,3.64739990234375
428,-1.0537836215100322,-0.6100752821117409,-0.07772982350682177,350.1880310924271,4.259500026702881
429,-1.1077320020455845,-0.41582141973947523,0.004863049687744404,350.9343856864577,6.021399974822998
430,-1.0825201187732856,-0.47596984974732987,0.08076075838112041,351.69246357620125,0.24150000512599945
431,-1.0798472396796004,-0.5739460884227733,0.06380886080689657,352.4621450523713,1.8559999465942383
432,-1.125226247168863,-0.46407674230823964,0.03201455071680152,353.24330857333996,4.951499938964844
433,-1.0934336181001585,-0.45675196291478887,0.12168494664287027,354.035830784332,4.795100212097168
434,-1.0411582642064763,-0.4078015344872921,0.17939193364189568,354.839586536903,0.3312999904155731
435,-1.0155062189743724,-0.3820322233901042,0.32863487991799034,355.65444890870225,5.603300094604492
436,-1.0492870521002475,-0.35490126689189805,0.20423492772588422,356.48028922351494,5.722899913787842
437,-1.0898454889699096,-0.341646445516994,0.3510118711399527,357.3169770715821,0.2329999953508377
438,-0.9886071741799318,-0.28216371812006125,0.28947676639247016,358.1643803301932,4.083099842071533
439,-1.06647768309249,-0.1783350272878562,0.6769731542279107,359.0223651845502,4.091800212860107
440,-1.0551108832400178,-0.22939180741844659,0.45839337746308484,359.8907961488988,1.4703999757766724
441,-1.0593775061654505,-0.1752796512588221,0.5502896036174869,0.7695360879222477,2.7720999717712402
442,-1.0572977390487313,-0.08282704986030248,0.4287256960156801,1.6584462383977154,3.4291999340057373
443,-1.014657457477328,-0.10679452085392342,0.6838373813160075,2.557386231107799,5.283899784088135
444,-1.0499852695858847,-0.19509407831709832,0.6481174062739568,3.4662141130068065,4.61899995803833
445,-0.9641186775460369,-0.0799133975589863,0.7600131126009213,4.384786369636657,4.963200092315674
446,-1.0213536266424026,0.04187605085736955,0.7592476975320505,5.312957947789791,5.10260009765625
447,-1.0404759593086401,0.0141133270260478,0.7655127638764452,6.250582278414051,1.0354000329971313
448,-0.9484348992171276,0.10606289731430792,0.8383166641021538,7.197511299758538,4.760499954223633
449,-0.9525656866064582,0.1338276498043927,0.7765213221973619,8.153595480753651,4.770899772644043
450,-0.935146336079525,0.17097176661874688,1.0191528302787993,9.118683844623696,1.4950000047683716
451,-0.9688150589115007,0.21393929832667088,0.9930153983822706,10.092623992728598,0.7408000230789185
452,-1.029298161222535,0.2818059894886795,1.0209911360703974,11.075262128628616,0.11680000275373459
453,-0.9059929279203253,0.2643013053406608,1.1340803793412493,12.06644308237098,4.623899936676025
454,-0.9246666153112585,0.23626700344434115,1.1252113202902057,13.06601033499291,2.8338000774383545
455,-0.9360027212939606,0.36887551798406887,1.0923904626125929,14.073806043238065,1.5312999486923218
456,-0.9456599653747226,0.2519551938605405,1.1240090548777966,15.089671064481074,2.9626998901367188
457,-0.8858855903014821,0.40894452733405423,1.1132176598299168,16.113444981859047,5.665599822998047
458,-0.8700158137891143,0.4703967983148336,1.2011512222370484,17.14496612960238,2.11680006980896
459,-0.8780409339035876,0.4153857713823019,1.1655158856770553,18.18407161856407,0.09679999947547913
460,-0.8883368550691112,0.47934294334000893,1.1048336477793248,19.23059736194172,1.9263999462127686
461,-0.870627129850107,0.49478984836428846,1.2230006493269026,20.284378101188736,0.8152999877929688
462,-0.8437893761553085,0.6101204386207215,1.4824809831209815,21.34524743211059,5.02839994430542
463,-0.8063612892961043,0.6416365031378967,1.3974208656602338,22.41303783114185,0.12460000067949295
464,-0.8220248129293287,0.6697464747856107,1.2520039206913431,23.487580681800523,6.022600173950195
465,-0.834558317148988,0.6268125025445195,1.3114783643522578,24.56870630131369,4.410699844360352
466,-0.8466625362979727,0.6986788159480471,1.2042711277157412,25.656243967413452,1.0092999935150146
467,-0.7924893624607994,0.6908602408317029,1.3523604620719576,26.750021945295117,1.200600028038025
468,-0.7998129313753815,0.7524613289759177,1.1774833511089031,27.849867514736516,5.742199897766113
469,-0.657966947613238,0.7415358198394054,1.396683541855372,28.95560699737232,4.5954999923706055
470,-0.7482418567868526,0.8067856971135291,1.596293131621533,30.06706578412033,4.6890997886657715
471,-0.6596505555448502,0.909937808567432,1.394948601066027,31.18406836275345,2.667799949645996
472,-0.7364456428969729,0.9171576779413345,1.3753508052916579,32.30643834561579,5.33459997177124
473,-0.7422456384580198,0.9081444006811479,1.581984690587008,33.43399849747638,1.4668999910354614
474,-0.6627683608382609,0.9488802177548652,1.4882578719369606,34.56657076351583,2.5857999324798584
475,-0.6141091482731053,0.9486681311364578,1.4155707700631959,35.70397629744438,3.5552000999450684
476,-0.6058932083214628,1.0184112699599779,1.380471462475219,36.8460354897429,2.6545000076293945
477,-0.5863252191852353,1.0707319973226095,1.3366835854265495,37.992567996025784,1.9714000225067139
478,-0.612567559753792,1.0189339958544703,1.3188689806813003,39.14339276551918,2.3859000205993652
479,-0.6702638881116217,1.0743734912815692,1.3783080834569086,40.29832806965142,0.24809999763965607
480,-0.5954005470663378,1.0287446343237285,1.339671529099681,41.45719153074924,2.0655999183654785
481,-0.6249600824758875,1.11147765009243,1.2711769018682308,42.61980015083841,3.414599895477295
482,-0.564745178709397,1.2371830818230711,1.178402235954656,43.785970340540416,4.469399929046631
483,-0.5296172609228162,1.0731777668888496,1.255540345951852,44.955517948063395,2.4249000549316406
484,-0.5538579850851371,1.222387620265366,1.0800542997452476,46.12825828828254,0.8661999702453613
485,-0.4583531706534147,1.1757598458862533,1.0424459652817795,47.3040061719032,0.22689999639987946
486,-0.4425206559479005,1.207592220817992,1.0850756797015813,48.482575934704855,1.9074000120162964
487,-0.49545578351521696,1.1509245180089829,1.0678776555574552,49.663781466859476,3.4351999759674072
488,-0.44887053053223874,1.3043919644932647,0.8885289923050013,50.847436242320796,2.573199987411499
489,-0.5216272973451661,1.2967324704237506,0.8676339176314318,52.03335334827808,2.775099992752075
490,-0.38090939438755694,1.2558761695737426,0.7614200993185514,53.22134551467296,3.4932000637054443
491,-0.41091217893929977,1.4450907106502748,1.0037153290256706,54.411225143770736,2.0004000663757324
492,-0.2814593358952191,1.3040227768322534,0.6318222489383017,55.60280433978418,4.406599998474121
493,-0.33858431157754904,1.3762332496899559,0.7343729814888443,56.795894938545274,0.5960999727249146
494,-0.34394222494492455,1.3765792221173168,0.6491101274316066,57.99030853721764,3.1512999534606934
495,-0.29618358939962136,1.4706101551565274,0.6643922132792387,59.18585652404799,3.467600107192993
496,-0.21505918566911109,1.4311618349339217,0.7415382314770664,60.38235010814986,2.1240999698638916
497,-0.24185780679180702,1.4534222993793173,0.4367775509490655,61.579600349316394,4.411300182342529
498,-0.26235170992150664,1.37032957829068,0.4340531910042771,62.7774181878552,1.1023999452590942
499,-0.26785140032492644,1.383805822257474,0.40868220632525315,63.975614474444285,1.3206000328063965
500,-0.2424800504791889,1.4839718796945915,0.48846877653804965,65.17399999999998,5.996399879455566
501,-0.21029741525188317,1.4021040447482456,0.17383232611009164,66.37238552555569,1.2585999965667725
502,-0.15146943158991585,1.55684937102706,0.4729488100515982,67.57058181214477,3.933199882507324
503,-0.13763660361403712,1.5355092104607617,0.25298723859665023,68.76839965068366,4.515999794006348
504,-0.21131270058136842,1.5563532493653327,0.30270610261105935,69.9656498918501,3.9681999683380127
505,-0.1419395027958392,1.5351929524129926,0.1531027250077327,71.16214347595198,6.131100177764893
506,-0.06586331303088817,1.526370721585343,-0.16089470696612818,72.3576914627824,1.7555999755859375
507,-0.0669643512394531,1.533700079251353,-0.012109690288251462,73.5521050614547,5.143199920654297
508,-0.040127898368434216,1.6118597610380025,-0.05195221788877941,74.74519566021578,2.544100046157837
509,0.013842225915591498,1.6792307214988866,-0.12829187364032527,75.93677485622932,1.2487000226974487
510,0.033767793090886684,1.6522479338686882,-0.2516918477182648,77.12665448532701,1.256600022315979
511,0.002436474107685542,1.5399589554160205,-0.2707742718247586,78.3146466517218,1.1725000143051147
512,0.024000666001200464,1.6168597917849403,-0.4121551532533527,79.50056375767926,2.7325000762939453
513,0.08862955366862525,1.6587959855389627,-0.4260039313982082,80.6842185331405,2.6598000526428223
514,0.15203935763623475,1.6569431457926767,-0.4733926032367003,81.8654240652951,3.9755001068115234
515,0.18267708502311358,1.4937401572930205,-0.6128985753327734,83.04399382809686,0.02710000053048134
516,0.14032977961465345,1.5633169591064233,-0.5431805939659045,84.21974171171743,4.249499797821045
517,0.13527783624333004,1.5828695456220672,-0.6429870274413229,85.39248205193657,2.163800001144409
518,0.20680523281715482,1.5727865908708971,-0.7283948226470891,86.56202965945963,2.805799961090088
519,0.21755516095554905,1.5085942683014053,-0.7633107028894565,87.72819984916156,0.2727000117301941
520,0.2768549436433103,1.568688773721966,-0.826284755066518,88.89080846925064,1.3006000518798828
521,0.3124120487530028,1.499467757014345,-1.0495668737851924,90.04967193034862,4.701200008392334
522,0.3443335932092487,1.5349340612402362,-1.073638438936859,91.2046072344807,0.6004999876022339
523,0.3101805874202967,1.4615344272879207,-1.1288706397586983,92.35543200397417,1.4141000509262085
524,0.3870050947983303,1.4850216976366155,-1.0875765845770944,93.50196451025715,1.9767999649047852
525,0.41659641429273037,1.4141603697437926,-1.175372756159412,94.6440237025556,1.5372999906539917
526,0.5129359771895242,1.4613568519409086,-1.4724202680335248,95.78142923648414,5.645500183105469
527,0.5620095664067433,1.3229789265603789,-1.1831071246979914,96.91400150252367,5.135799884796143
528,0.4841422463720431,1.3386403084215908,-1.2595307734071237,98.04156165438418,2.512399911880493
529,0.5415922613078972,1.2632823491044913,-1.3831768674251186,99.16393163724652,1.6475000381469727
530,0.6106369465915041,1.3000509282105526,-1.6018573511417626,100.28093421587971,3.697999954223633
531,0.6457728907241862,1.1915794884767084,-1.6602169423663973,101.39239300262756,0.8345000147819519
532,0.6414868087652473,1.2314835891187514,-1.5738850377595235,102.49813248526345,5.700799942016602
533,0.6934125698633454,1.1772711903154633,-1.3640968136695941,103.59797805470485,4.486000061035156
534,0.689572367127428,1.1620712359386867,-1.5069320510747295,104.69175603258651,4.433300018310547
535,0.6906369650293173,1.1190577912492616,-1.5045153555154196,105.77929369868627,1.7553999423980713
536,0.7671133965876358,1.0366972133105143,-1.5022887109259608,106.86041931819953,0.8532000184059143
537,0.7863938132937724,0.9533989072621769,-1.512234264388605,107.93496216885812,5.424300193786621
538,0.7921988755099796,0.878430706269373,-1.5744837340662183,109.00275256788939,2.608599901199341
539,0.7568507299864274,0.9536416815765656,-1.4109302619301354,110.0636218988113,2.606300115585327
540,0.9317004132250649,0.8707565525811862,-1.6202700772789542,111.11740263805825,0.8016999959945679
541,0.8523257051446317,0.8691124569016245,-1.545829664901395,112.16392838143591,2.8231000900268555
542,0.9047682779625302,0.7968052839470587,-1.5019697576781799,113.2030338703976,1.0462000370025635
543,0.9473508833073717,0.8308869052662843,-1.3963194352792836,114.23455501814092,5.990900039672852
544,0.9474626177307458,0.6598592946234927,-1.3012399641316872,115.2583289355189,2.1891000270843506
545,1.0170468241389239,0.6380330253557717,-1.2166939778755128,116.27419395676199,1.8902000188827515
546,0.9977495734049153,0.6531819719914961,-1.5405509579466545,117.28198966500706,1.329300045967102
547,1.030617737586025,0.5961308997200424,-1.5041641899241731,118.28155691762899,1.7175999879837036
548,1.037379571330778,0.646492520603093,-1.3595861233081217,119.27273787137143,1.645799994468689
549,1.0770486186336006,0.5076152026738453,-1.33717109285224,120.25537600727137,4.9807000160217285
550,1.0632452159357038,0.5412430367561109,-1.5344339003714076,121.22931615537627,4.0543999671936035
551,1.069069946940091,0.45296845911291506,-1.2224133613080317,122.1944045192464,4.093500137329102
552,1.1077243837672608,0.3660023110366409,-1.3036350292167307,123.15048870024144,0.5070000290870667
553,1.2165432404565664,0.3244996892667412,-1.0891482567348212,124.09741772158586,4.254300117492676
554,1.2050414272218595,0.31897869364742304,-0.9701269289358638,125.03504205221026,0.4945000112056732
555,1.2248477702862324,0.23953391125105933,-1.1304376934262401,125.96321363036331,1.4185999631881714
556,1.2369981551591704,0.2242994918105865,-1.217285039759393,126.88178588699316,1.5276999473571777
557,1.152306844747761,0.25825690496628273,-0.9897499504449798,127.79061376889223,3.0053000450134277
558,1.1614601348652058,0.19943321667373337,-1.0717051040021086,128.68955376160227,0.6554999947547913
559,1.2614346421702785,0.1725155457389648,-1.0774639121121112,129.57846391207772,2.224299907684326
560,1.142791313589953,0.1290935087905414,-0.9545558229780943,130.45720385110127,0.04270000010728836
561,1.2242251578920909,-0.05964681145411087,-0.9505342800514011,131.32563481544977,6.235799789428711
562,1.2449754853374853,-0.12051482612563606,-0.8580891833444277,132.1836196698068,2.3557000160217285
563,1.2351134736544984,-0.015534859552043302,-0.6676906501288877,133.03102292841794,6.232100009918213
564,1.232531557868304,0.0027703394285915226,-0.7591556451642602,133.86771077648498,1.2336000204086304
565,1.3724863584587939,-0.02362751822584332,-0.6851305101958745,134.69355109129773,2.1547000408172607
566,1.2183112242501235,-0.23444531417103345,-0.5493711122524947,135.508413463097,5.5817999839782715
567,1.2936046721479237,-0.07523047072907248,-0.5551504864391369,136.31216921566798,0.34150001406669617
568,1.257169376818384,-0.26116509012396305,-0.6311365588330351,137.10469142666,5.025100231170654
569,1.322451796839083,-0.27133225234663977,-0.5408493686377064,137.88585494762876,1.1377999782562256
570,1.3405236860738312,-0.21976439282044427,-0.5957602119774758,138.6555364237987,4.887899875640869
571,1.2851149203902554,-0.36777470946760404,-0.39713422548859395,139.4136143135423,5.348700046539307
572,1.3141507677692152,-0.41493516492728155,-0.4956698782555812,140.15996890757296,4.444900035858154
573,1.2265895955578197,-0.4597092898526206,-0.2627276539333496,140.8944823478481,1.2062000036239624
574,1.3373044511784085,-0.4936320131853632,-0.2080750220110281,141.61703864618087,5.913899898529053
575,1.306542380481737,-0.39451982282682746,-0.12823268809690624,142.3275237025556,5.065000057220459
576,1.2698622156781805,-0.5368132741812625,-0.034659584390736464,143.02582532314568,3.7111001014709473
577,1.310138889905089,-0.603393047527436,0.0029675284140305816,143.71183323803024,2.7985999584198
578,1.2706079365952652,-0.5363237584154984,0.2536804349097163,144.38543911860708,5.7769999504089355
579,1.3698524554578906,-0.5185696288605709,0.2883711791706535,145.04653659469895,5.2164998054504395
580,1.343969904545279,-0.665219862549171,0.22014445461795676,145.69502127135064,3.4885001182556152
581,1.3102163790262156,-0.7197721744310001,0.026707936852349994,146.3307907453144,3.9228999614715576
582,1.335756251296681,-0.5568917616741241,0.3675082155676522,146.95374462122004,2.023200035095215
583,1.261235495097356,-0.742075479783445,0.26955898341715573,147.5637845274291,2.3234000205993652
584,1.3668736276226583,-0.7288013764619722,0.20833931992051724,148.16081413156866,0.019099999219179153
585,1.3705465235555836,-0.8019227972392737,0.4938021361784174,148.74473915574316,6.192800045013428
586,1.2450765103248047,-0.7896563008670664,0.3514717040074868,149.31546739142215,0.4097999930381775
587,1.4131563989257883,-0.8752207019616015,0.6042568560128058,149.8729087140013,0.147599995136261
588,1.3042210117127124,-0.9400648431355452,0.6702978789194695,150.4169750970336,3.442199945449829
589,1.3322685641425032,-0.8278117969314497,0.7133628622886647,150.9475806261301,5.766300201416016
590,1.372053733508879,-0.9265223410623082,0.6130358756961164,151.4646415125269,3.084399938583374
591,1.3134336751886908,-0.8834331151013047,0.6606324233267906,151.96807610631598,5.093900203704834
592,1.3402985248697101,-0.8979000516886414,0.8598847444060856,152.45780490933905,5.091899871826172
593,1.3623430813773405,-0.8590723883502821,0.9613360304859878,152.93375058774097,3.3973000049591064
594,1.302189907836952,-0.937270184182858,0.7979683488082596,153.39583798418175,1.7639000415802002
595,1.263789744940718,-0.9750191813422995,0.8997829844527058,153.84399412970487,4.298799991607666
596,1.2890349990186414,-1.0216394429686624,0.9877702803140445,154.27814825525974,2.639899969100952
597,1.313030198994683,-1.112900881140326,1.049419468665289,154.698231802877,4.59630012512207
598,1.2873620075903758,-1.1009308075616056,1.0821114763855733,155.1041784364948,4.55019998550415
599,1.3755003155309258,-1.1352063822158465,1.1344031703728752,155.4959240524338,3.6763999462127686
600,1.2168503208885284,-1.116352809766096,1.123747536680496,155.87340678951992,5.613800048828125
601,1.2918563054553023,-1.1230858281890326,1.118379668961584,156.2365670388531,3.137700080871582
602,1.3093026371259486,-1.1463184067774521,1.1921575777435676,156.5853474532201,1.0805000066757202
603,1.2644871683428025,-1.0548440973868445,1.1487977710627368,156.91969295615027,0.4693000018596649
604,1.2573726259448166,-1.1339355184804065,1.2440312610460573,157.2395507506128,4.394700050354004
605,1.289854921471984,-1.0761092426548358,1.445058106962045,157.54487032735418,2.6401000022888184
606,1.374893505039887,-1.0597131320915245,1.372244142225213,157.8356034728737,3.5046000480651855
607,1.2982283943540993,-1.1472081461178596,1.5305342154502608,158.11170427703752,2.4123001098632812
608,1.241037263179437,-1.177369348963158,1.2379780772972797,158.3731291403279,2.108099937438965
609,1.2701852713501338,-1.103550719622479,1.385992993609988,158.61983678072846,3.737600088119507
610,1.3185337699471527,-1.0982832141541243,1.3519567990649923,158.85178824024285,1.3968000411987305
611,1.3103051870984712,-1.2540525170808328,1.144219804282491,159.06894689104672,3.7527999877929688
612,1.305814993926192,-1.1304426815853614,1.324580469907726,159.27127844127176,5.684299945831299
613,1.3256682095473067,-1.211450838149072,1.1534379748199302,159.45875094042066,4.595900058746338
614,1.2834331861730728,-1.2138741476916888,1.3716287489760022,159.63133478441256,5.8933000564575195
615,1.2048978872948444,-1.1170042639114321,1.5358066458758026,159.78900272025783,5.305099964141846
616,1.274777305770238,-1.1917318062805788,1.367914735345467,159.93172985036165,3.3524999618530273
617,1.2858731540701487,-1.1923019241187405,1.097444935835103,160.05949363645567,6.208799839019775
618,1.3205407769152693,-1.1334966203413395,1.4337147947538007,160.17227390315696,1.1812000274658203
619,1.2948289219005755,-1.3085996990584359,1.0500380115481578,160.27005284115398,0.09920000284910202
620,1.3569073810362782,-1.2438488873036049,1.487699289457794,160.352815010019,4.104300022125244
621,1.2232650029597096,-1.1283272786491556,1.5637895486988727,160.42054734064607,0.75
622,1.3076631959493459,-1.2381305995841458,1.5031746216982567,160.4732391373151,5.074100017547607
623,1.2714193589063165,-1.2239164961379523,1.6638148597932854,160.51088207938048,3.2718000411987305
624,1.2482941512552004,-1.1760021466181838,1.5938030199412718,160.53347022258532,4.479599952697754
625,1.2647546107408427,-1.2441123460854668,1.1485015117128998,160.541,4.5991997718811035
626,1.31807776417379,-1.2088951011541644,1.424592042127858,160.53347022258532,6.228700160980225
627,1.3359921835174018,-1.3433044202281483,1.3696957751109964,160.51088207938048,0.9132999777793884
628,1.2405496005838217,-1.2041532819550127,1.1609494957722308,160.4732391373151,0.6225000023841858
629,1.268309637417008,-1.2016090341396926,1.2915353816987123,160.42054734064607,5.08620023727417
630,1.2555134298788022,-1.075659565907501,1.4658778694477397,160.352815010019,3.6098999977111816
631,1.329854250706523,-1.1184618247351141,1.3603654049842862,160.27005284115398,5.433700084686279
632,1.351306808204177,-1.2073461873196083,1.3566503242581531,160.17227390315693,4.671599864959717
633,1.2657633237910149,-1.166300713474815,1.4469014342768591,160.05949363645567,0.6743999719619751
634,1.3366672324094482,-1.0869328892565195,1.2874443685823282,159.93172985036165,3.1136999130249023
635,1.2635418592038028,-1.1948556914121422,1.5477922021589257,159.78900272025783,4.051400184631348
636,1.3158601066067317,-1.1663224097741698,1.4459585993210151,159.63133478441256,0.6764000058174133
637,1.2779408693729712,-1.0863957493441827,1.4135367058885222,159.45875094042066,5.82480001449585
638,1.2918517152584725,-1.1897019930408541,1.2448182780526522,159.27127844127176,5.300099849700928
639,1.2851295546017258,-1.1936602199782045,1.0793385761031213,159.06894689104675,0.5152000188827515
640,1.2816574336039295,-1.351862571961154,1.3539059115939318,158.85178824024285,2.271199941635132
641,1.392558368961175,-1.1010476878309565,1.3290724607271842,158.6198367807285,0.6420000195503235
642,1.337329225654198,-1.0554953095249913,1.148608632545478,158.37312914032793,5.085999965667725
643,1.2403442660016668,-1.1994780493350152,1.2676104115213298,158.11170427703752,2.6939001083374023
644,1.386075598702332,-1.1232093440946858,1.0403596164299087,157.83560347287374,3.1819000244140625
645,1.3040478599475867,-1.0663856025213847,1.1527531441785486,157.54487032735418,3.4820001125335693
646,1.176890240065987,-1.071579038912782,1.2190320077338992,157.23955075061286,5.460899829864502
647,1.3384252553321447,-1.1057080970071163,1.094053404318196,156.91969295615024,5.882299900054932
648,1.2679329415341758,-1.0274564050386097,1.068437804494086,156.5853474532201,3.386399984359741
649,1.3418590800656098,-1.0677887897363736,1.062258159700814,156.23656703885308,3.47379994392395
650,1.354751668773474,-1.0650778286082085,0.8932714586698938,155.87340678951995,3.0541999340057373
651,1.2875788790288003,-1.0954305590949764,0.9934203441024884,155.49592405243382,0.15109999477863312
652,1.3615715366866756,-1.0862284624178253,0.8457574974069175,155.1041784364948,1.9627000093460083
653,1.3260443991376296,-0.9904306929297713,0.8819769120666962,154.698231802877,0.4341999888420105
654,1.3496321346683544,-1.0951325943115755,0.9374404700382453,154.27814825525974,0.7742999792098999
655,1.2897835337433956,-0.9982487571159981,0.9094890821798323,153.84399412970492,5.84119987487793
656,1.2767978386946408,-1.031201620304227,0.8563458228514504,153.3958379841818,1.8909000158309937
657,1.2814946232911746,-0.9787151077747823,0.7776372054314583,152.93375058774097,5.206399917602539
658,1.4004808132074105,-0.7874553327736178,0.8521296552740623,152.45780490933902,5.904900074005127
659,1.2915999528176823,-0.9415038172818241,0.6401942884148913,151.968076106316,6.093299865722656
660,1.2855986571132447,-0.8601685335042261,0.47638765800574084,151.46464151252695,1.5134999752044678
661,1.320503714655246,-0.8333318965697851,0.3283084698196947,150.9475806261301,0.9954000115394592
662,1.372354133074817,-0.788081437314713,0.5812203032408589,150.41697509703363,2.3236000537872314
663,1.3737996236309862,-0.7365149755386913,0.2546901459328687,149.87290871400137,2.9725000858306885
664,1.2955918620020803,-0.7596906018059593,0.4712633607510014,149.31546739142215,2.1691999435424805
665,1.3167068389458971,-0.5973300872141324,0.31353566705245167,148.74473915574313,2.0195000171661377
666,1.3567137274968872,-0.7536542615634885,0.33847772238312707,148.16081413156869,2.9286000728607178
667,1.3064390244769164,-0.6466313773367176,0.18228226844062953,147.5637845274292,4.425600051879883
668,1.3221480298068005,-0.6001973056051859,0.1840477484976671,146.95374462122004,6.047299861907959
669,1.3328384856088582,-0.49144457438876094,0.27449944329578047,146.33079074531446,1.7039999961853027
670,1.4385923898037,-0.6725817017433113,-0.01846860986978362,145.6950212713507,4.289299964904785
671,1.3135908417131044,-0.629880582568072,-0.03593729292419014,145.04653659469898,3.198899984359741
672,1.289304764408678,-0.5174044743726748,0.11408215125930035,144.38543911860705,4.437099933624268
673,1.321354038981883,-0.4510856772728291,0.003469263345887482,143.7118332380303,4.825399875640869
674,1.2659876601473439,-0.460464344693826,-0.2300586399971562,143.02582532314577,2.5085999965667725
675,1.2539430850958762,-0.4431320830766985,-0.2644543840241142,142.32752370255565,3.585200071334839
676,1.331429321907857,-0.5001695800442306,-0.3410782175426452,141.61703864618084,5.1570000648498535
677,1.3076511328840925,-0.3221624401560981,-0.38340093644607737,140.8944823478481,5.741499900817871
678,1.3485492518774571,-0.38126558305555447,-0.3970485533923152,140.159968907573,0.8953999876976013
679,1.3508113669667803,-0.3878557969126748,-0.49206010526265725,139.41361431354233,5.894999980926514
680,1.30886704195455,-0.3133747509454438,-0.522822837094661,138.65553642379876,0.06239999830722809
681,1.232354383510271,-0.2611166873019606,-0.7659363280809717,137.88585494762884,2.0789999961853027
682,1.284638398412249,-0.14186225807463446,-0.689602274138659,137.10469142666005,4.592800140380859
683,1.3230922649191803,-0.23936972173527432,-0.6227484042467303,136.31216921566795,6.265500068664551
684,1.3111892138230858,-0.07229636506663824,-0.649592747638373,135.50841346309699,2.561800003051758
685,1.248326262239654,0.02058339561837513,-0.8521195224264159,134.69355109129782,5.957300186157227
686,1.2616584443096739,-0.01076917571458615,-1.0294453927428437,133.867710776485,5.848199844360352
687,1.305291371524787,0.09670960889375452,-1.0265086801057262,133.031022928418,0.5637000203132629
688,1.1718806292359953,0.04751735779827761,-0.910027695117403,132.18361966980683,6.072500228881836
689,1.2090278904782867,0.058972127150879315,-0.9952618165160081,131.3256348154498,5.665299892425537
690,1.2075403797566457,0.06720421963027316,-1.0853609794698096,130.45720385110124,1.1813000440597534
691,1.1473750805611491,0.1825232537073843,-0.9761418999646493,129.57846391207778,0.3752000033855438
692,1.2059958822360057,0.20043058636105404,-1.1183333005823595,128.68955376160238,2.0611000061035156
693,1.1339857268145077,0.2247129331185382,-1.0508314063900535,127.79061376889234,3.942699909210205
694,1.0885946935180673,0.3261728693503157,-1.003562113538378,126.88178588699314,3.882200002670288
695,1.1378116940068854,0.35971858467864115,-1.1654409944086297,125.9632136303633,4.485099792480469
696,1.193659443426044,0.3885289496070712,-1.2706752206651908,125.03504205221029,5.775400161743164
697,1.050089807052464,0.4719961566884863,-1.2639540210988462,124.09741772158591,4.677499771118164
698,1.0573400701746594,0.4393601669925754,-1.4354663530269327,123.15048870024148,1.3253999948501587
699,1.0875033708070265,0.45271677023930307,-1.2811465248543412,122.19440451924652,2.078200101852417
700,1.0215992943195997,0.5743733358134525,-1.2768740618486856,121.22931615537632,4.867000102996826
701,0.9875443742844611,0.6434301073043616,-1.4040426057812723,120.25537600727135,6.1168999671936035
702,0.9444862638806446,0.4932304887055801,-1.3442965227850845,119.27273787137142,4.899799823760986
703,0.850279025874959,0.6632139768774967,-1.4090850256918361,118.2815569176291,5.891900062561035
704,0.9435953583181244,0.7996259236522767,-1.3767902741837212,117.28198966500719,0.6883999705314636
705,0.8920651929686398,0.7087091257176331,-1.3757683033817187,116.27419395676203,5.69379997253418
706,0.9145614321184594,0.8149944885792353,-1.342414141824206,115.25832893551888,0.5860000252723694
707,0.856463874312646,0.7295336307120082,-1.4318645643756416,114.23455501814098,3.5685999393463135
708,0.8562208784855926,0.9129008380984408,-1.511770519692334,113.20303387039758,1.1893999576568604
709,0.8253427390924021,0.8885943690447521,-1.5912285957855086,112.16392838143595,5.554100036621094
710,0.8080748138943156,0.9907844935065104,-1.5262024369057319,111.11740263805838,4.608099937438965
711,0.7744771720926381,0.9962183196092165,-1.529431661393465,110.06362189881143,3.300299882888794
712,0.7912342551193482,1.0154982228975626,-1.743638249077943,109.00275256788936,1.4918999671936035
713,0.704916101953668,1.0443119431118606,-1.399227177989387,107.9349621688581,2.848900079727173
714,0.6206425198553608,1.0787704825281381,-1.474481329294844,106.86041931819958,5.189799785614014
715,0.6007805825910986,1.1472045530474229,-1.597865975104541,105.77929369868626,0.597599983215332
716,0.6313649682689488,1.0549993943763416,-1.470786208090573,104.69175603258657,6.042200088500977
717,0.5637228948249176,1.2030788589572985,-1.3676578709682803,103.59797805470498,2.4089999198913574
718,0.549405993962541,1.28425211699027,-1.3921392364590046,102.49813248526351,4.755000114440918
719,0.621582486633599,1.3009244564637172,-1.2240258765982786,101.39239300262754,5.543600082397461
720,0.5196244636557664,1.3973841658753041,-1.4236769742584905,100.28093421587968,0.15649999678134918
721,0.5167173610532433,1.3076666099333338,-1.18159810894264,99.16393163724666,0.29269999265670776
722,0.4221214408227441,1.3847613109525931,-1.3222299934782913,98.04156165438431,4.764900207519531
723,0.45366292532751645,1.431826921793208,-1.3098447080674323,96.91400150252372,4.126299858093262
724,0.34244949812481884,1.5083513713795478,-1.3282849150522784,95.78142923648412,4.297699928283691
725,0.4163627416674235,1.5190502727007507,-1.293343007188915,94.64402370255566,0.10339999943971634
726,0.34287489286259054,1.4693920800664022,-1.1541874443475664,93.50196451025704,5.251999855041504
727,0.29913651807569414,1.5464698771877374,-1.0160032976723279,92.35543200397424,6.020299911499023
728,0.28018059982038973,1.540753536520029,-0.6376936164769884,91.20460723448085,5.798799991607666
729,0.23831476973048904,1.5285425104449717,-0.8166583064352182,90.04967193034877,0.19460000097751617
730,0.1445855219458171,1.6168948335760855,-0.6648710098873687,88.89080846925062,0.4189999997615814
731,0.2475013314226661,1.5598389610330572,-0.6829733027851229,87.72819984916154,1.3265000581741333
732,0.16262754182271846,1.5382092485856254,-0.5949400686205225,86.56202965945968,5.6743998527526855
733,0.10162048948952324,1.558219441007164,-0.525045090922998,85.39248205193671,0.8736000061035156
734,0.13587514474660253,1.5501524165334049,-0.5141057591923873,84.21974171171749,5.733099937438965
735,0.129663799377528,1.6375488513275722,-0.4930385980871398,83.04399382809692,3.531599998474121
736,0.0708312679035249,1.5268251593997761,-0.40142174310384365,81.86542406529517,0.3880999982357025
737,0.052007715900543226,1.6209832252456169,-0.43346531038656233,80.68421853314038,6.189899921417236
738,-0.015211377815162906,1.5361789431782897,-0.23445930037337456,79.50056375767923,3.6242001056671143
739,0.01250317517942732,1.618410575987813,-0.06619165734787559,78.31464665172194,3.980299949645996
740,-0.06949904726654993,1.5664601319788853,0.087854188263527,77.12665448532715,4.56879997253418
741,0.01728324851596714,1.5262111610735762,0.051997699245787496,75.93677485622938,5.7733001708984375
742,-0.1068651438938297,1.5653029644539174,-0.14359050872637533,74.74519566021576,1.219499945640564
743,-0.16952969767069076,1.4428969769510727,0.2121906523008438,73.55210506145475,2.243000030517578
744,-0.14463040104125507,1.6011427557438527,0.09113917042455016,72.35769146278247,0.6712999939918518
745,-0.16606978327162908,1.4739193588139685,0.167481507487003,71.16214347595204,5.070000171661377
746,-0.23495849172097943,1.4546715546620963,0.5744070857290255,69.96564989185016,2.365999937057495
747,-0.28831539303348086,1.410016548318359,0.542965270486415,68.7683996506838,5.414899826049805
748,-0.15543571463464284,1.443835023190724,0.5214119475732406,67.57058181214465,5.8140997886657715
749,-0.23977454933166398,1.436900537464327,0.47685293962088593,66.37238552555566,0.8259000182151794
750,-0.28633106003975073,1.506235590251377,0.41718079227573523,65.17400000000004,0.531000018119812
751,-0.2586899779070728,1.4046506854207148,0.6157788747129934,63.97561447444443,3.396899938583374
752,-0.2753111173273591,1.4818248666025462,0.5494683881765059,62.777418187855254,4.991000175476074
753,-0.35170603367479564,1.3635633417238877,0.5267555481216551,61.57960034931645,4.185800075531006
754,-0.295815811764782,1.3430009641333158,0.7978166977072312,60.38235010814992,4.858799934387207
755,-0.3864823918656583,1.3592895586536773,0.5142195209532691,59.18585652404805,1.3859000205993652
756,-0.34957436827329197,1.2718352218677207,0.7416843293563479,57.99030853721762,0.6467999815940857
757,-0.39956493908262514,1.4460251972729365,0.8272658841620144,56.79589493854533,0.36390000581741333
758,-0.3575447029143546,1.4351742072407676,0.9298111498168734,55.60280433978432,1.798699975013733
759,-0.4106601784738305,1.2868452514896698,1.0595845376299373,54.41122514377071,2.9293999671936035
760,-0.46660410173861194,1.3008444904568002,0.9681442561724894,53.22134551467294,5.294400215148926
761,-0.5315149824476952,1.2178724187295695,1.0935192902965745,52.03335334827814,4.132400035858154
762,-0.5147992125789106,1.1696779992379893,0.9427621303500672,50.84743624232085,1.8841999769210815
763,-0.5056496969860286,1.1775828114374243,1.115592250794295,49.66378146685953,6.19789981842041
764,-0.6361777511601724,1.0735872877163781,1.0867860686836384,48.48257593470492,1.6162999868392944
765,-0.5337255125734089,1.1177401324681164,1.1783445411988764,47.30400617190334,2.4728000164031982
766,-0.5793081484585619,1.062734349475302,1.20533237731463,46.128258288282595,5.301300048828125
767,-0.5435263748019615,1.089196448430145,1.1925759528833502,44.955517948063374,0.15530000627040863
768,-0.6170560619167189,1.0958506236196237,1.2810641165633188,43.78597034054039,0.6315000057220459
769,-0.6409089598161731,1.0527024841215329,1.1450659148243452,42.61980015083854,5.532899856567383
770,-0.633804948996383,1.065910512184857,1.3420412809305875,41.4571915307493,5.0218000411987305
771,-0.6146513762736041,0.9221745446814661,1.2973686153200852,40.298328069651475,1.0492000579833984
772,-0.6479330818984333,1.0247406592740504,1.376482447762495,39.14339276551923,4.17110013961792
773,-0.669516472920378,0.9830293030571533,1.2448337320403071,37.99256799602585,1.183899998664856
774,-0.6899864953748555,0.9992723451300056,1.2098640079778884,36.846035489742874,4.212399959564209
775,-0.7041744591666267,0.9624934897487589,1.4565604967776997,35.70397629744443,3.801800012588501
776,-0.7160972349489194,0.8960867104638194,1.6045591221396538,34.56657076351597,4.632199764251709
777,-0.6811016362065171,0.8865018840747996,1.427583796452425,33.433998497476516,1.69350004196167
778,-0.7212088578521243,0.7735995777216318,1.5539461381286481,32.30643834561576,2.727299928665161
779,-0.7545897444127209,0.7198242800643367,1.3643446565585216,31.184068362753422,3.421799898147583
780,-0.7516640169798369,0.643938094017499,1.5204058091405277,30.067065784120388,5.351600170135498
781,-0.7821232135837992,0.7246614070852984,1.5881188405937923,28.955606997372378,0.8359000086784363
782,-0.8001811878986946,0.6191002987136518,1.2830324040653907,27.849867514736566,1.5887000560760498
783,-0.8333125340657529,0.6041030027372263,1.4077287101984175,26.750021945295252,0.8985999822616577
784,-0.8234323525377276,0.604693380222578,1.473002648568633,25.656243967413502,0.40790000557899475
785,-0.7850681133077397,0.5457383124434867,1.270441354131801,24.56870630131366,5.454500198364258
786,-0.8343584114673144,0.3971754539929098,1.3004062115330304,23.487580681800495,3.1977999210357666
787,-0.866192338687869,0.5553407220769545,1.1805817589713086,22.413037831141978,3.6963000297546387
788,-0.8387583550077343,0.504385290201137,1.1453815851258446,21.345247432110718,1.1019999980926514
789,-0.8433615443778665,0.5096604639229768,1.3433493274592136,20.284378101188793,0.9810000061988831
790,-0.918194334808126,0.3797099210319156,1.1697189543792823,19.230597361941697,0.31779998540878296
791,-0.9474271853101992,0.40684735834836355,1.1950872341362837,18.18407161856412,3.354599952697754
792,-0.9624917188523846,0.30044980018459816,1.127474840602267,17.144966129602352,1.2582000494003296
793,-0.9310449054375166,0.2870241985218561,1.0422714718520822,16.113444981859104,0.8184000253677368
794,-0.9127014814440555,0.26222095314544874,1.0071690994208542,15.089671064481202,5.381999969482422
795,-0.9638398619050914,0.387028703102677,1.064789828966847,14.073806043238179,0.7566999793052673
796,-0.9344426266354332,0.2008391582907053,0.9506690177215608,13.066010334992889,4.865900039672852
797,-0.9570967428004363,0.20940081881029965,0.9321338704132094,12.06644308237096,5.8242998123168945
798,-0.9599766996884693,0.05425828022137775,0.8170931223823358,11.075262128628665,1.0807000398635864
799,-1.020457911074062,0.114635671921895,0.9926667900825582,10.092623992728726,2.691499948501587
800,-1.0058364366042785,0.05859743649293343,0.8900608661859667,9.118683844623753,1.478700041770935
801,-1.0777215851871298,0.00164029087910119,0.8488376820559972,8.153595480753694,5.489799976348877
802,-0.9734456479586534,-0.036649134123501806,0.8040651610880184,7.197511299758581,1.5616999864578247
803,-1.031814928075259,0.02650989241983453,0.9263228230992364,6.250582278414029,0.07119999825954437
804,-1.0598913893746624,-0.017314242546856932,0.7118385039693512,5.312957947789769,2.6010000705718994
805,-1.0315872229796932,-0.05742602565477012,0.6175882788975829,4.384786369636771,5.881899833679199
806,-1.027486643581304,-0.13588650996636623,0.744641909565236,3.46621411300692,2.4986000061035156
807,-1.0205827189615122,-0.22260543878346725,0.6737886586200135,2.5573862311078415,2.6956000328063965
808,-1.0802325421474528,-0.1273147399440963,0.6677376884980356,1.6584462383976941,1.014299988746643
809,-1.0100351720700655,-0.25618961992384115,0.5416297326492944,0.7695360879222903,1.8137999773025513
810,-1.0544129942885314,-0.30440293403173974,0.40821071730200836,359.89079614889886,4.372399806976318
811,-1.0609068263721435,-0.31111091135030305,0.39568123373670094,359.02236518455027,3.7551000118255615
812,-1.1038385190903912,-0.2265146647120106,0.11572119049256488,358.16438033019324,4.497300148010254
813,-1.0759487908132253,-0.2403410322002294,0.3765821307970567,357.3169770715822,2.5125999450683594
814,-1.0119499210108107,-0.41119454943309786,0.06828328644197698,356.4802892235149,0.9399999976158142
815,-1.0602208754121858,-0.35681523157209794,0.33938244832291464,355.6544489087022,0.3903999924659729
816,-1.0234484394217602,-0.41341306827850693,0.08010151039555098,354.8395865369031,2.6431000232696533
817,-1.0660368870925658,-0.4862803804983108,0.14643860840631723,354.0358307843321,3.604099988937378
818,-1.0541408933702576,-0.46524728159256196,0.024260281402074847,353.24330857334,0.6818000078201294
819,-1.0970250466703488,-0.5548854807659369,-0.013929953743852407,352.4621450523713,0.298799991607666
820,-1.1553240622828256,-0.5760324208242741,-0.07518837295777941,351.6924635762013,1.648900032043457
821,-1.1097333201137218,-0.5704238154494935,0.04498870170134503,350.93438568645774,0.4927999973297119
822,-1.1327012733814439,-0.6249625003539714,-0.09290580408236586,350.1880310924271,5.130300045013428
823,-1.162719596964054,-0.7339848202772321,-0.33623403405444713,349.45351765215196,4.590700149536133
824,-1.1105026243782612,-0.5693128069791513,-0.13460784651719612,348.7309613538192,2.152100086212158
825,-1.0790667990541651,-0.7966816173494712,-0.2453714669648468,348.0204762974444,5.303400039672852
826,-1.0937106516266828,-0.6975129138080587,0.00909377327077922,347.3221746768543,5.112299919128418
827,-1.0396281927233302,-0.7546298077390169,-0.2995259887211549,346.6361667619698,2.7416999340057373
828,-1.1620169289954148,-0.7200154742955602,-0.39025587940371215,345.96256088139296,5.575399875640869
829,-1.1546259203395248,-0.6961722877975739,-0.32280832047926,345.3014634053011,1.545699954032898
830,-1.1210777196846924,-0.8563956014380276,-0.48906797379977784,344.6529787286494,1.3669999837875366
831,-1.0848955371102387,-0.8545287500252675,-0.4868131580263349,344.01720925468567,3.4179000854492188
832,-1.1187024739665368,-0.9109062171842037,-0.5375059661791958,343.3942553787799,0.9083999991416931
833,-1.1205550951592465,-0.8450929962449115,-0.5101222986341118,342.78421547257085,5.9695000648498535
834,-1.1121540056292598,-0.9602705595412212,-0.495151422682572,342.18718586843136,3.440700054168701
835,-1.1738222694332126,-0.9059955233755164,-0.7126522959483503,341.6032608442569,2.3912999629974365
836,-1.1468068677060295,-0.9355844707006044,-0.685948006766152,341.0325326085778,2.287400007247925
837,-1.0853489257018103,-0.8725013661184294,-0.7639862652380557,340.47509128599876,5.5802998542785645
838,-1.113721665995339,-1.0014318009759584,-0.7723810672313255,339.93102490296644,5.742599964141846
839,-1.1614864360554862,-0.9944833493332832,-0.905168501027875,339.4004193738699,1.7235000133514404
840,-1.1755205480728688,-0.9763086428634011,-0.6805255457977646,338.8833584874731,5.262599945068359
841,-1.0871615736889129,-1.0648065012034953,-0.8034304201423642,338.379923893684,6.15880012512207
842,-1.0770662113518856,-1.1010907858626773,-0.7234558317967925,337.890195090661,0.11219999939203262
843,-1.0297114165626717,-1.0746116747328045,-0.6914524459291884,337.41424941225904,0.24789999425411224
844,-1.06939211203553,-1.0334923615604716,-0.9403432486105067,336.9521620158182,4.262599945068359
845,-1.0948688591717142,-1.081178894686773,-0.8686500300965923,336.50400587029515,3.922300100326538
846,-1.0490500162498662,-1.1044238144208909,-0.9129017719080075,336.0698517447403,2.3958001136779785
847,-1.0932019615136932,-1.123915342726002,-0.9535794826660351,335.64976819712297,0.15320000052452087
848,-1.0733636648043867,-1.1430500152974237,-1.053759800846564,335.2438215635052,4.277900218963623
849,-1.0836229115330718,-1.1854162418051046,-0.9363716158618469,334.8520759475663,3.928100109100342
850,-1.0977041597138768,-1.0975742304859666,-0.911480158727052,334.4745932104801,6.0640997886657715
851,-1.0041214329275627,-1.1746460717358254,-0.8959311163561924,334.1114329611469,0.5019999742507935
852,-1.0540703610025974,-1.1747075948390266,-1.1564901246025596,333.7626525467799,1.7964999675750732
853,-1.042735799417782,-1.1123103565764831,-1.0001709151018736,333.42830704384977,2.3443000316619873
854,-1.1434347728183432,-1.132772030109196,-1.0831819527143463,333.10844924938715,3.800100088119507
855,-1.0416764862243364,-1.184569378680129,-1.1658043273688583,332.80312967264587,5.308300018310547
856,-1.040415127367202,-1.247039863581975,-1.1653607926935843,332.51239652712627,4.021900177001953
857,-1.0677965899611463,-1.1799648140036951,-1.1832675391469427,332.2362957229625,4.025199890136719
858,-1.0333682982139303,-1.1734480446320006,-1.1068454594243653,331.9748708596721,0.955299973487854
859,-1.024277060937758,-1.2905832114763693,-1.0245391001256727,331.72816321927155,1.5226999521255493
860,-1.0496003601286459,-1.200677565759063,-1.2159621791400068,331.49621175975716,1.5241999626159668
861,-1.0920396539153476,-1.3624580319915953,-1.2100815275013022,331.2790531089533,4.5518999099731445
862,-1.1390238075968533,-1.3100894464848387,-1.1271297922308865,331.0767215587282,5.014599800109863
863,-1.0351505227726674,-1.3909097661784287,-1.1011932968198237,330.88924905957936,0.879800021648407
864,-1.063591564102919,-1.3010823427384517,-1.2972656706335612,330.71666521558745,1.1208000183105469
865,-1.0814428818724733,-1.2498023724725487,-1.1079961944634908,330.5589972797422,0.3425000011920929
866,-1.028226372755813,-1.19974904760808,-1.3662472130768333,330.41627014963836,5.972499847412109
867,-0.9764141731567383,-1.209747465093947,-1.2033451807136917,330.28850636354434,1.6583000421524048
868,-1.053542574194719,-1.2978681962042944,-1.1971316910628718,330.17572609684305,5.175000190734863
869,-1.1224442714335077,-1.3271474879552763,-1.1353443664410519,330.07794715884603,2.67930006980896
870,-1.1194096554743582,-1.2767801067374738,-1.304327567738594,329.995184989981,3.0669000148773193
871,-1.044073312355539,-1.3250206980483792,-1.2572736316695248,329.92745265935395,5.662199974060059
872,-1.1022919309171404,-1.1845404174080947,-1.1511205181883442,329.8747608626849,4.792300224304199
873,-1.032942108368723,-1.15168853867396,-1.1308270422763544,329.83711792061956,0.3682999908924103
874,-1.015081324180561,-1.3626434087056638,-1.304258865910518,329.8145297774147,4.0346999168396
875,-1.0239041432498774,-1.2874146897591578,-1.186746216700889,329.807,0.48249998688697815
876,-1.054673998517075,-1.246145292959518,-1.1370229717059517,329.8145297774147,4.51639986038208
877,-0.9956857633602966,-1.2575946781278065,-1.2687835066702493,329.83711792061956,3.8754000663757324
878,-1.0281248678743466,-1.2287736371471691,-1.11659978098841,329.8747608626849,2.2079999446868896
879,-1.052993487394789,-1.285739805990265,-1.1528441207717721,329.9274526593539,1.4744999408721924
880,-1.0700909761730972,-1.337772957197984,-1.271451911508363,329.99518498998106,5.520100116729736
881,-1.0593518466172782,-1.3609000802333988,-1.405273687529048,330.07794715884603,4.32859992980957
882,-1.0659808996711349,-1.2745245288431628,-1.2930992109269854,330.17572609684305,2.0671000480651855
883,-1.0278071775342734,-1.3420433152618396,-1.2242233462962797,330.28850636354434,4.450900077819824
884,-1.1064531709858751,-1.3332460817526004,-1.1407857206617797,330.41627014963836,5.818999767303467
885,-1.1187126871975985,-1.2694067920840568,-1.2663771835122246,330.5589972797422,4.650899887084961
886,-1.0854766516649246,-1.2889179528692474,-1.1594066348090981,330.71666521558745,0.4763999879360199
887,-1.0483511618992456,-1.2467826171247214,-1.2241927534219916,330.88924905957936,5.215700149536133
888,-1.0377775456340128,-1.2884567461578817,-1.23807609568169,331.07672155872825,1.413699984550476
889,-1.041873483442888,-1.2565717992072116,-1.206268551506432,331.27905310895324,3.7077999114990234
890,-0.9827647445487632,-1.232105249371645,-1.1199511562349136,331.4962117597571,3.1858999729156494
891,-1.0193816771895614,-1.2446212973844781,-0.9061828475204472,331.72816321927155,4.929999828338623
892,-1.036170789499605,-1.2502340102935126,-1.2679326428423083,331.97487085967214,6.099100112915039
893,-1.0168006940732686,-1.160433146502277,-0.9765317719527697,332.2362957229625,4.217599868774414
894,-1.0729745250053382,-1.1895261708386993,-1.0562312072100528,332.51239652712627,2.8980000019073486
895,-1.062512408257997,-1.1608806183257652,-0.9667601979528112,332.8031296726458,0.5333999991416931
896,-1.116025862642401,-1.1566930177656316,-1.172346768585089,333.10844924938715,2.466900110244751
897,-1.020010979823431,-1.0514434035043767,-1.00066823480672,333.4283070438497,0.05139999836683273
898,-1.0821694879879,-1.1318264805618958,-1.0249504997955199,333.7626525467799,3.842900037765503
899,-1.0576546872454684,-1.1765668969022722,-0.9856596350702546,334.11143296114693,6.116700172424316
900,-1.0636412772749657,-1.1116711031694497,-0.834812661319297,334.47459321048007,1.6132999658584595
901,-1.0722864820216436,-1.1375005464427697,-0.9277293012679715,334.85207594756616,4.668300151824951
902,-1.1658587740534176,-1.178710334414725,-0.9555641713838976,335.2438215635052,3.4052999019622803
903,-1.1007435125676839,-1.126788098000857,-0.9269631431389447,335.64976819712297,0.10100000351667404
904,-1.0508874523095384,-1.1332614090230138,-0.8654775201005392,336.0698517447403,2.3736000061035156
905,-1.1357164040020997,-0.9890043776056722,-0.8928582493799017,336.5040058702951,4.5808000564575195
906,-1.0630782229800273,-1.0782038099704934,-0.8585796096082978,336.95216201581826,0.482699990272522
907,-1.088548974081172,-1.0200204183079635,-0.7811129936550513,337.41424941225904,2.670599937438965
908,-1.1255451054925754,-1.0493949614116838,-0.9732361436518433,337.8901950906609,3.8517000675201416
909,-1.096644049190804,-0.9908049628482077,-0.7118286435753722,338.379923893684,5.311600208282471
910,-1.059995695754741,-1.040727119848356,-0.5630127692131125,338.8833584874732,6.1016998291015625
911,-1.0791809667929475,-1.0456568143964964,-0.7388792735919495,339.4004193738699,5.0040998458862305
912,-1.179725575373261,-0.959431024351593,-0.7135040421428951,339.9310249029664,1.5640000104904175
913,-1.112023906513899,-0.8867645526175535,-0.5397553500611497,340.4750912859987,6.036399841308594
914,-1.10191412615973,-0.9370768576103428,-0.5822289203126362,341.03253260857775,4.908199787139893
915,-1.1194119957821698,-0.984840132322658,-0.5685855978009061,341.6032608442568,2.08240008354187
916,-1.157483602680144,-0.8530999274277992,-0.4794065817077689,342.18718586843136,2.8515000343322754
917,-1.1497724601978314,-0.8592925569147102,-0.37274028893476885,342.7842154725709,5.874499797821045
918,-1.1233063885520138,-0.8861738868245158,-0.49485044070280393,343.3942553787799,1.9737999439239502
919,-1.1356760058424036,-0.8320596627292646,-0.3605868004891689,344.01720925468555,2.8907999992370605
920,-1.0887481718867096,-0.8592005238949111,-0.5665645396288597,344.6529787286493,1.0526000261306763
921,-1.1008314634927991,-0.6496417769551652,-0.1579733368453548,345.30146340530104,2.9235000610351562
922,-1.1095703803253159,-0.8051130970740782,-0.3948720914608831,345.96256088139296,6.158100128173828
923,-1.1169542195059672,-0.7530119624726327,-0.18208931102038414,346.6361667619697,4.829400062561035
924,-1.122084350397931,-0.5874625452896984,-0.2464003108371349,347.32217467685433,2.1547000408172607
925,-1.1197364557708325,-0.6543320707693999,-0.16445502791888886,348.02047629744436,4.530900001525879
926,-1.1252485063362616,-0.6028521266317903,-0.041736520328826805,348.73096135381905,5.558700084686279
927,-1.1226605823842497,-0.5029078965258136,-0.1193490643204194,349.4535176521518,5.679999828338623
928,-1.1167581226165353,-0.5137554282617831,-0.04625871856391487,350.1880310924271,6.152299880981445
929,-1.1216440392904263,-0.5056444380521845,-0.06853434421983355,350.9343856864577,3.202500104904175
930,-1.135298122293233,-0.5265500562190605,0.047572871498931066,351.69246357620125,4.806099891662598
931,-1.057344251995233,-0.5027254552974494,0.07513780260476546,352.4621450523713,3.6654999256134033
932,-1.0301205666246032,-0.4262123487064024,0.08316937791140556,353.24330857333996,0.7989000082015991
933,-1.0507943471369543,-0.3541779466135729,0.1815397889969968,354.03583078433195,1.3432999849319458
934,-1.0744678129175664,-0.3731269460760085,0.35885237542463017,354.839586536903,1.1187000274658203
935,-1.1637964038041977,-0.4414320729736944,0.21290329075911885,355.6544489087023,5.148799896240234
936,-1.0725760779981623,-0.27313870516983924,0.25906852865054175,356.480289223515,4.968100070953369
937,-1.0975967227234578,-0.24807390689798414,0.22559193423946067,357.316977071582,2.083899974822998
938,-1.018450353345696,-0.2085693751891173,0.42535015102403356,358.164380330193,1.7312999963760376
939,-1.1095301517928866,-0.20852757578357584,0.38165921755332266,359.02236518455015,0.9172000288963318
940,-1.0523214757535642,-0.16342074557571878,0.5289427599761327,359.89079614889874,1.8451999425888062
941,-1.0834358428498247,-0.043331773702047625,0.6994805551953504,0.7695360879222335,0.09929999709129333
942,-1.0385207036443305,-0.12689179202125817,0.5411034778097116,1.6584462383977652,1.448699951171875
943,-1.0506797099108367,-0.09302327178071708,0.6723445748622812,2.5573862311077917,2.849299907684326
944,-1.0315518994880766,-0.02772457524903062,0.7324826115478508,3.4662141130067283,3.1221001148223877
945,-1.0231283096364405,0.04939135028587445,0.8247909804442192,4.384786369636572,4.336100101470947
946,-0.9747675418898363,-0.018113513088826305,0.62788024563843,5.312957947789833,4.978700160980225
947,-1.0647986436058368,0.01719384799090382,1.0796558262248936,6.2505822784141,3.459399938583374
948,-0.9251811229344048,0.11371978051391184,0.9273948870999011,7.197511299758517,4.090000152587891
949,-0.9731063333550299,0.031202986874484574,0.9310953126109752,8.153595480753488,2.482800006866455
950,-0.9488927574040831,0.15277423159388565,0.9054943086569563,9.118683844623689,3.519200086593628
951,-0.8967544371686346,0.19266320220333297,1.2101200739262366,10.092623992728512,1.5104000568389893
952,-0.937370084164336,0.2300218959615386,1.1596386491312296,11.075262128628594,1.4696999788284302
953,-0.9400486424855257,0.1882976767101394,1.3993219579612253,12.066443082371038,0.9437999725341797
954,-0.9329501492245971,0.2610904470948832,1.3157845386271698,13.06601033499296,0.599399983882904
955,-0.9115842425014561,0.28805795139948376,1.1158366816499046,14.073806043237965,2.3041000366210938
956,-0.901243329635384,0.34057783998436103,1.399204673628789,15.089671064480989,3.8364999294281006
957,-0.8657164017700619,0.4196953457401496,1.2372274934700334,16.113444981859026,2.1668999195098877
958,-0.8605364231137499,0.4129181469840966,1.113480224782022,17.144966129602437,4.848999977111816
959,-0.842013089204583,0.40986965145617416,1.259062692040299,18.184071618564055,4.871099948883057
960,-0.8295032334326502,0.4406751922680094,1.134213294735572,19.230597361941626,6.097499847412109
961,-0.8673664197165021,0.5497708748602638,1.1379544727393012,20.284378101188715,4.396399974822998
962,-0.8587997082400899,0.5188378884182699,1.35940361913551,21.34524743211049,1.0644999742507935
963,-0.7959209545840515,0.598295307542042,1.4241359441253663,22.41303783114175,2.040800094604492
964,-0.7754786855705357,0.5770206019188427,1.3675448364658032,23.487580681800573,4.2778000831604
965,-0.8116110860089738,0.6602850004611598,1.460974292520128,24.56870630131374,0.4487999975681305
966,-0.7416763774553867,0.6967998683351437,1.3371716568176073,25.65624396741343,2.2964999675750732
967,-0.800384984454172,0.6824025202504461,1.391834286690379,26.750021945295025,1.7305999994277954
968,-0.7652440830498972,0.8529759331463515,1.3583228857669651,27.849867514736495,4.36870002746582
969,-0.7425199824993208,0.7465704142192939,1.2476796226396503,28.9556069973723,2.1939001083374023
970,-0.7017205525064116,0.7908680705542201,1.3951116993369368,30.06706578412031,1.36080002784729
971,-0.7265998926272698,0.7865133301019837,1.2409108869646719,31.184068362753507,6.220099925994873
972,-0.7067077489635638,0.7959253491461797,1.6358520507438425,32.306438345615845,5.974400043487549
973,-0.7065300234162111,0.9568656153312738,1.4827463036618256,33.43399849747628,3.6217000484466553
974,-0.6616711699828672,0.9733491385002895,1.3709601317453177,34.56657076351573,5.99459981918335
975,-0.6561451379699702,0.9290099305642372,1.3849651021059075,35.70397629744435,4.386000156402588
976,-0.6418611478511461,1.026731039088532,1.2767402419441463,36.84603548974296,4.490499973297119
977,-0.6315262446277862,1.04574514892755,1.4504917188683704,37.99256799602577,3.0302999019622803
978,-0.6028214451007978,1.119819755072476,1.2392752902597652,39.14339276551915,2.756700038909912
979,-0.5922818806127259,1.0850730604672036,1.2588056812924717,40.2983280696514,1.444000005722046
980,-0.5843723337677452,1.0542944805527803,1.3458171990112218,41.45719153074922,3.6763999462127686
981,-0.5744256033511322,1.0488553585709948,1.1591180316809262,42.6198001508383,2.52239990234375
982,-0.5928767444070185,1.0985666127895655,1.3309913769482147,43.78597034054047,2.422800064086914
983,-0.5462629630001417,1.1954653411754568,1.2197202522455228,44.95551794806346,1.901900053024292
984,-0.4827362893252073,1.2013528121473793,1.101442923433008,46.12825828828251,3.2741000652313232
985,-0.5346325786754521,1.2218023059040035,1.0026049127933316,47.3040061719031,1.9342000484466553
986,-0.48141061865695645,1.2048079499009725,1.0344977257589931,48.48257593470484,3.8210999965667725
987,-0.3776047081151355,1.2488450634881954,1.0271829085663677,49.66378146685945,2.6939001083374023
988,-0.44167876372837245,1.3192081289051965,0.9432205052972432,50.84743624232077,1.3295999765396118
989,-0.4067474877511935,1.2821378161618722,0.9574021508038715,52.033353348278055,2.975800037384033
990,-0.4306561197641757,1.322050605563409,0.7925121438855895,53.221345514673025,5.232600212097168
991,-0.37957660958671696,1.2942931983897656,0.9310705045469992,54.41122514377062,2.277899980545044
992,-0.36337050800536097,1.2974409857482947,0.8341826330673393,55.60280433978407,2.687299966812134
993,-0.38743033869225774,1.1906576872357895,0.8508499421828594,56.795894938545246,4.4415998458862305
994,-0.28604288435324465,1.3626703125557826,0.5999515984074859,57.99030853721771,3.306299924850464
995,-0.2723133569948286,1.4627214496339798,0.5227821796762974,59.18585652404796,3.9231998920440674
996,-0.3144016566150063,1.423033464046553,0.6473854422757439,60.382350108149836,3.7648000717163086
997,-0.2764410069272841,1.4388422415458397,0.374295142266511,61.579600349316365,4.231900215148926
998,-0.2841246024990233,1.406874882350161,0.5494792147653397,62.777418187855176,2.0731000900268555
999,-0.21295486813586711,1.4893221219113963,0.39864730630900574,63.97561447444418,3.1552000045776367
