frame,psi1,psi2,psi3,csv_gt_angle,inplane_angle_rad
0,-0.5935702339978374,1.2032366383052189,-1.0272089673983853,65.174,0.5972999930381775
1,-0.5526367289442757,1.156094837611984,-0.9030236609782099,66.3723855255557,5.399799823760986
2,-0.4980324661004844,1.1965029771468896,-1.0700700892341464,67.57058181214477,3.1321001052856445
3,-0.5725517232560698,1.2302207460797632,-1.1204516444398456,68.76839965068365,2.317699909210205
4,-0.5164861282767624,1.3162205981385426,-0.8651641017279462,69.96564989185009,6.278299808502197
5,-0.472753360975339,1.326351561122356,-0.8392049524107372,71.16214347595204,2.6526999473571777
6,-0.4700681173309391,1.3345401932459644,-0.8503018421040661,72.35769146278237,4.134300231933594
7,-0.48077501513438164,1.379648396448784,-0.7084630601611196,73.55210506145472,2.3225998878479004
8,-0.4690661057404369,1.4028003668081694,-0.5482834785914386,74.74519566021581,3.8647000789642334
9,-0.45493242117234567,1.46625645663944,-0.7202406666076059,75.93677485622933,2.219599962234497
10,-0.39678349351882974,1.3142949603163812,-0.3730771592566279,77.12665448532701,1.2000000476837158
11,-0.4001059123149565,1.4422607471411937,-0.424497517114268,78.31464665172189,0.6075000166893005
12,-0.3931681285525349,1.4428530381701665,-0.525074409379539,79.50056375767925,5.600800037384033
13,-0.33562785486296626,1.5127090120222206,-0.3521494291735457,80.68421853314047,1.0867999792099
14,-0.23409691787000245,1.6567044977400314,-0.2730014756234194,81.86542406529516,0.35350000858306885
15,-0.25867989608772046,1.5919557974505933,-0.3219922102420473,83.0439938280968,4.42579984664917
16,-0.23181664321487463,1.5628796747304268,-0.04735531035879257,84.21974171171746,6.245699882507324
17,-0.2538721933628105,1.6996600403584743,-0.24777736067780173,85.39248205193658,3.8466999530792236
18,-0.11297195424943986,1.655393620571397,-0.1336489886578964,86.56202965945964,5.737599849700928
19,-0.10531236881231047,1.8650217012204573,0.022814644818799072,87.72819984916156,1.6100000143051147
20,-0.21747562675088877,1.6277573964483345,0.08367966568382162,88.89080846925071,5.309500217437744
21,-0.13012040081685408,1.7357364816020666,0.1914039853529434,90.04967193034861,4.5472002029418945
22,-0.11334569776086209,1.6990310221323353,0.010181973177742366,91.20460723448076,2.2932000160217285
23,-0.08459471323145598,1.5715683445168864,0.28231173336227844,92.35543200397422,1.8485000133514404
24,-0.06662750104623023,1.724919776806925,0.5530622282569474,93.5019645102571,0.9460999965667725
25,0.09649873397227988,1.7282226242995404,0.5090798439469807,94.64402370255561,2.994999885559082
26,0.03419336653399178,1.7311584640550746,0.5009528199044787,95.78142923648416,2.8680999279022217
27,-0.010794469380085511,1.6972849911681374,0.5040806742328447,96.91400150252367,1.6171000003814697
28,0.06778300330311009,1.832588876758634,0.43545615236130375,98.04156165438417,1.593500018119812
29,0.20344872269135075,1.7304370013018857,0.7680279153073835,99.16393163724659,5.687600135803223
30,0.07717946781494689,1.6613535540136641,0.795082763576131,100.28093421587968,4.448599815368652
31,0.15150255479873131,1.4516190474842765,0.8273330366709651,101.39239300262761,0.08659999817609787
32,0.04149722648165398,1.4506659815640297,0.8627778217641514,102.49813248526348,4.150599956512451
33,0.16492179907299806,1.5149223772660523,0.9875063892381852,103.59797805470487,3.5527000427246094
34,0.2412269847385134,1.5766638834385858,0.9390406218493552,104.69175603258654,0.19689999520778656
35,0.26659550097185564,1.5933337528664233,1.0239710340692274,105.7792936986863,4.252500057220459
36,0.2179242824285868,1.4835678379203734,0.9565214793116057,106.86041931819952,6.2642998695373535
37,0.2554094265907907,1.508468863733639,1.2520375764615752,107.9349621688581,1.0484000444412231
38,0.26215253910293884,1.4062978039255076,0.9977939681925487,109.00275256788944,1.3007999658584595
39,0.4484068810235057,1.5325690174536266,1.3265222788630047,110.06362189881128,2.5627999305725098
40,0.48982795647762634,1.4074228900825048,1.5949713871926259,111.1174026380583,3.963399887084961
41,0.48806187036785925,1.4645273371520984,1.2358803262891964,112.16392838143592,1.9259999990463257
42,0.5287965570989601,1.5147595854360802,1.4192231193662912,113.2030338703976,2.883500099182129
43,0.4966539017708914,1.3799009737353871,1.3748007104104965,114.23455501814092,0.9930999875068665
44,0.44232925842997556,1.279791648889856,1.396916134828388,115.25832893551889,1.4735000133514404
45,0.5680182615401905,1.484704005943489,1.4748074411587873,116.27419395676199,1.5819000005722046
46,0.6112027504930838,1.265644246945468,1.7764027828481506,117.28198966500705,2.8761000633239746
47,0.6639738019771643,1.3295452108173842,1.6461907100502366,118.28155691762903,0.39480000734329224
48,0.7577084249566093,1.2347009207875226,1.7741837394357407,119.27273787137139,0.6990000009536743
49,0.6496607016958504,1.057895473892094,1.5269051477496902,120.25537600727141,4.777200222015381
50,0.6881023001492181,1.1167540937321068,1.5087699496439289,121.2293161553763,4.546800136566162
51,0.7694241243876946,1.2580273808505855,1.8118110267743985,122.1944045192464,0.5480999946594238
52,0.6341559810685515,1.0955694306809813,1.5604153116041017,123.15048870024145,3.380500078201294
53,0.6769997954538269,0.8860022099330443,1.5381110646044334,124.09741772158591,0.5407999753952026
54,0.8448855869676257,0.8657071663981369,1.8228672178881444,125.03504205221024,4.097599983215332
55,1.0809216430120374,0.9020819639391999,1.9116686250691453,125.9632136303633,2.2151999473571777
56,0.8566892019959278,0.9565281568223901,1.5463716564813241,126.8817858869932,4.4618000984191895
57,0.9145221555652779,0.8121618487390184,1.641697233225163,127.7906137688922,5.353300094604492
58,1.0685595865607194,0.8422481234848875,1.8652801510924475,128.6895537616023,1.9844000339508057
59,1.0369614890192567,0.8324965082446387,1.6217804161407805,129.57846391207772,0.682699978351593
60,1.0479815803279848,0.6577564041328361,1.3765719598369401,130.45720385110127,1.1146999597549438
61,0.9312904890008079,0.640455407473977,1.5034281629590152,131.3256348154498,0.7240999937057495
62,1.1088011014387738,0.30999629402079765,1.2134331351276737,132.18361966980686,2.425299882888794
63,1.082090048700674,0.511598691606422,1.4707924508044252,133.03102292841794,0.9531999826431274
64,1.1181633984563009,0.36027389552800576,1.564364228353387,133.867710776485,4.209700107574463
65,1.1145694481899047,0.23052744026673958,1.1333513089099314,134.69355109129776,4.812300205230713
66,1.0992023635165635,0.187892909273132,1.0458802561582259,135.50841346309699,5.948500156402588
67,1.2186638629091784,0.3289218104516336,1.348955835563584,136.31216921566798,0.7810999751091003
68,1.3038020745962333,0.2517351576684988,1.0749111736967827,137.10469142666,1.1633000373840332
69,1.2433046327579806,0.05983797127340707,0.876327640953425,137.88585494762876,2.390199899673462
70,1.292654928311181,0.048215585315805616,1.1045527571865914,138.6555364237987,1.0654000043869019
71,1.211293816886157,0.09760852559165518,0.868637987200705,139.41361431354233,0.3028999865055084
72,1.167113551169528,0.0023342947767250005,0.6115403275823658,140.15996890757293,3.0095999240875244
73,1.4431846136856192,0.07667993868195026,0.6919606265728196,140.8944823478481,2.8236000537872314
74,1.4708089366490638,-0.24822429845695282,0.7034949419518454,141.6170386461809,5.540500164031982
75,1.3901351111444138,-0.04837116436105444,0.8685020969413063,142.32752370255562,6.249300003051758
76,1.4547862925280581,-0.32143558020040963,0.35021426013721035,143.02582532314568,4.612100124359131
77,1.3792989194562693,-0.37308181871583496,0.5621525357467361,143.71183323803024,3.9823999404907227
78,1.5782336121300955,-0.17076272820520874,0.43106965832676186,144.38543911860705,3.861999988555908
79,1.3130797445350757,-0.46709323477359393,0.07257149469615419,145.04653659469895,5.635499954223633
80,1.5318897642304572,-0.4718632712293855,0.03352130155186895,145.6950212713507,1.5317000150680542
81,1.4675729084370195,-0.4252530725797107,-0.055949627851116485,146.3307907453144,2.9337000846862793
82,1.4504249904273292,-0.3738147892057043,-0.019611476569247478,146.95374462122004,2.065000057220459
83,1.4328400223979825,-0.4969239338197672,-0.40484461500004815,147.56378452742916,1.1871999502182007
84,1.6699265747027148,-0.5573513405870573,-0.03865363590020415,148.16081413156866,1.024399995803833
85,1.583443449467023,-0.5251693397905278,-0.6122819601920412,148.74473915574316,5.777500152587891
86,1.6145285137258443,-0.4342840283898773,-0.5143370854703975,149.3154673914222,2.882200002670288
87,1.585687897349435,-0.5949468826219568,-0.08893057916499995,149.8729087140013,4.368800163269043
88,1.7223888360042336,-0.80171940227315,-0.6179734525163346,150.41697509703357,3.9869000911712646
89,1.5890195680715962,-0.7096524296473881,-0.8387042074309816,150.9475806261301,5.089600086212158
90,1.6541114630822626,-0.6321601359871587,-0.6170605530368871,151.4646415125269,0.7936999797821045
91,1.687452949912427,-0.8561958763166773,-0.5495716136551378,151.968076106316,3.6273999214172363
92,1.7122785827884042,-0.6589703011839354,-0.8806837887031167,152.45780490933905,2.803800106048584
93,1.6394946560492596,-0.8449860657852155,-0.5987485900624493,152.93375058774097,2.152899980545044
94,1.78443090348607,-0.9649746732714565,-0.7538737784172893,153.39583798418175,4.09119987487793
95,1.6532804025063341,-0.6469783245043779,-0.8516796685743552,153.84399412970487,4.251800060272217
96,1.6348299680671547,-0.7046522802591605,-0.8165635669627783,154.27814825525974,0.9355999827384949
97,1.7097344107524877,-0.8369592166989158,-0.7332499985076817,154.69823180287702,5.906599998474121
98,1.5814044087467374,-0.6342441851042877,-0.8129594082067761,155.1041784364948,5.892899990081787
99,1.6373106495668959,-0.9634398551090297,-0.8325835602186263,155.4959240524338,3.03629994392395
100,1.830005874024074,-1.0604635116656627,-1.4078557304108137,155.87340678951992,4.975299835205078
101,1.4924559696896897,-0.6278012258074139,-0.5154022583705599,156.2365670388531,1.215399980545044
102,1.6003365684744013,-0.6856159366239588,-0.5365776510846739,156.5853474532201,3.293100118637085
103,1.598918717312408,-0.833905994415537,-0.8850647479693765,156.91969295615024,6.24459981918335
104,1.545487613944373,-0.9046203581009423,-1.0030552925174254,157.23955075061284,5.892600059509277
105,1.6069239723882864,-0.7785858737511345,-1.0324592885050423,157.54487032735418,3.1851999759674072
106,1.719076437583277,-0.9515543963053278,-1.1474509461607418,157.83560347287371,0.9157999753952026
107,1.8329281714607588,-1.0280119962129282,-0.9749172671997313,158.11170427703752,3.112799882888794
108,1.526344275557989,-0.9401957855455143,-0.9294465014068176,158.37312914032793,2.150099992752075
109,1.6119496208865713,-1.235673446893459,-1.2227478116909003,158.61983678072846,4.797500133514404
110,1.645619586558386,-0.9250533599430195,-1.119579370410269,158.85178824024285,2.2304000854492188
111,1.7538053187643323,-0.7644387925515703,-0.8230053467428873,159.06894689104672,4.632699966430664
112,1.5722009197763538,-1.177549211476622,-1.3892429366239547,159.27127844127176,5.851500034332275
113,1.3634537609100124,-0.8312100465284659,-1.317390583662244,159.45875094042066,3.139899969100952
114,1.52461735499825,-1.0359562788249035,-1.2688019075385546,159.63133478441256,3.3015999794006348
115,1.5782475685277213,-1.1824276980399773,-1.1047735725423733,159.78900272025783,1.1660000085830688
116,1.6114891479956848,-0.9351622972192187,-1.2313453554791214,159.93172985036165,0.5002999901771545
117,1.7198753752717209,-0.8513896674541593,-1.1834887110834724,160.05949363645567,2.6047000885009766
118,1.590334151414392,-0.995214990834876,-0.9858575489273732,160.17227390315696,0.36419999599456787
119,1.8147490344466937,-1.2055483767914759,-1.3466979567477704,160.27005284115398,2.004199981689453
120,1.8478995847204063,-0.9668727631468603,-1.0267460079654478,160.352815010019,0.7972000241279602
121,1.5555827706081806,-0.8600275545743857,-0.8086327205386437,160.42054734064607,3.135999917984009
122,1.6775951168147014,-1.120614870459135,-1.3867106549790977,160.4732391373151,5.562399864196777
123,1.5068191729435505,-0.8265691796838813,-0.8427370386202284,160.51088207938048,2.625200033187866
124,1.7994247072726899,-1.0599914500722953,-1.410069027017843,160.53347022258532,3.069200038909912
125,1.6998301969281808,-1.067847192018836,-1.547573255756367,160.541,2.5680999755859375
126,1.8088160050443105,-0.75113441458197,-1.2350169774540958,160.53347022258532,3.0278000831604004
127,1.6592506310815163,-0.799456517561878,-1.1231370098122886,160.51088207938048,5.994999885559082
128,1.721512562884697,-1.1023745896021224,-1.4214652932972343,160.4732391373151,4.167900085449219
129,1.753987986884079,-1.083659412388339,-0.9536172730936245,160.42054734064607,4.3480000495910645
130,1.6337768193635445,-0.9243747483134946,-0.9629645131814213,160.352815010019,1.7246999740600586
131,1.6694816382685442,-0.9781807090926883,-1.132909448664972,160.27005284115398,1.277400016784668
132,1.604788490457224,-0.9179804989460384,-1.0423509108243336,160.17227390315696,1.649399995803833
133,1.514861394562808,-1.0265666640082252,-1.2891700400909145,160.05949363645567,2.0596001148223877
134,1.615638012362604,-0.9174789414592459,-0.9063040587456778,159.93172985036165,5.2708001136779785
135,1.6184093158581043,-1.101174271134789,-1.0967683811228732,159.78900272025783,0.6686999797821045
136,1.5313365105147447,-0.9701071403646014,-0.9548244886673455,159.63133478441256,2.0025999546051025
137,1.7505321098384232,-1.0061437964472075,-1.313227083184223,159.45875094042066,5.77400016784668
138,1.6907667231151768,-0.7958558363913321,-1.216275578270377,159.27127844127176,5.496200084686279
139,1.6326731685055464,-0.7711040600153869,-0.8359109946722737,159.06894689104675,4.503799915313721
140,1.6086253609162475,-0.9183198460043461,-1.145713334947054,158.85178824024285,1.6567000150680542
141,1.621270627057192,-0.7672952984225004,-1.0788191643433067,158.61983678072846,1.2344000339508057
142,1.5233363078877902,-0.9748915709268252,-0.7563296462417143,158.37312914032793,2.4200000762939453
143,1.7284481385793051,-1.0792763593164265,-1.1666409463170653,158.11170427703752,4.616499900817871
144,1.73809980998017,-0.9863345826544596,-0.7412174645008794,157.83560347287374,4.4816999435424805
145,1.8269005068225836,-0.975109580425732,-1.0934983564989846,157.54487032735418,5.8155999183654785
146,1.7227386965233458,-0.9345409160571377,-0.9342741728564836,157.23955075061284,0.7602999806404114
147,1.5604287300586361,-0.8178313796577008,-1.1263488784953228,156.91969295615027,0.3319999873638153
148,1.3981328251249006,-0.8791294039489752,-1.1176892979686472,156.5853474532201,3.517899990081787
149,1.4248077263057108,-0.6465415188600763,-0.8507483249996111,156.2365670388531,2.2121999263763428
150,1.5434229049681178,-0.7075304881466884,-0.6455396023808501,155.87340678951995,5.3649001121521
151,1.5989989461752103,-0.634952653716816,-0.7460759971526897,155.4959240524338,3.90939998626709
152,1.5602363435822286,-0.8406174812610857,-0.7244409719094811,155.1041784364948,2.422800064086914
153,1.6265914031478892,-0.8856176287546392,-0.9558568473979953,154.69823180287702,5.903500080108643
154,1.6109253902431817,-0.741425434917468,-0.7332398967916365,154.27814825525974,6.0131001472473145
155,1.6270238839588451,-0.5829136171212601,-0.5997455615708343,153.84399412970487,1.157099962234497
156,1.678243376525552,-0.8410571479086524,-0.7541007801864544,153.39583798418175,2.8373000621795654
157,1.4637283254547198,-0.7660731577619798,-0.5781810526656725,152.93375058774097,4.423600196838379
158,1.4111098489277305,-0.777333209242191,-0.5338685987794444,152.45780490933905,0.6044999957084656
159,1.5915895971164156,-0.9513952690683455,-0.8072516888827362,151.968076106316,5.314199924468994
160,1.3734131179939242,-0.4229442839667497,-0.12910202614621882,151.4646415125269,1.0615999698638916
161,1.4913610230287542,-0.43549089731968355,-0.1650648880568246,150.94758062613013,3.19320011138916
162,1.5298518057406436,-0.5087525735885278,-0.2008844975665737,150.4169750970336,4.2932000160217285
163,1.4066336875855097,-0.4393754653916972,-0.14103059159324657,149.8729087140013,5.400000095367432
164,1.5498769129976542,-0.49833758416812474,-0.18018514158808935,149.3154673914222,5.69980001449585
165,1.6421049331657676,-0.46945271535377026,-0.3067319356283096,148.74473915574316,4.76609992980957
166,1.4545749749932924,-0.5729571780705337,-0.13333930688742815,148.16081413156866,3.149899959564209
167,1.5418240716828189,-0.4005758472507727,-0.11679550611461095,147.56378452742916,3.6760001182556152
168,1.5619114041233584,-0.5420033801144458,0.10813835118881003,146.95374462122004,1.5848000049591064
169,1.540874222647431,-0.14052220799967105,0.34088730406066986,146.33079074531437,5.14169979095459
170,1.6391133203087391,-0.38357693549930216,0.06750289993217327,145.6950212713507,2.3361001014709473
171,1.521506694585706,-0.33825863578212134,0.33063317892065597,145.04653659469895,5.613699913024902
172,1.2684855369816532,-0.046160425255993225,0.6241447858857184,144.38543911860708,1.4631999731063843
173,1.3752055134039314,-0.041037626795978485,0.28060500586992265,143.71183323803027,3.9493000507354736
174,1.2064068498614218,-0.005512470288071118,0.7009320853529774,143.02582532314568,0.4011000096797943
175,1.3124036569009252,0.10608438961310541,0.663305053384896,142.32752370255562,3.025899887084961
176,1.2381881382367683,0.15755188384368118,0.8246475167210562,141.61703864618093,3.2274999618530273
177,1.3769218569394361,0.014772120585019994,0.6736195189953307,140.8944823478481,1.503499984741211
178,1.4070002440776903,0.21861434598213667,1.104455308957886,140.15996890757293,0.39250001311302185
179,1.1693205029803355,0.2188854841591899,0.9258866083692948,139.41361431354233,3.653599977493286
180,1.2948417598052084,0.18326213766299332,1.2453707884805914,138.6555364237987,4.606200218200684
181,1.3051349781773436,0.3343444542295484,1.0673564498552175,137.88585494762873,1.5108000040054321
182,1.3161097365649528,0.24056052465698263,1.3431715402872022,137.10469142666005,3.9110000133514404
183,1.0736380651102568,0.36056186275613433,1.345616394781204,136.312169215668,0.9023000001907349
184,1.160688577942655,0.30820688641006533,1.31905306362338,135.50841346309699,4.77370023727417
185,1.0942305748403394,0.5926563330700954,1.2614197994121379,134.6935510912978,1.3916000127792358
186,1.0489189239160908,0.67137362417372,1.1474367479104486,133.86771077648504,0.5054000020027161
187,1.0252612780189534,0.6412771339732679,1.3636472955331471,133.03102292841788,4.334400177001953
188,1.0071172713699417,0.6840406687303185,1.525455157802143,132.18361966980686,4.757999897003174
189,1.1482049757905055,0.6456164415375625,1.5984865860490043,131.32563481544977,3.252000093460083
190,0.9321695764924967,0.6473357564766465,1.421816512869809,130.45720385110124,6.021200180053711
191,0.8931738079419071,0.9041450591612141,1.5375347517980946,129.57846391207778,0.9686999917030334
192,1.0747656853430294,1.0168160902609986,1.774215712394246,128.6895537616023,3.9639999866485596
193,0.8264212084630858,0.8754085512153322,1.722407516665147,127.7906137688922,3.7204999923706055
194,0.695502619281256,0.9710235389165854,1.538415404259848,126.88178588699323,0.8655999898910522
195,0.8578224460628809,1.2211611076864743,2.0174622306363372,125.96321363036331,0.2985000014305115
196,0.7821483319634204,1.0276572889648046,1.6727874005722843,125.03504205221026,5.858399868011475
197,0.8608450462320962,1.1522096929594596,2.03968528985416,124.09741772158596,0.620199978351593
198,0.7396776876732218,1.1647910051459323,1.6081875876065173,123.15048870024143,4.832900047302246
199,0.6558612563274879,1.1525759064311458,1.8333913397377244,122.1944045192464,3.430500030517578
200,0.6430380673454813,1.1186566672542702,1.7440909541190948,121.2293161553763,4.274899959564209
201,0.7117393721332854,1.1541465141983227,1.6286078674677444,120.25537600727141,1.1921000480651855
202,0.7386901938636994,1.3528524632550067,1.8263899177045884,119.27273787137139,0.04349999874830246
203,0.5528670815487972,1.3136778546099737,1.4267571326241575,118.28155691762905,2.38319993019104
204,0.48391093118708706,1.3228560250202213,1.5344049972325011,117.28198966500706,4.082300186157227
205,0.419260395474027,1.3474092097416184,1.4162420499252906,116.27419395676199,0.7160999774932861
206,0.3727393302225568,1.338625046996078,1.3560183998271613,115.25832893551893,5.642899990081787
207,0.5021079277218715,1.4862382328939154,1.4080120082617678,114.23455501814095,3.3966000080108643
208,0.49682658322832385,1.5324079607419387,1.2948613939685376,113.20303387039759,1.8716000318527222
209,0.4581699349633919,1.5491770723293918,1.4055590346437585,112.16392838143594,4.594799995422363
210,0.3719947758313619,1.2528183121446272,1.1328000808775172,111.11740263805828,4.711900234222412
211,0.3139449761417154,1.4911493759409762,1.257996440849805,110.06362189881126,0.6876000165939331
212,0.17057435807027332,1.4973759811177634,1.0186876582272948,109.00275256788944,0.967199981212616
213,0.18111455497822662,1.421202860346177,0.8238295869692318,107.93496216885812,5.869800090789795
214,0.19911720017030937,1.4714799449840439,0.8536845788944898,106.86041931819952,3.6784000396728516
215,0.1638215477454771,1.7263620349253295,0.787922430991426,105.77929369868632,2.882699966430664
216,0.258044848647834,1.578961139758034,0.9414670588347247,104.69175603258655,4.125899791717529
217,0.19414333707085588,1.5543280113420115,0.9747584121975562,103.59797805470488,5.371799945831299
218,0.06348242549442801,1.5891603288383973,0.6914845818891437,102.49813248526354,4.266900062561035
219,0.09256207830768487,1.6878242189520758,0.6909168438000662,101.39239300262761,4.265900135040283
220,-0.011313120112082988,1.606698914203876,0.63591550688158,100.28093421587967,5.101099967956543
221,0.07316043122389103,1.570609795156184,0.596040437469676,99.1639316372466,5.150199890136719
222,0.055289838343668046,1.6564912998558163,0.5246833396918555,98.04156165438417,6.012599945068359
223,0.04698017163814402,1.7476155902565083,0.3916947451835028,96.91400150252366,4.135900020599365
224,-0.018630927341888637,1.6058667452527913,0.581652206908442,95.78142923648417,4.15310001373291
225,-0.08949148181418462,1.6451841603294888,0.46739292545120603,94.64402370255563,4.142300128936768
226,-0.07667146313389438,1.7855660360532517,0.2370511690424175,93.5019645102571,0.03590000048279762
227,-0.0827624239461914,1.715519527832159,0.05398183534705285,92.35543200397424,2.065000057220459
228,-0.13454461145880015,1.6675554218884079,-0.009231577311184718,91.20460723448079,4.592599868774414
229,-0.23569885039617192,1.6603403476463805,-0.15209179877676923,90.04967193034862,5.0524001121521
230,-0.21862020468255175,1.609527059898503,-0.14796625773850153,88.89080846925071,1.6684999465942383
231,-0.24032983124101354,1.7133239171361623,-0.14315001330671404,87.72819984916156,3.8912999629974365
232,-0.21955635395039963,1.7282301665796491,-0.17395163881756084,86.56202965945963,2.6586999893188477
233,-0.24495367117179964,1.6306937960642733,-0.18466261989480506,85.39248205193661,1.7726000547409058
234,-0.35666258753790187,1.4049430510716305,-0.29437260102417645,84.21974171171746,4.55620002746582
235,-0.34824313548894675,1.5937612191374275,-0.47961402892053895,83.0439938280968,2.89490008354187
236,-0.3172080033030833,1.5408474368194103,-0.6593227991963397,81.86542406529519,1.9127000570297241
237,-0.3609911802596319,1.6531972880621948,-0.5976416820411777,80.6842185331405,2.246799945831299
238,-0.33624062776019925,1.4643933914971823,-0.5721773295499731,79.50056375767926,0.6226999759674072
239,-0.4097911393229648,1.4704734583383618,-0.5094034228274218,78.31464665172193,4.917200088500977
240,-0.4442617612575087,1.4911022823345428,-0.7103867325185761,77.12665448532704,4.685699939727783
241,-0.45179401527706603,1.296935171151206,-0.8359153716203273,75.9367748562293,5.384799957275391
242,-0.48038686415550813,1.271300697749773,-0.7158289276184903,74.74519566021583,3.7228000164031982
243,-0.49409879276955754,1.2222249774218434,-0.924881880237059,73.55210506145472,1.1878999471664429
244,-0.48744054189968566,1.1199965006412227,-0.8882370325693602,72.35769146278236,1.368299961090088
245,-0.5391084862791922,1.2454002961988855,-0.7667133842245711,71.16214347595205,3.022200107574463
246,-0.5183112280906039,1.3235634605177407,-1.0933450803415525,69.9656498918501,1.1055999994277954
247,-0.5475727824377217,1.1255292247494486,-1.2647841722475228,68.76839965068365,5.384399890899658
248,-0.5297740592961355,1.2900427375140484,-1.1158458713115758,67.57058181214481,1.7275999784469604
249,-0.5229015990247485,1.165691961544135,-1.0174684466905857,66.37238552555571,0.6820999979972839
250,-0.5567114722022286,1.1779490449350063,-1.1285134512553043,65.17400000000002,4.352799892425537
251,-0.5876962786977803,1.2013491723858953,-1.285273075728707,63.97561447444432,1.1993000507354736
252,-0.6069748621294844,1.076228245542801,-1.3838781413834862,62.77741818785523,0.5914000272750854
253,-0.6382499945455997,0.9908068450876657,-1.127707844475925,61.57960034931634,1.080299973487854
254,-0.6634219716909845,1.0730516905367091,-1.4004366278961833,60.382350108149936,0.23340000212192535
255,-0.6188386302760167,1.0771472400837943,-1.2167511336887213,59.18585652404798,1.4706000089645386
256,-0.6320217935929338,0.9739407086123594,-1.4134866052641877,57.99030853721764,1.8514000177383423
257,-0.6391216770512276,1.042694406127164,-1.4879465191123935,56.79589493854531,1.03410005569458
258,-0.6640889390462438,0.8990589098828005,-1.31396145297228,55.602804339784214,6.276800155639648
259,-0.6811921352491201,0.8693862651698647,-1.3907064034723153,54.41122514377068,1.1857999563217163
260,-0.6906773223059012,0.8916826610168787,-1.450799987605153,53.22134551467304,3.2147998809814453
261,-0.6892024710532998,0.8980430100960662,-1.3935761911891045,52.033353348278155,0.9878000020980835
262,-0.6658587967787629,0.8018454762103969,-1.2927434422218649,50.84743624232074,3.6070001125335693
263,-0.706613305499002,0.8609770967202468,-1.6730576599672629,49.66378146685955,3.228600025177002
264,-0.6856541240273525,0.765731347489518,-1.3764516148610488,48.482575934704855,4.7519001960754395
265,-0.7128024092349192,0.7616828075802695,-1.3607153229592064,47.3040061719032,3.9702000617980957
266,-0.7562371209816988,0.7530725512409181,-1.2208930899418402,46.12825828828257,3.1624999046325684
267,-0.750508919660719,0.7098841243327151,-1.4668558266866845,44.95551794806343,2.915299892425537
268,-0.7208292662696295,0.6585367329469012,-1.3753422854448787,43.78597034054037,4.305699825286865
269,-0.6924611992728715,0.6600467083184838,-1.4230494507205038,42.619800150838486,4.670199871063232
270,-0.7917268876278232,0.5404430691437524,-1.263441689764432,41.45719153074932,4.740499973297119
271,-0.748086956785678,0.64461199325258,-1.3312737659367049,40.29832806965142,1.728700041770935
272,-0.7439743393639578,0.5200603051947242,-1.3677690066768058,39.14339276551925,1.503499984741211
273,-0.7700229466702614,0.46661684621309796,-1.4953279301462452,37.992567996025784,4.138299942016602
274,-0.7910075043276499,0.4211211466028892,-1.1152019980064984,36.8460354897429,4.702400207519531
275,-0.7760046149369058,0.4175575509970504,-1.4037747766310766,35.703976297444406,5.658999919891357
276,-0.8304408433299786,0.4052896628735629,-1.3513078599223272,34.566570763515855,2.2697999477386475
277,-0.838073806076915,0.30427804895327437,-1.43565347241713,33.43399849747633,0.5160999894142151
278,-0.7466234623463188,0.19097216266396977,-1.2283929393543902,32.30643834561586,1.2599999904632568
279,-0.799782759537048,0.2493309035982219,-1.2108948129316712,31.184068362753436,3.5095999240875244
280,-0.7573960086866715,0.22316850572704436,-1.1628842743322152,30.067065784120324,4.396699905395508
281,-0.7898020347255292,0.16599718667118252,-1.0616011910741905,28.955606997372435,1.215000033378601
282,-0.8564745707671673,0.13705646221305703,-1.0825915738316911,27.849867514736545,0.34470000863075256
283,-0.7922507269943824,0.1715246348492852,-1.1617342260822168,26.750021945295117,4.2758002281188965
284,-0.8166362385863363,-0.03451567382514704,-1.1817712668915907,25.65624396741348,2.382499933242798
285,-0.8249164609059778,-0.02026957406287127,-1.1329789007057047,24.568706301313718,5.00029993057251
286,-0.8443876347207142,-0.03518609984755143,-1.1379259502337329,23.487580681800473,5.110799789428711
287,-0.8140970114198232,0.03177650028978161,-0.6260684703510491,22.413037831141914,4.472499847412109
288,-0.849642862658168,-0.10613989326416531,-0.8772449174691087,21.345247432110583,4.916500091552734
289,-0.8273353100442734,-0.11944231670973682,-0.9815021580393708,20.284378101188736,0.12790000438690186
290,-0.8204994006584734,-0.02448434841641178,-1.0024926176544737,19.230597361941754,5.643400192260742
291,-0.807188937262792,-0.15627563870892328,-0.8849147635431922,18.184071618564097,4.565400123596191
292,-0.8973891917096525,-0.1926588451383466,-0.8183607326023086,17.144966129602402,4.554900169372559
293,-0.8108646584863926,-0.23576167776097764,-0.8306539544409671,16.11344498185911,3.2551000118255615
294,-0.8260047403377986,-0.1605227673744961,-0.8115966451816213,15.089671064481102,0.6233000159263611
295,-0.8540311508159352,-0.23875992377351496,-0.6464243177371455,14.073806043238022,2.181999921798706
296,-0.8863318167819617,-0.36015678834620324,-0.6980494804962081,13.066010334992974,1.121000051498413
297,-0.8776691137408013,-0.33431693738981066,-0.6215413613724928,12.06644308237098,3.7404000759124756
298,-0.8243567219345692,-0.31687920128231345,-0.505677401141634,11.075262128628616,3.3513998985290527
299,-0.8571655904973564,-0.3887860701863405,-0.6053393397952308,10.092623992728626,1.6088999509811401
300,-0.841546864058953,-0.39191118833410404,-0.5076609177139311,9.118683844623732,5.133299827575684
301,-0.8782219340908697,-0.44862896042463235,-0.522373008970882,8.153595480753609,0.3206999897956848
302,-0.8750581466345637,-0.48011109515392,-0.35848318336643664,7.197511299758602,2.6700000762939453
303,-0.902360842985018,-0.6139208514223369,-0.2589312705303096,6.2505822784141145,2.968100070953369
304,-0.8867513729311176,-0.5502249008553561,-0.3449661332796483,5.3129579477897835,4.380000114440918
305,-0.8857620476370096,-0.5928979016301783,-0.38331799049813214,4.384786369636721,0.17170000076293945
306,-0.8471356857999577,-0.5880319605312768,-0.3125772533558214,3.4662141130068065,0.19169999659061432
307,-0.8984807098426879,-0.6451835318255492,-0.15691547770846948,2.557386231107799,3.728100061416626
308,-0.8969500604175502,-0.6607576202942363,-0.20201981617496503,1.6584462383977439,1.648300051689148
309,-0.8541175281901207,-0.579539066519486,-0.19410315792208369,0.7695360879222761,0.361299991607666
310,-0.8875750283222751,-0.7086340444119658,0.018351842373476816,359.89079614889874,1.0022000074386597
311,-0.9174499858817364,-0.6702506598392366,-0.022692995677894918,359.02236518455027,2.2492001056671143
312,-0.886928080974216,-0.7172482329135833,-0.16824082828618425,358.1643803301932,0.6187000274658203
313,-0.8777587031908068,-0.7054513226865348,-0.06624061613623969,357.3169770715821,5.183599948883057
314,-0.8773233611387625,-0.835498917225326,0.13756098639331074,356.480289223515,1.5443999767303467
315,-0.9087384876630317,-0.8181052614341664,-0.003951067158042926,355.65444890870225,2.539099931716919
316,-0.8690931102868125,-0.7043142252736391,0.09933197039627988,354.839586536903,2.800299882888794
317,-0.8640579134845429,-0.7487829613861873,0.0739582059634457,354.035830784332,4.451600074768066
318,-0.9063541800525385,-0.9362183305880214,0.38372348918669,353.24330857334,3.781599998474121
319,-0.8689227759835194,-0.7576250687154792,0.35939886585583664,352.4621450523713,3.1705000400543213
320,-0.8987152737181182,-0.8382905530755494,0.31627926405026796,351.6924635762013,3.1619999408721924
321,-0.8560129938706329,-0.970073870441694,0.435512368039768,350.93438568645774,3.213099956512451
322,-0.848639988933867,-0.973936287484874,0.4253820171542061,350.1880310924271,4.838099956512451
323,-0.822291872221735,-1.0197581880015798,0.4458569420200088,349.4535176521519,2.2146999835968018
324,-0.8913028324533872,-0.9410529386590876,0.3642794294663626,348.7309613538191,5.389999866485596
325,-0.8310576010516701,-0.9816692311504814,0.6650914220503583,348.0204762974444,4.356900215148926
326,-0.8421762914508567,-0.9883512794599042,0.5376037801825223,347.32217467685433,4.493000030517578
327,-0.8720730445087411,-0.8831715121519593,0.458011114885962,346.6361667619698,2.0153000354766846
328,-0.8551981630319802,-0.937711628320866,0.5008503290590806,345.96256088139296,5.222499847412109
329,-0.8936924420753789,-0.9389880412153849,0.5253385270906236,345.3014634053011,1.5430999994277954
330,-0.9101069895888836,-0.9558051316568624,0.49164349593551004,344.6529787286494,3.637500047683716
331,-0.893481806561441,-1.044074682415001,0.6169290787869691,344.01720925468567,3.1040000915527344
332,-0.8476324432485857,-1.136104630413508,0.7989203627179235,343.3942553787799,2.1445000171661377
333,-0.8534138247107977,-1.0945979940884507,0.638343118019185,342.7842154725709,3.197700023651123
334,-0.8940607364633261,-1.0662327666243492,0.5567215898625261,342.18718586843136,0.33709999918937683
335,-0.8777687381490392,-1.1418066674029428,0.7013740821478875,341.60326084425685,3.666800022125244
336,-0.8622624165841319,-1.0982724474587462,0.7199852130306826,341.0325326085778,2.1696999073028564
337,-0.8585997883082829,-1.0678148586127139,0.7332039683282862,340.4750912859987,2.7720000743865967
338,-0.8406544944584499,-1.0428677967058462,0.8574749344406717,339.93102490296644,2.0434999465942383
339,-0.8690731578240994,-1.0094316975839923,0.8073706838693286,339.4004193738699,5.901599884033203
340,-0.8184788331477744,-1.0220134054145078,0.7747267578849588,338.8833584874731,3.4660000801086426
341,-0.8317171074463761,-1.0643199704669788,0.74369072490926,338.379923893684,5.944499969482422
342,-0.8827470009337285,-1.0799466836312537,0.6818379938067722,337.890195090661,2.5755999088287354
343,-0.8320722225531374,-1.0882547846393584,0.7177207819679505,337.41424941225904,5.885900020599365
344,-0.9006769784986283,-1.2588632855090618,0.9070498627443639,336.95216201581826,1.9753999710083008
345,-0.8889623675738377,-1.1573216216425846,0.8739784898323596,336.50400587029515,3.751699924468994
346,-0.8161129062813315,-1.183305064784042,1.0348531041509348,336.0698517447403,3.374799966812134
347,-0.8905806311157959,-1.0896874299278474,0.8637161198433047,335.64976819712297,4.191699981689453
348,-0.8472837677009836,-1.209903085959155,1.0619408468678033,335.2438215635052,1.2825000286102295
349,-0.8376838552475371,-1.1004560927794425,0.9619834112411159,334.8520759475662,3.0288000106811523
350,-0.8576049248109451,-1.1317263229879353,0.9643286029424643,334.47459321048007,3.878999948501587
351,-0.8614143349564164,-1.1305290563573671,1.0343113388134575,334.1114329611469,5.469799995422363
352,-0.8511858081559484,-1.0719942238610463,1.0212430877900176,333.7626525467799,3.949199914932251
353,-0.8506219969873013,-1.1116556981209387,0.9320864141586259,333.4283070438497,4.430200099945068
354,-0.8507024881620721,-1.1825512575641313,1.0141068269278792,333.10844924938715,5.531799793243408
355,-0.8512185258856294,-1.098039542728935,0.9697509225725115,332.80312967264587,1.777899980545044
356,-0.8165969365486387,-1.121908402571335,1.0724336961563488,332.51239652712627,0.2632000148296356
357,-0.8116821861770248,-1.1877811800725109,1.114319902150743,332.2362957229625,4.018199920654297
358,-0.8211455319192872,-1.144928081930695,1.0934802198421334,331.97487085967214,0.006500000134110451
359,-0.8265128878427253,-1.196863205146816,1.1221679849679373,331.72816321927155,1.5098999738693237
360,-0.8219809465819372,-1.1576513893434341,0.9453820653216022,331.49621175975716,6.207600116729736
361,-0.8770294982169698,-1.1856454117059727,1.015805542790651,331.2790531089533,2.40339994430542
362,-0.8363185554251719,-1.2692552947195972,1.1245442713679008,331.07672155872825,3.6182000637054443
363,-0.8592998406076596,-1.2996826320027748,1.1528274964860223,330.88924905957936,3.0165998935699463
364,-0.8019577223759657,-1.22649678453609,1.0992110841589835,330.71666521558745,6.2093000411987305
365,-0.8977759365121667,-1.1065374269561987,0.9817560162434038,330.5589972797422,5.604100227355957
366,-0.857379457946151,-1.1895161782055033,0.9703368467213511,330.41627014963836,1.7870999574661255
367,-0.8151698314890976,-1.1237006045672628,1.0979934883965285,330.28850636354434,0.16459999978542328
368,-0.8336875617040379,-1.1607846594632942,1.0445294665626623,330.17572609684305,5.1691999435424805
369,-0.8293679353782707,-1.1799670728096807,1.0415053366224905,330.07794715884603,3.924299955368042
370,-0.8449929015607299,-1.0898493994957879,0.9565225251616891,329.995184989981,1.0788999795913696
371,-0.8014160963654181,-1.2659861592087223,1.1347760110480065,329.92745265935395,1.6359000205993652
372,-0.8189977646585195,-1.1236469097839903,1.1123280453038102,329.8747608626849,5.138500213623047
373,-0.8151504314832231,-1.0590752077005985,1.04578782207517,329.83711792061956,5.420400142669678
374,-0.8051760200960731,-1.070808670244882,1.0281528181070798,329.8145297774147,6.185699939727783
375,-0.8124659687749098,-1.1547074825934125,1.1407662374112,329.807,5.171599864959717
376,-0.8374593111420103,-1.1208980077435202,1.1441293122401242,329.8145297774147,2.218600034713745
377,-0.8622505575160218,-1.207310813345253,1.2304302923726802,329.83711792061956,1.7222000360488892
378,-0.7463930744472513,-1.1325731426362209,1.2745331053310567,329.8747608626849,4.663700103759766
379,-0.8215352701674207,-1.1867034390270712,1.1486861636319117,329.9274526593539,4.917600154876709
380,-0.8151260075407754,-1.162466006931118,1.053320155651344,329.995184989981,3.456899881362915
381,-0.8318112873733721,-1.1220174019655942,0.965323077603852,330.07794715884603,4.548299789428711
382,-0.8728621272669654,-1.106241929250528,1.007485389920658,330.17572609684305,4.471099853515625
383,-0.8212961085531151,-1.1670491255730395,1.1746849090808498,330.28850636354434,6.167399883270264
384,-0.8722175072834616,-1.1521573946353445,0.9741847779947919,330.41627014963836,0.6176999807357788
385,-0.8031687334588554,-1.2138421095338976,1.0618243909429428,330.5589972797422,1.2609000205993652
386,-0.857591770375676,-1.2675368718154123,0.9748987107765137,330.71666521558745,5.591100215911865
387,-0.8112619911924999,-1.155434656614728,0.9509828477214898,330.88924905957936,1.423699975013733
388,-0.8166068030380483,-1.1508834907162107,0.9860732632958962,331.07672155872825,5.258500099182129
389,-0.8554916056838541,-1.2077337824429457,1.0595062424467434,331.2790531089533,0.6830000281333923
390,-0.8827926961572212,-1.1673385955113693,1.06468290353205,331.49621175975716,4.815999984741211
391,-0.8307062226083686,-1.0787774476061391,0.9393394582511873,331.72816321927155,2.292099952697754
392,-0.8575768616249043,-1.2784498430604794,0.9937359462348485,331.9748708596721,0.18400000035762787
393,-0.8715489556093957,-1.1851283415394847,1.0682143951818104,332.2362957229625,2.022200107574463
394,-0.8514607299289979,-1.0188704336575967,0.9793634692576122,332.51239652712627,3.3738999366760254
395,-0.7995912826819965,-1.044751085507282,0.989333843972957,332.8031296726458,6.181600093841553
396,-0.812987266054887,-1.030742094017693,0.9576578106186997,333.10844924938715,0.349700003862381
397,-0.8078778115796309,-1.0955532357194386,0.8921962334012221,333.4283070438497,5.6118998527526855
398,-0.84242559635751,-1.1938370380727696,0.8690721906177186,333.7626525467799,4.340400218963623
399,-0.8830622164382494,-1.1538264933378173,0.8397529882349205,334.1114329611469,2.8777999877929688
400,-0.8620600758506207,-1.048415075802583,0.9031051477429889,334.47459321048007,2.637500047683716
401,-0.8550189300720434,-1.0590745808851898,0.87137539188223,334.8520759475662,2.5601000785827637
402,-0.878936017581163,-1.1148823920714737,0.9540695268334864,335.2438215635052,5.9868998527526855
403,-0.8783187902944491,-1.1606223845166368,1.208423240754926,335.64976819712297,3.1519999504089355
404,-0.8239059312548666,-1.0823133183559226,0.7896555432169045,336.0698517447403,4.190999984741211
405,-0.8412342629592775,-1.0363196631156883,0.9210120257302908,336.50400587029515,2.8238000869750977
406,-0.8844915200927687,-1.1418543287963399,0.8358678158293072,336.9521620158182,0.2619999945163727
407,-0.8883045270283056,-1.0385919409010365,0.7019723353435569,337.4142494122591,6.172299861907959
408,-0.8495798397328235,-1.0956045620097403,0.805176630887362,337.89019509066094,5.395500183105469
409,-0.8572953525514226,-1.0456267230402052,0.8566612080118525,338.379923893684,5.378499984741211
410,-0.8412574069687754,-1.0733347219437683,0.8748989164138535,338.8833584874731,5.1234002113342285
411,-0.8808283291955014,-1.0579779640133098,0.6975973700833007,339.4004193738699,1.142199993133545
412,-0.851907834497278,-1.1528112871034266,0.8799858304076079,339.9310249029664,0.8827999830245972
413,-0.8720601082252252,-1.1168162076240096,0.7664199625839521,340.4750912859987,2.8452000617980957
414,-0.8585381824103695,-1.1278694265914133,0.7380676685726959,341.0325326085778,6.004300117492676
415,-0.8390203869975523,-1.0241835433777795,0.6515172019243861,341.60326084425685,1.8187999725341797
416,-0.8646729356054162,-1.1061075930302422,0.616649712707477,342.18718586843136,6.088500022888184
417,-0.8485153013813576,-0.9191823339804662,0.6407088753673826,342.78421547257085,5.631100177764893
418,-0.8809913565553145,-0.9859657165288548,0.5916420854430715,343.39425537878,0.9236000180244446
419,-0.8665310028680605,-0.9855650167375404,0.47567542151425996,344.0172092546856,1.301300048828125
420,-0.8970472593102228,-0.8985705822200254,0.53931126372431,344.6529787286494,0.7856000065803528
421,-0.8922984066403435,-1.0270829471049214,0.6027382102429744,345.30146340530104,4.700799942016602
422,-0.8654918593267015,-0.8205940409065011,0.37017187209875796,345.96256088139296,2.0264999866485596
423,-0.8839052477198777,-0.9008388723570755,0.34939277663513696,346.6361667619698,0.3255999982357025
424,-0.8598799089985621,-0.8570897570535937,0.409019994310742,347.3221746768543,4.272500038146973
425,-0.858056232805214,-0.9020607142971676,0.5089823986821703,348.02047629744436,3.884999990463257
426,-0.8630133946995888,-0.8047437655150002,0.08959254950829922,348.7309613538191,5.070199966430664
427,-0.8808968137204082,-0.9709047504068771,0.34303203329207943,349.4535176521519,3.64739990234375
428,-0.847485626299717,-0.8686036199448154,0.35850627949512825,350.1880310924271,4.259500026702881
429,-0.8960413775474413,-0.6844066751542486,0.2700225888152673,350.9343856864577,6.021399974822998
430,-0.873939565130001,-0.8150282088758655,0.15637995873421154,351.69246357620125,0.24150000512599945
431,-0.8500255472556252,-0.8457140274803582,0.27434237572369985,352.4621450523713,1.8559999465942383
432,-0.8811902319888488,-0.8433597994632412,0.29416535720361686,353.24330857333996,4.951499938964844
433,-0.8725340726167388,-0.8026139429493054,0.14647093949656007,354.035830784332,4.795100212097168
434,-0.8611547095301973,-0.7143802020957456,0.19092499962281653,354.839586536903,0.3312999904155731
435,-0.8125291426974338,-0.8363611236014259,0.09464898692274924,355.65444890870225,5.603300094604492
436,-0.8667981062084045,-0.6377926463550647,0.07134872149831611,356.48028922351494,5.722899913787842
437,-0.8641316950421327,-0.7354177361380186,0.0557743725675053,357.3169770715821,0.2329999953508377
438,-0.8363904947694477,-0.6622269039871489,0.10236104072620912,358.1643803301932,4.083099842071533
439,-0.8929217026388824,-0.600322421283629,-0.2996911163504905,359.0223651845502,4.091800212860107
440,-0.9085324751934145,-0.6600762883802777,-0.084499833863811,359.8907961488988,1.4703999757766724
441,-0.8892068410335695,-0.6912174840622352,-0.20427362454907105,0.7695360879222477,2.7720999717712402
442,-0.8768522200755688,-0.5745076145165362,-0.15319395219519852,1.6584462383977154,3.4291999340057373
443,-0.8837022263865523,-0.5284844095158155,-0.34197468368002676,2.557386231107799,5.283899784088135
444,-0.855429221635579,-0.6546826099408029,-0.1676241123858132,3.4662141130068065,4.61899995803833
445,-0.838091573396838,-0.524915237083377,-0.32579781074506264,4.384786369636657,4.963200092315674
446,-0.8627835246687823,-0.5067725552548387,-0.4972183344162038,5.312957947789791,5.10260009765625
447,-0.8871183149013134,-0.3983291418706466,-0.43369127560400206,6.250582278414051,1.0354000329971313
448,-0.9039702833942892,-0.3974548921485153,-0.5641612762229407,7.197511299758538,4.760499954223633
449,-0.8675413845281433,-0.336178386678934,-0.4272831720039631,8.153595480753651,4.770899772644043
450,-0.878186442751837,-0.2944628676530691,-0.5962339521885058,9.118683844623696,1.4950000047683716
451,-0.9004850378787773,-0.28174230092926195,-0.6205761563291071,10.092623992728598,0.7408000230789185
452,-0.9102204819366632,-0.28500327586451524,-0.7434431457719747,11.075262128628616,0.11680000275373459
453,-0.8373341238026204,-0.2978739770534711,-0.673886553114257,12.06644308237098,4.623899936676025
454,-0.839127948349337,-0.2921878226602086,-0.6859120552294554,13.06601033499291,2.8338000774383545
455,-0.8703981470921128,-0.16999756976112623,-0.7887348865630496,14.073806043238065,1.5312999486923218
456,-0.8747967331112909,-0.31219110654301124,-0.7362905917805387,15.089671064481074,2.9626998901367188
457,-0.8517614744491203,-0.14034553469930525,-0.813163308921226,16.113444981859047,5.665599822998047
458,-0.8686381203874077,-0.05897608413216081,-0.8487388536929191,17.14496612960238,2.11680006980896
459,-0.8614809422809315,-0.12285553920716936,-0.8765715927411012,18.18407161856407,0.09679999947547913
460,-0.8693350570159684,-0.02961399943540055,-0.9766489917064365,19.23059736194172,1.9263999462127686
461,-0.8543373206898841,0.007539403065957909,-1.0105270392493033,20.284378101188736,0.8152999877929688
462,-0.81025580695024,0.03351602303881584,-1.0644771362937893,21.34524743211059,5.02839994430542
463,-0.8419927386785026,0.08987219003060154,-1.1813333233384893,22.41303783114185,0.12460000067949295
464,-0.833751648697485,0.14543015446975224,-1.1792041373089912,23.487580681800523,6.022600173950195
465,-0.8664520348179556,0.12780848410835272,-1.0395911658604922,24.56870630131369,4.410699844360352
466,-0.8571379931789078,0.18747971434234598,-1.0603198343897025,25.656243967413452,1.0092999935150146
467,-0.8156572745706052,0.21513173349528375,-1.15990718618637,26.750021945295117,1.200600028038025
468,-0.835257700776478,0.24322858210934323,-1.118431201147284,27.849867514736516,5.742199897766113
469,-0.7751989264547723,0.23535739809850958,-1.1534987300574315,28.95560699737232,4.5954999923706055
470,-0.7884397153842154,0.28705012234666644,-1.4081002484318765,30.06706578412033,4.6890997886657715
471,-0.7420089319590927,0.44521071340166446,-1.3086482444888223,31.18406836275345,2.667799949645996
472,-0.8216771683024839,0.408813584855699,-1.4237968362111508,32.30643834561579,5.33459997177124
473,-0.8390079141165897,0.33854076226111185,-1.4872399726466683,33.43399849747638,1.4668999910354614
474,-0.8017444291818253,0.41867031754408673,-1.463468179176157,34.56657076351583,2.5857999324798584
475,-0.7559521076536566,0.41755263555788064,-1.4321413595495138,35.70397629744438,3.5552000999450684
476,-0.7581581480129247,0.550238321829907,-1.3737190879301218,36.8460354897429,2.6545000076293945
477,-0.7315221348155893,0.5550030220276261,-1.3048486909303691,37.992567996025784,1.9714000225067139
478,-0.7315039050630334,0.5869116411765283,-1.4433436676865419,39.14339276551918,2.3859000205993652
479,-0.7743074727847962,0.586222117917729,-1.555153028893165,40.29832806965142,0.24809999763965607
480,-0.718023507824189,0.6483004054763111,-1.4841421454271622,41.45719153074924,2.0655999183654785
481,-0.7566546351356952,0.6783434885073334,-1.4549748225443306,42.61980015083841,3.414599895477295
482,-0.7532428919213976,0.7266179221412542,-1.4552872480620267,43.785970340540416,4.469399929046631
483,-0.7140333310862934,0.6799928246903512,-1.4153132666222676,44.955517948063395,2.4249000549316406
484,-0.7545484356331342,0.7791196962278764,-1.3833018575705969,46.12825828828254,0.8661999702453613
485,-0.7002521326494447,0.7957534030613351,-1.2961196307930576,47.3040061719032,0.22689999639987946
486,-0.636874433148658,0.8753619969972791,-1.4295946069571708,48.482575934704855,1.9074000120162964
487,-0.6943075956598663,0.7849898378046818,-1.351789962358144,49.663781466859476,3.4351999759674072
488,-0.7195885296856068,0.8463734026567205,-1.312455004241472,50.847436242320796,2.573199987411499
489,-0.7303884217366745,0.8664185312476683,-1.3442539028322804,52.03335334827808,2.775099992752075
490,-0.6369328565658118,0.878059179774218,-1.2005243958373044,53.22134551467296,3.4932000637054443
491,-0.6694019231264293,1.0260512696878374,-1.5305161358573567,54.411225143770736,2.0004000663757324
492,-0.5470118596649056,1.0678136638247584,-1.1661594792781236,55.60280433978418,4.406599998474121
493,-0.6328818199983322,0.9572102159402511,-1.1587403082211933,56.795894938545274,0.5960999727249146
494,-0.6184806904131175,1.0800579626245914,-1.3547823348708687,57.99030853721764,3.1512999534606934
495,-0.5391150451897965,1.19185676569831,-1.3276999622488086,59.18585652404799,3.467600107192993
496,-0.5508604732467189,1.0954857192320402,-1.2599442989332632,60.38235010814986,2.1240999698638916
497,-0.5886135742574087,1.1059068565915227,-1.0151353896984732,61.579600349316394,4.411300182342529
498,-0.5550304117904402,1.08759298141841,-1.1235012491573184,62.7774181878552,1.1023999452590942
499,-0.5711757213738012,1.0861699778866207,-1.0973764418683751,63.975614474444285,1.3206000328063965
500,-0.532812182316493,1.1872256862876942,-1.1414440416131935,65.17399999999998,5.996399879455566
501,-0.5838608544619941,1.0840098656223849,-0.8281640347406873,66.37238552555569,1.2585999965667725
502,-0.5219167034434856,1.29705937930866,-1.2082930361938455,67.57058181214477,3.933199882507324
503,-0.5027891183918177,1.2884820598853552,-0.9697118141221565,68.76839965068366,4.515999794006348
504,-0.6029484431900747,1.206381646730365,-0.9959384793926023,69.9656498918501,3.9681999683380127
505,-0.5194069799372636,1.238429970564088,-0.9158546237825578,71.16214347595198,6.131100177764893
506,-0.48511534884480917,1.3745464265862306,-0.7424487898565727,72.3576914627824,1.7555999755859375
507,-0.412401804824266,1.3522288631029566,-0.7960234371895506,73.5521050614547,5.143199920654297
508,-0.3906392030903366,1.4737320564413738,-0.7920878533989915,74.74519566021578,2.544100046157837
509,-0.3882634974226156,1.6022305713692204,-0.7037957005158012,75.93677485622932,1.2487000226974487
510,-0.36910464719228714,1.5376008294387025,-0.47178656252511486,77.12665448532701,1.256600022315979
511,-0.37017600249377325,1.4499735809210772,-0.5977284765489589,78.3146466517218,1.1725000143051147
512,-0.38513397687623263,1.54132446758458,-0.514875697278223,79.50056375767926,2.7325000762939453
513,-0.34780774442001683,1.6083761155981522,-0.49903985051963085,80.6842185331405,2.6598000526428223
514,-0.2993190613175231,1.7166693297639655,-0.3478186733449861,81.8654240652951,3.9755001068115234
515,-0.3054373743112658,1.5224235985536698,-0.1650567867577154,83.04399382809686,0.02710000053048134
516,-0.22318271522971386,1.6015226859998546,-0.3584228280043132,84.21974171171743,4.249499797821045
517,-0.31027235782587254,1.5288974976155971,-0.133347306298826,85.39248205193657,2.163800001144409
518,-0.24718118859262952,1.6268798129788111,-0.08728879610228854,86.56202965945963,2.805799961090088
519,-0.25817143792870845,1.6349597282607242,0.02585448465672777,87.72819984916156,0.2727000117301941
520,-0.1108596068113908,1.757999350709301,-0.03563219424851894,88.89080846925064,1.3006000518798828
521,-0.1485833335082638,1.6670654200379322,0.14374511889578015,90.04967193034862,4.701200008392334
522,-0.13033591531692854,1.691644979810022,0.14258639105822246,91.2046072344807,0.6004999876022339
523,-0.19795661089728175,1.5963678758349937,0.28219067994922375,92.35543200397417,1.4141000509262085
524,-0.1365917500227888,1.6319105202619808,0.2064268545430492,93.50196451025715,1.9767999649047852
525,-0.026049414743239765,1.660316608935345,0.3889543729554044,94.6440237025556,1.5372999906539917
526,0.023519488297456464,1.730246228716898,0.6566032784895426,95.78142923648414,5.645500183105469
527,0.04417935593311342,1.5211144151330185,0.49230916148596826,96.91400150252367,5.135799884796143
528,0.05075888165694934,1.642045336106454,0.5505452579546215,98.04156165438418,2.512399911880493
529,0.0130255576355895,1.5567493655334446,0.6748420391056712,99.16393163724652,1.6475000381469727
530,0.17523075042726932,1.6810792528088312,0.875124412270243,100.28093421587971,3.697999954223633
531,0.138829739322444,1.5965766864921935,0.7857291553626555,101.39239300262756,0.8345000147819519
532,0.15119615824896024,1.5842139726219573,0.8303393943476578,102.49813248526345,5.700799942016602
533,0.29628982164765205,1.7679591133299382,0.8206359519315579,103.59797805470485,4.486000061035156
534,0.1638837974005848,1.607613365581065,0.900318872428618,104.69175603258651,4.433300018310547
535,0.24768222518913066,1.6415842028741818,0.958125095736508,105.77929369868627,1.7553999423980713
536,0.3332799693522399,1.6162047152405985,1.186609607025504,106.86041931819953,0.8532000184059143
537,0.39120421092647834,1.5250239919465647,1.0671594378205984,107.93496216885812,5.424300193786621
538,0.3372717917814211,1.4114499166217833,1.1548844674610845,109.00275256788939,2.608599901199341
539,0.33442052769413055,1.5681809502354636,0.9660381492143584,110.0636218988113,2.606300115585327
540,0.5191701047768043,1.4767417172909694,1.4937202806926022,111.11740263805825,0.8016999959945679
541,0.4159455643546895,1.4579820597466684,1.3456818788977445,112.16392838143591,2.8231000900268555
542,0.5144696675660283,1.4084985378103547,1.4346523723838156,113.2030338703976,1.0462000370025635
543,0.4444964554029962,1.5382377486393701,1.4826601959650694,114.23455501814092,5.990900039672852
544,0.4865922698616028,1.2289239060074844,1.3681038102477892,115.2583289355189,2.1891000270843506
545,0.5792376877389757,1.2640971663921297,1.4084635780973132,116.27419395676199,1.8902000188827515
546,0.5583485042149748,1.5073088379508484,1.758846332777262,117.28198966500706,1.329300045967102
547,0.5640329704918106,1.1957693404413616,1.5315499134999182,118.28155691762899,1.7175999879837036
548,0.6193625564256405,1.3378237516660996,1.570624778909156,119.27273787137143,1.645799994468689
549,0.7101161818020452,1.1668018836807021,1.6893645105689545,120.25537600727137,4.9807000160217285
550,0.7112270382548026,1.2773760029698333,1.5408952387916472,121.22931615537627,4.0543999671936035
551,0.7002694292448857,1.149122756803458,1.625341636621561,122.1944045192464,4.093500137329102
552,0.9031605387918858,1.0321233713670546,1.805729214590891,123.15048870024144,0.5070000290870667
553,0.9169824357934412,0.9459118502996643,1.6713642762647094,124.09741772158586,4.254300117492676
554,0.867371762246758,0.908438654179276,1.390297307658542,125.03504205221026,0.4945000112056732
555,0.9105225531984338,0.9265634809607554,1.6314130094762056,125.96321363036331,1.4185999631881714
556,0.9790136899186686,0.8997357190264204,1.7410322460973646,126.88178588699316,1.5276999473571777
557,0.8586181468021169,0.8240337086421206,1.5950849730230265,127.79061376889223,3.0053000450134277
558,0.8354070999808204,0.7739645246508354,1.397599871639925,128.68955376160227,0.6554999947547913
559,1.0883458884208808,0.7930960449786445,1.762332089963544,129.57846391207772,2.224299907684326
560,0.8673567688482803,0.7161553474060792,1.5913412453054718,130.45720385110127,0.04270000010728836
561,0.9385756917830838,0.45663247805788293,1.5466878373670598,131.32563481544977,6.235799789428711
562,1.0895497231674691,0.35511977747211565,1.3969119983978033,132.1836196698068,2.3557000160217285
563,1.077710810080366,0.4826852035898655,1.2809454655104857,133.03102292841794,6.232100009918213
564,1.1319145740797527,0.5074323513304754,1.3213886902656709,133.86771077648498,1.2336000204086304
565,1.2889931011044886,0.5714309676664487,1.29711154376734,134.69355109129773,2.1547000408172607
566,1.1463518417896243,0.3033065612227005,1.1049540470717925,135.508413463097,5.5817999839782715
567,1.2861674685936986,0.4662159752778656,1.0854653566509578,136.31216921566798,0.34150001406669617
568,1.1823716747408972,0.21197209930329547,1.1202036736836363,137.10469142666,5.025100231170654
569,1.3041243377466347,0.1758024046968961,1.1459515140437553,137.88585494762876,1.1377999782562256
570,1.3274720164168496,0.17648310588628743,0.774066530698701,138.6555364237987,4.887899875640869
571,1.3294416337485762,0.2708821151586461,0.857218867195926,139.4136143135423,5.348700046539307
572,1.2740577598413805,0.009320009776041725,0.861244350878251,140.15996890757296,4.444900035858154
573,1.1720457942223446,-0.13884711375336364,0.6289132804882301,140.8944823478481,1.2062000036239624
574,1.3629252195152726,0.003987501452261976,0.3992274664591729,141.61703864618087,5.913899898529053
575,1.348339497890567,0.04047626341869662,0.653518185797254,142.3275237025556,5.065000057220459
576,1.3358062046293646,-0.10161009978180549,0.42358425531244576,143.02582532314568,3.7111001014709473
577,1.4271222245630184,-0.32626610975884013,0.32658372321665535,143.71183323803024,2.7985999584198
578,1.3625060417425852,-0.22566200211006585,0.1586031874749037,144.38543911860708,5.7769999504089355
579,1.5337929348041466,-0.05618757474814582,0.0722198871604416,145.04653659469895,5.2164998054504395
580,1.76809216674372,-0.4115275051705838,0.27991217444367045,145.69502127135064,3.4885001182556152
581,1.4401271060873824,-0.35442027819796607,0.44954355022615033,146.3307907453144,3.9228999614715576
582,1.4804826167584297,-0.31493612343558275,-0.19714373742869098,146.95374462122004,2.023200035095215
583,1.3418856460916946,-0.4401887389898516,-0.07471731420036501,147.5637845274291,2.3234000205993652
584,1.510587651722478,-0.2988565902662763,-0.05794457967453003,148.16081413156866,0.019099999219179153
585,1.6491695625028655,-0.580287377377951,-0.10907846059943194,148.74473915574316,6.192800045013428
586,1.3667759009534275,-0.45441720924313245,-0.22754190119936224,149.31546739142215,0.4097999930381775
587,1.6496648197311936,-0.7702300955409953,-0.4204573929181411,149.8729087140013,0.147599995136261
588,1.6145219601039074,-0.862721039166359,-0.26601592055797996,150.4169750970336,3.442199945449829
589,1.641471342000138,-0.7321311703975333,-0.7201838365492838,150.9475806261301,5.766300201416016
590,1.5844424542238047,-0.78969019197803,-0.385419938406988,151.4646415125269,3.084399938583374
591,1.6569713589517536,-0.5541236482539358,-0.44997491100726417,151.96807610631598,5.093900203704834
592,1.513935410034212,-0.7086289025956519,-0.6308779065424813,152.45780490933905,5.091899871826172
593,1.7778539711344619,-0.6885751947354327,-0.8743962269177359,152.93375058774097,3.3973000049591064
594,1.6050551212765054,-0.6982724684975629,-0.6785187627942314,153.39583798418175,1.7639000415802002
595,1.5827353528611663,-0.7985578139598233,-0.8315946040985334,153.84399412970487,4.298799991607666
596,1.5450437450641703,-0.8985182006014464,-1.0789682269130356,154.27814825525974,2.639899969100952
597,1.633810091954003,-0.8782159290399308,-0.5989130856312782,154.698231802877,4.59630012512207
598,1.6191149991336828,-0.9614299896040663,-0.943968878853509,155.1041784364948,4.55019998550415
599,1.8133487591792405,-1.0407324163731675,-1.208542690294311,155.4959240524338,3.6763999462127686
600,1.458399939512647,-0.9787626808325903,-0.9554968151229088,155.87340678951992,5.613800048828125
601,1.5447566839038398,-0.89915035210446,-0.7424117895053679,156.2365670388531,3.137700080871582
602,1.7258640628045079,-1.0082025328280144,-1.2769631215573203,156.5853474532201,1.0805000066757202
603,1.5979612223580446,-0.8756417129831667,-0.9541189492408536,156.91969295615027,0.4693000018596649
604,1.655128652870367,-0.9963664055599409,-1.0577453728769028,157.2395507506128,4.394700050354004
605,1.535329589883374,-0.9249406728550278,-1.1019698525820738,157.54487032735418,2.6401000022888184
606,1.8075897247827517,-1.0401528062746774,-1.4391869639498192,157.8356034728737,3.5046000480651855
607,1.6670609604761075,-1.0458149780188022,-1.4900245733315487,158.11170427703752,2.4123001098632812
608,1.574681909194303,-0.9091255271327207,-1.0325910890116432,158.3731291403279,2.108099937438965
609,1.5926845606779625,-0.9894921680988257,-1.152631360846577,158.61983678072846,3.737600088119507
610,1.7856911031789755,-0.92293951606595,-0.9841550893531762,158.85178824024285,1.3968000411987305
611,1.773162432777439,-1.079426172970253,-1.1258817610112872,159.06894689104672,3.7527999877929688
612,1.736952205817852,-0.9198686248341718,-1.0493121105886098,159.27127844127176,5.684299945831299
613,1.6045423453775767,-1.0557974912920556,-1.0526413739900566,159.45875094042066,4.595900058746338
614,1.6833544845957944,-1.1132422021954786,-1.3083082260159729,159.63133478441256,5.8933000564575195
615,1.6441833588161903,-0.9209077106724866,-1.3033035291225274,159.78900272025783,5.305099964141846
616,1.6160929434238622,-1.0208544864143096,-1.4543302019488629,159.93172985036165,3.3524999618530273
617,1.7060994799598657,-1.0353946510283198,-0.9462499526445036,160.05949363645567,6.208799839019775
618,1.7114033159134328,-0.789333552290711,-1.4539072758029845,160.17227390315696,1.1812000274658203
619,1.6869587799299408,-1.0363742426546676,-0.9561324844551544,160.27005284115398,0.09920000284910202
620,1.8165861686079852,-1.0842333071955221,-1.4314785079404226,160.352815010019,4.104300022125244
621,1.6320316489082225,-0.9619536389085465,-1.6200648053333118,160.42054734064607,0.75
622,1.7301652424640108,-1.082396034830918,-1.6002314976066312,160.4732391373151,5.074100017547607
623,1.8935610526583189,-1.2507587191007734,-1.8879746435029738,160.51088207938048,3.2718000411987305
624,1.7486323697262425,-1.0591046051193027,-1.7135118568325942,160.53347022258532,4.479599952697754
625,1.7130859838910888,-0.9855413432773239,-0.9959559659350784,160.541,4.5991997718811035
626,1.8537699078982637,-1.053994969180055,-1.2621277720371389,160.53347022258532,6.228700160980225
627,1.781372426742031,-1.1975320086389807,-1.3600941845291235,160.51088207938048,0.9132999777793884
628,1.5166749621152784,-1.0755837527462822,-1.2147099376261439,160.4732391373151,0.6225000023841858
629,1.6079657406682546,-1.0134838180752055,-1.0938644495499408,160.42054734064607,5.08620023727417
630,1.6794232692114774,-1.0266916632698784,-1.295353716837284,160.352815010019,3.6098999977111816
631,1.7131124584823412,-0.7432085302473367,-1.1092071439519922,160.27005284115398,5.433700084686279
632,1.831951998969994,-1.1009565808727202,-1.1800774252219832,160.17227390315693,4.671599864959717
633,1.5656447203840036,-1.0854391159791175,-1.3579816214809501,160.05949363645567,0.6743999719619751
634,1.720218337688646,-0.8602908698276296,-1.219514722386437,159.93172985036165,3.1136999130249023
635,1.6980486293741301,-1.1949893072434545,-1.1784857890995,159.78900272025783,4.051400184631348
636,1.5932753670841897,-0.9295205198938898,-1.30384673017943,159.63133478441256,0.6764000058174133
637,1.5638831325298743,-0.9430266436690812,-1.2130862053408475,159.45875094042066,5.82480001449585
638,1.7164842619071425,-1.0390448148725624,-1.1517559462636309,159.27127844127176,5.300099849700928
639,1.6552777029826526,-0.9120283486901933,-0.7346574016735848,159.06894689104675,0.5152000188827515
640,1.6323397678816358,-1.2331770355365985,-1.3040190874318818,158.85178824024285,2.271199941635132
641,1.9060445142776483,-1.0131316503544963,-1.278779884323254,158.6198367807285,0.6420000195503235
642,1.6185548350678867,-0.7582275038296242,-0.9948972827079654,158.37312914032793,5.085999965667725
643,1.6603726556063856,-1.072107334614835,-0.9101654734031147,158.11170427703752,2.6939001083374023
644,1.9089456364355568,-0.9158193981520736,-1.0763015614631934,157.83560347287374,3.1819000244140625
645,1.680016471701032,-0.8191111495704304,-1.0833306422652502,157.54487032735418,3.4820001125335693
646,1.5648366112448415,-0.918853733683072,-1.2312347480013017,157.23955075061286,5.460899829864502
647,1.5946256525276492,-0.8523943710788803,-0.9412139402976272,156.91969295615024,5.882299900054932
648,1.5401732203384793,-0.7061832007872301,-1.0653810650755577,156.5853474532201,3.386399984359741
649,1.7961457399779326,-0.8288116216673288,-0.8825496520888093,156.23656703885308,3.47379994392395
650,1.6699982716470894,-0.8463710202505141,-0.7274799791077607,155.87340678951995,3.0541999340057373
651,1.765657905278364,-0.9406161080433785,-0.9038192694956443,155.49592405243382,0.15109999477863312
652,1.6939337584524017,-0.9360889314371995,-0.777809842784296,155.1041784364948,1.9627000093460083
653,1.6927931662286342,-0.781733410539723,-0.8390763182577631,154.698231802877,0.4341999888420105
654,1.657119201158977,-0.9354546593777524,-0.6738725864912783,154.27814825525974,0.7742999792098999
655,1.6290955291773288,-0.8065603222776495,-0.8716413908923709,153.84399412970492,5.84119987487793
656,1.5481822691246279,-0.9053790967851502,-0.7453367124881715,153.3958379841818,1.8909000158309937
657,1.5495715534940748,-0.7033113901205004,-0.39001272513536495,152.93375058774097,5.206399917602539
658,1.7420684267632578,-0.5577982656077184,-0.6647356225839649,152.45780490933902,5.904900074005127
659,1.4853722527147961,-0.6477906254713524,-0.19234295477904884,151.968076106316,6.093299865722656
660,1.4812078755698583,-0.5759990243145878,-0.2934450639243345,151.46464151252695,1.5134999752044678
661,1.5339904869804928,-0.550986954874284,-0.3807794548565858,150.9475806261301,0.9954000115394592
662,1.6189226719509806,-0.5881274148105287,-0.2396695190065102,150.41697509703363,2.3236000537872314
663,1.5406895904249334,-0.5557693904182437,-0.26239957296808925,149.87290871400137,2.9725000858306885
664,1.4914459048901774,-0.47003716242849564,-0.13570047864884835,149.31546739142215,2.1691999435424805
665,1.4457196081690522,-0.2760864256621662,0.014918919073746777,148.74473915574313,2.0195000171661377
666,1.5794815869569518,-0.5488302017048259,-0.07876365151784015,148.16081413156869,2.9286000728607178
667,1.4353022186015039,-0.38244917774354836,0.1601687823211508,147.5637845274292,4.425600051879883
668,1.5323089095044624,-0.2262320298038565,0.27956397765411306,146.95374462122004,6.047299861907959
669,1.4855523534387534,-0.009662000945730444,0.19829804158990322,146.33079074531446,1.7039999961853027
670,1.6089917719081743,-0.42289104876900857,0.3545310947833219,145.6950212713507,4.289299964904785
671,1.3951101764284535,-0.49814900214390107,0.29236648372447394,145.04653659469898,3.198899984359741
672,1.461766335570097,-0.19795754967149373,0.04338811094007129,144.38543911860705,4.437099933624268
673,1.287433167699131,-0.2332601005232966,0.41609859692960965,143.7118332380303,4.825399875640869
674,1.2916868771621364,-0.05799142520375718,0.7033690960392621,143.02582532314577,2.5085999965667725
675,1.2348177130014595,-0.053919491437137104,0.8513942019840361,142.32752370255565,3.585200071334839
676,1.3198767617323746,-0.15222808488573766,0.694309085533668,141.61703864618084,5.1570000648498535
677,1.2370418160354526,0.0422333519618395,0.749198555446296,140.8944823478481,5.741499900817871
678,1.397351919855026,0.0769043449999551,0.9325432243054771,140.159968907573,0.8953999876976013
679,1.2438984419686625,0.08574398436061326,1.132360570887024,139.41361431354233,5.894999980926514
680,1.2726165410803179,0.17846451105315844,1.1241108145212628,138.65553642379876,0.06239999830722809
681,1.178743518186367,0.15262544849171014,1.1384056008360925,137.88585494762884,2.0789999961853027
682,1.1861330894436686,0.38398145452696963,1.2114875031480887,137.10469142666005,4.592800140380859
683,1.300734376906709,0.3279993819384031,1.2568002641761682,136.31216921566795,6.265500068664551
684,1.2729425308486246,0.31085223195948597,1.1243485892908198,135.50841346309699,2.561800003051758
685,1.0651439728447283,0.5234033223798891,1.3826116295413207,134.69355109129782,5.957300186157227
686,1.0506975088408577,0.532713405723611,1.7260002487269486,133.867710776485,5.848199844360352
687,1.0603133494645842,0.795883103328528,1.6992393720651258,133.031022928418,0.5637000203132629
688,0.9427503648884257,0.6564562873331952,1.3254618064967867,132.18361966980683,6.072500228881836
689,0.9339699985010879,0.6038058451086191,1.6244627336792712,131.3256348154498,5.665299892425537
690,0.9710983959424911,0.7753064673622648,1.7176861783524617,130.45720385110124,1.1813000440597534
691,0.8975039516048161,0.7570802299178095,1.4890440767741524,129.57846391207778,0.3752000033855438
692,0.9367127359008951,0.9006510770165574,1.851269800542286,128.68955376160238,2.0611000061035156
693,0.887104047234788,0.7977544109938449,1.623577082783022,127.79061376889234,3.942699909210205
694,0.8132522515634474,1.0357367382631166,1.7963365083453604,126.88178588699314,3.882200002670288
695,0.8384986487230102,0.9270585530457917,1.5643117634806334,125.9632136303633,4.485099792480469
696,0.8353900060976833,1.1649682075048624,1.7495559159371707,125.03504205221029,5.775400161743164
697,0.6480178649819971,1.074848706594505,1.5642081006526207,124.09741772158591,4.677499771118164
698,0.7765467905645126,1.2115832314962163,1.7919966676165584,123.15048870024148,1.3253999948501587
699,0.7681924709518855,1.2708591287461615,1.880390197086484,122.19440451924652,2.078200101852417
700,0.5677789906574628,1.224284944744393,1.4637462234820344,121.22931615537632,4.867000102996826
701,0.5647903267090542,1.4278668182387906,1.7517275328105788,120.25537600727135,6.1168999671936035
702,0.5112959118447674,1.14103693424718,1.4395211886330845,119.27273787137142,4.899799823760986
703,0.46384915375157876,1.194232986860974,1.465326491299821,118.2815569176291,5.891900062561035
704,0.4937665316701072,1.475397166017696,1.5539568646178288,117.28198966500719,0.6883999705314636
705,0.5124145333522351,1.3237768696444423,1.5761300904744093,116.27419395676203,5.69379997253418
706,0.4152341079424131,1.3821767807899457,1.197610149593665,115.25832893551888,0.5860000252723694
707,0.41051510258332563,1.305769001365268,1.3890729446221162,114.23455501814098,3.5685999393463135
708,0.443402039935916,1.4254654274962846,1.3616411315993484,113.20303387039758,1.1893999576568604
709,0.313508300321264,1.4404014237486218,1.333869192587968,112.16392838143595,5.554100036621094
710,0.3413313982351188,1.4756851052445357,1.1305615289650177,111.11740263805838,4.608099937438965
711,0.30384187563981885,1.4777626619191822,1.236829702732795,110.06362189881143,3.300299882888794
712,0.2441173668729631,1.5649146597002306,1.2402655070488084,109.00275256788936,1.4918999671936035
713,0.26456321352411927,1.4612030952238613,1.0280262018056574,107.9349621688581,2.848900079727173
714,0.1774233362317683,1.4974065760301947,0.9787908406826774,106.86041931819958,5.189799785614014
715,0.12749024971185993,1.4512055319603592,0.8938510034205811,105.77929369868626,0.597599983215332
716,0.1545886605466481,1.5186604222829996,0.9182170321409341,104.69175603258657,6.042200088500977
717,0.039497221699675296,1.5329232897531355,0.6319532808909138,103.59797805470498,2.4089999198913574
718,0.06150605238612453,1.5784168077150251,0.5962781502654143,102.49813248526351,4.755000114440918
719,0.21127966130568676,1.6852841061314787,0.5177445600469175,101.39239300262754,5.543600082397461
720,0.041650101983418265,1.6769095512432968,0.587430838438777,100.28093421587968,0.15649999678134918
721,0.07906726676415614,1.6176234989506528,0.54115569985677,99.16393163724666,0.29269999265670776
722,-0.018892941648935457,1.61144903702377,0.5215237838658016,98.04156165438431,4.764900207519531
723,-0.03019844849575176,1.684665752223243,0.4969196623662586,96.91400150252372,4.126299858093262
724,-0.09707218552376135,1.7622604266045165,0.31479905440106487,95.78142923648412,4.297699928283691
725,-0.056102220213859244,1.7357673249129715,0.2666921061610025,94.64402370255566,0.10339999943971634
726,-0.05666161355638926,1.8109103590850308,0.26013948458345565,93.50196451025704,5.251999855041504
727,-0.19791837729858608,1.6094911925999458,0.08811356636476537,92.35543200397424,6.020299911499023
728,-0.12055076182516802,1.7383097000996859,-0.034319253906747484,91.20460723448085,5.798799991607666
729,-0.16821636848060784,1.6400470461740626,-0.04256197780659162,90.04967193034877,0.19460000097751617
730,-0.29325892553592525,1.569557664192762,-0.2920007646222288,88.89080846925062,0.4189999997615814
731,-0.2095483685065003,1.6618482257393583,-0.21421546165983335,87.72819984916154,1.3265000581741333
732,-0.22837936619956511,1.589806362077499,-0.18222903417096317,86.56202965945968,5.6743998527526855
733,-0.34125416158386396,1.5418862090171364,-0.2716769383956598,85.39248205193671,0.8736000061035156
734,-0.27300296376604655,1.5163254743033314,-0.24437901125668987,84.21974171171749,5.733099937438965
735,-0.3056334461356499,1.6085774093803116,-0.32451901966557667,83.04399382809692,3.531599998474121
736,-0.3617546652597075,1.4453941148378557,-0.4104095942768523,81.86542406529517,0.3880999982357025
737,-0.3663266446824963,1.5388548395452921,-0.45049243096434916,80.68421853314038,6.189899921417236
738,-0.3985960225014853,1.441675142741393,-0.6152751835453217,79.50056375767923,3.6242001056671143
739,-0.40024127931181996,1.5366131156238667,-0.6240001827749462,78.31464665172194,3.980299949645996
740,-0.451569599867922,1.3594211697924004,-0.9017048636603288,77.12665448532715,4.56879997253418
741,-0.39132150987906966,1.4615273211697228,-0.89441928757185,75.93677485622938,5.7733001708984375
742,-0.5112737789213131,1.3245288724105602,-0.734475821382529,74.74519566021576,1.219499945640564
743,-0.5043742625982627,1.1984046490322184,-0.9328593131856782,73.55210506145475,2.243000030517578
744,-0.5079323396186263,1.3532839482143322,-0.9232814320264298,72.35769146278247,0.6712999939918518
745,-0.5072629791608932,1.1820443013465998,-1.0094262555007725,71.16214347595204,5.070000171661377
746,-0.5914982332820234,1.1003762004797562,-1.1811827599762443,69.96564989185016,2.365999937057495
747,-0.5754869881326424,1.0813101458264753,-1.0526221425490683,68.7683996506838,5.414899826049805
748,-0.5549649207031009,1.1418657155180574,-0.9859337305311664,67.57058181214465,5.8140997886657715
749,-0.5286664611090323,1.150258234986627,-1.0983129859123808,66.37238552555566,0.8259000182151794
750,-0.6081981297232314,1.1403309335765703,-1.082381432673854,65.17400000000004,0.531000018119812
751,-0.5623329385518769,1.0760689201384803,-1.1334185662632992,63.97561447444443,3.396899938583374
752,-0.6213803918197097,1.0678815163448603,-1.1187983273351325,62.777418187855254,4.991000175476074
753,-0.6331975132636318,0.9723726242932457,-1.1537757356912528,61.57960034931645,4.185800075531006
754,-0.5794755520341001,0.9647243441412927,-1.2485094147856113,60.38235010814992,4.858799934387207
755,-0.6294703086598865,0.9852335253063323,-1.1974947761633914,59.18585652404805,1.3859000205993652
756,-0.5920496402768798,0.9117134669701517,-1.2828200511665395,57.99030853721762,0.6467999815940857
757,-0.695688081950158,1.0522028174678213,-1.3156177635559498,56.79589493854533,0.36390000581741333
758,-0.6281390589638313,1.0395272049893383,-1.3613410689700245,55.60280433978432,1.798699975013733
759,-0.6504346667056888,0.9637669656122743,-1.4116651620354026,54.41122514377071,2.9293999671936035
760,-0.6990571306023138,0.8698763846692074,-1.3395863789927827,53.22134551467294,5.294400215148926
761,-0.7180476748520678,0.7952449026595014,-1.498746619527112,52.03335334827814,4.132400035858154
762,-0.7304257396647005,0.707777901695263,-1.3367552543673689,50.84743624232085,1.8841999769210815
763,-0.7020570019100334,0.7972659747548,-1.4507944526615657,49.66378146685953,6.19789981842041
764,-0.8070382769279844,0.606620336109357,-1.393525205134441,48.48257593470492,1.6162999868392944
765,-0.7166296193884816,0.7125432784443968,-1.34481018262331,47.30400617190334,2.4728000164031982
766,-0.7452193755398593,0.6249054370458261,-1.2991078049344205,46.128258288282595,5.301300048828125
767,-0.7264489719438344,0.6323117557092228,-1.3443289296973613,44.955517948063374,0.15530000627040863
768,-0.80549287109273,0.6257095211956988,-1.3609807609271072,43.78597034054039,0.6315000057220459
769,-0.7893291631630689,0.5613448729417589,-1.30506313303093,42.61980015083854,5.532899856567383
770,-0.771048380645444,0.563654496050105,-1.4049097191496287,41.4571915307493,5.0218000411987305
771,-0.7531363064653521,0.49183802041588226,-1.273623701807514,40.298328069651475,1.0492000579833984
772,-0.7402384387904395,0.5703169489862437,-1.4256112711183215,39.14339276551923,4.17110013961792
773,-0.7735978425544849,0.49438341746380615,-1.3785412507732409,37.99256799602585,1.183899998664856
774,-0.7894285238256736,0.5218362423976072,-1.2877173331562766,36.846035489742874,4.212399959564209
775,-0.7827994009164937,0.41743121848213977,-1.4552623638018523,35.70397629744443,3.801800012588501
776,-0.7963863656488073,0.3935522771063021,-1.4850365032632387,34.56657076351597,4.632199764251709
777,-0.7598455651773017,0.37953032500195966,-1.4183586444071703,33.433998497476516,1.69350004196167
778,-0.792670900277054,0.26336896247492436,-1.420506344212795,32.30643834561576,2.727299928665161
779,-0.8182075374368888,0.2545558221240426,-1.2449459548786164,31.184068362753422,3.421799898147583
780,-0.7956292944643133,0.12872460133385535,-1.3184409937400987,30.067065784120388,5.351600170135498
781,-0.8374335971618939,0.17002142532589135,-1.2885131053612664,28.955606997372378,0.8359000086784363
782,-0.8139285187059171,0.1415309960897168,-1.0948438253681605,27.849867514736566,1.5887000560760498
783,-0.8400989283883981,0.08639236697266307,-1.1663712616514779,26.750021945295252,0.8985999822616577
784,-0.8599120759819869,0.059687289298912156,-1.1611909548852333,25.656243967413502,0.40790000557899475
785,-0.8090497603741009,0.07710536852510838,-0.9612778128271513,24.56870630131366,5.454500198364258
786,-0.8316461176797874,-0.09400542797270932,-0.9230736062145163,23.487580681800495,3.1977999210357666
787,-0.8639276872939363,0.024449204176473782,-0.9559800751086686,22.413037831141978,3.6963000297546387
788,-0.8128786642144877,-0.05421201778830451,-0.9378567941615491,21.345247432110718,1.1019999980926514
789,-0.8320729635545643,-0.006833418355001555,-1.002063432321364,20.284378101188793,0.9810000061988831
790,-0.8767006592977714,-0.17524651156110177,-0.8472886608782526,19.230597361941697,0.31779998540878296
791,-0.875024607670702,-0.20719520534252273,-0.9032238202457584,18.18407161856412,3.354599952697754
792,-0.8779088951983257,-0.25200320144190375,-0.856262961070223,17.144966129602352,1.2582000494003296
793,-0.8889935930244425,-0.21001772486448395,-0.7619986527370366,16.113444981859104,0.8184000253677368
794,-0.8322257353178879,-0.2389782786803543,-0.6806486363493043,15.089671064481202,5.381999969482422
795,-0.8958519660581569,-0.21082414623576376,-0.8494799993477676,14.073806043238179,0.7566999793052673
796,-0.8742106631990626,-0.35948925634772133,-0.4791299282642252,13.066010334992889,4.865900039672852
797,-0.8654245465401308,-0.35001147629295565,-0.6068932572986617,12.06644308237096,5.8242998123168945
798,-0.884149599704132,-0.43859814161738003,-0.4363062067233937,11.075262128628665,1.0807000398635864
799,-0.8876456605829385,-0.4332081778581392,-0.6474321622447736,10.092623992728726,2.691499948501587
800,-0.8789685019016185,-0.4717546506054667,-0.49146296659037875,9.118683844623753,1.478700041770935
801,-0.9266075878304428,-0.5650048846229454,-0.48420019104102746,8.153595480753694,5.489799976348877
802,-0.8732516140043922,-0.41232502405839,-0.40983870683473866,7.197511299758581,1.5616999864578247
803,-0.8613020679987375,-0.4041029110899436,-0.5068633955503733,6.250582278414029,0.07119999825954437
804,-0.9247500149094425,-0.5507228944409079,-0.38840949113043355,5.312957947789769,2.6010000705718994
805,-0.8716862352930763,-0.46141284322345444,-0.28486400636632236,4.384786369636771,5.881899833679199
806,-0.8582469378909044,-0.6336138064240942,-0.46993313790065305,3.46621411300692,2.4986000061035156
807,-0.8696818866891449,-0.6167797005035289,-0.2307108242290025,2.5573862311078415,2.6956000328063965
808,-0.9019749734271786,-0.6452510964181892,-0.3911668157480273,1.6584462383976941,1.014299988746643
809,-0.8619801478884735,-0.6708929154897297,-0.1342479090325302,0.7695360879222903,1.8137999773025513
810,-0.8620461818690074,-0.6270061738587666,-0.05783126985066601,359.89079614889886,4.372399806976318
811,-0.8835140544666045,-0.7893203470372407,-0.01906889285781896,359.02236518455027,3.7551000118255615
812,-0.9244610841448788,-0.6876263945675377,0.014310675276938323,358.16438033019324,4.497300148010254
813,-0.8966194167601673,-0.5802739041280934,-0.03904040902735693,357.3169770715822,2.5125999450683594
814,-0.8279348297372824,-0.7427850753809094,0.16397678681345096,356.4802892235149,0.9399999976158142
815,-0.8614332773803574,-0.7276988414697518,0.0404276811174947,355.6544489087022,0.3903999924659729
816,-0.8557881879692136,-0.694880947379244,0.1524659065250025,354.8395865369031,2.6431000232696533
817,-0.8449522673822008,-0.8450211177463228,0.16528112356482308,354.0358307843321,3.604099988937378
818,-0.8642455832126082,-0.7436579119250945,0.141529625582391,353.24330857334,0.6818000078201294
819,-0.859023020627696,-0.888774309043459,0.252603177507366,352.4621450523713,0.298799991607666
820,-0.8909341191671099,-0.9095283436470699,0.3447146213383704,351.6924635762013,1.648900032043457
821,-0.8823757259947678,-0.8552868324978863,0.2266454485275182,350.93438568645774,0.4927999973297119
822,-0.9102340779557226,-0.8998996980932267,0.31592790264144044,350.1880310924271,5.130300045013428
823,-0.8911523287775224,-0.8931986419598877,0.629659141648953,349.45351765215196,4.590700149536133
824,-0.8704342993001227,-0.8753723910541585,0.3265376476457374,348.7309613538192,2.152100086212158
825,-0.8286451860036221,-0.9781623133569265,0.5338713937321734,348.0204762974444,5.303400039672852
826,-0.8637657200405695,-0.9728497922299542,0.36305097376213963,347.3221746768543,5.112299919128418
827,-0.811614755793279,-0.9044037040566696,0.5580494836770143,346.6361667619698,2.7416999340057373
828,-0.8940258912860503,-0.9001434440564778,0.4315834990861439,345.96256088139296,5.575399875640869
829,-0.9025642996215187,-0.9737523896683996,0.48510329343994185,345.3014634053011,1.545699954032898
830,-0.8971846815907553,-1.0436103577222333,0.6148558105554893,344.6529787286494,1.3669999837875366
831,-0.862422681643829,-0.9977058024068516,0.5557777658107489,344.01720925468567,3.4179000854492188
832,-0.8730939761412941,-1.07428695304115,0.6752038099196926,343.3942553787799,0.9083999991416931
833,-0.8537635521999261,-1.0308400309995367,0.581502909973922,342.78421547257085,5.9695000648498535
834,-0.8670725615845316,-1.1326175016764275,0.7040497909844821,342.18718586843136,3.440700054168701
835,-0.8816725404308631,-1.0495440332553938,0.8318553436057436,341.6032608442569,2.3912999629974365
836,-0.8707223092776585,-1.0102844963879718,0.7378315071554854,341.0325326085778,2.287400007247925
837,-0.8659805328371509,-0.9688465823370307,0.823795851597707,340.47509128599876,5.5802998542785645
838,-0.863594414424452,-1.1602391361503919,0.749957603201764,339.93102490296644,5.742599964141846
839,-0.8986113299234536,-1.0970573751879495,0.9587446028459218,339.4004193738699,1.7235000133514404
840,-0.9245277064468382,-1.1130217740187724,0.7915520051185501,338.8833584874731,5.262599945068359
841,-0.8207308542036384,-1.1360558180073865,0.8648028249377647,338.379923893684,6.15880012512207
842,-0.8481922431579323,-1.149171061680703,0.7944224787838234,337.890195090661,0.11219999939203262
843,-0.8150268164796686,-1.1246666555071774,0.7622653346786322,337.41424941225904,0.24789999425411224
844,-0.8268714394329618,-1.1322059027689553,0.9563495945696179,336.9521620158182,4.262599945068359
845,-0.8537657358982081,-1.099451912734199,0.8731965757663519,336.50400587029515,3.922300100326538
846,-0.82093429052588,-1.1134288421138983,1.0068642536512542,336.0698517447403,2.3958001136779785
847,-0.8458150917723125,-1.0608221911718487,0.9726913537574131,335.64976819712297,0.15320000052452087
848,-0.8774507887548814,-1.1735340846583437,1.0228491580290227,335.2438215635052,4.277900218963623
849,-0.8392041736891623,-1.1296589953725584,0.9686220950110509,334.8520759475663,3.928100109100342
850,-0.8764012480076462,-1.0823712927188343,0.8762997066874696,334.4745932104801,6.0640997886657715
851,-0.7772671034861998,-1.2112204093476377,0.9503459480361318,334.1114329611469,0.5019999742507935
852,-0.843159669828038,-1.1261084301409852,1.1152359822975964,333.7626525467799,1.7964999675750732
853,-0.8124030910351836,-1.081500173110005,0.9206641490631391,333.42830704384977,2.3443000316619873
854,-0.8830525728597701,-1.1487090368182324,0.9976972110427993,333.10844924938715,3.800100088119507
855,-0.8321160123726252,-1.0840948423527426,0.9218134830269938,332.80312967264587,5.308300018310547
856,-0.8236778765760238,-1.1313142345700602,1.0421414726403124,332.51239652712627,4.021900177001953
857,-0.8408340325189666,-1.1286291659798295,1.0579202116905113,332.2362957229625,4.025199890136719
858,-0.8334934197880418,-1.1314860046970807,1.012404697223911,331.9748708596721,0.955299973487854
859,-0.8101475303664354,-1.23546968852738,1.0034376916554264,331.72816321927155,1.5226999521255493
860,-0.8183360499697484,-1.1532916990794906,1.0000044219151036,331.49621175975716,1.5241999626159668
861,-0.8467488131092029,-1.3400602797053125,1.27694904907888,331.2790531089533,4.5518999099731445
862,-0.8555883457023099,-1.300120285765693,1.1327407437699344,331.0767215587282,5.014599800109863
863,-0.7839936734549001,-1.3874770856308059,1.1193547863971423,330.88924905957936,0.879800021648407
864,-0.8417123663634889,-1.0953082823383389,1.1699562053019699,330.71666521558745,1.1208000183105469
865,-0.8657802730556657,-1.1166832894668957,0.9968509863153058,330.5589972797422,0.3425000011920929
866,-0.8461075511394914,-1.1380795072667484,1.1171121471690832,330.41627014963836,5.972499847412109
867,-0.7769351696114805,-1.1317373944862597,1.059528388268622,330.28850636354434,1.6583000421524048
868,-0.8519211164576221,-1.1529410280088983,1.1021421175737034,330.17572609684305,5.175000190734863
869,-0.8794162811101575,-1.3399263036545956,1.0920859363204576,330.07794715884603,2.67930006980896
870,-0.8868090778931476,-1.1742400055247169,1.1183663243279367,329.995184989981,3.0669000148773193
871,-0.8034767126815424,-1.2165965090173225,1.063583474356279,329.92745265935395,5.662199974060059
872,-0.8900675796138809,-1.0884816999507652,0.97711545834424,329.8747608626849,4.792300224304199
873,-0.8490693834964012,-1.0161717589426253,1.0086813248470243,329.83711792061956,0.3682999908924103
874,-0.8014304563778826,-1.295188150425533,1.3059215058992715,329.8145297774147,4.0346999168396
875,-0.8106046145326424,-1.101414165715808,0.9835273159841301,329.807,0.48249998688697815
876,-0.868611466811928,-1.096735017164163,1.0115502715626816,329.8145297774147,4.51639986038208
877,-0.7911850426022353,-1.1647159392566566,1.1595118764726768,329.83711792061956,3.8754000663757324
878,-0.806527884234533,-1.1607147610428077,1.1187018009079983,329.8747608626849,2.2079999446868896
879,-0.8096963454576586,-1.1774152642527913,1.1163444291664906,329.9274526593539,1.4744999408721924
880,-0.8500001190949638,-1.228086804510735,1.1014552232862214,329.99518498998106,5.520100116729736
881,-0.8308906553955479,-1.1865239552911584,1.2118412614509098,330.07794715884603,4.32859992980957
882,-0.8536484368535161,-1.1778088202673278,1.1760622755773724,330.17572609684305,2.0671000480651855
883,-0.8114880422817826,-1.160652970565654,1.1351081490110484,330.28850636354434,4.450900077819824
884,-0.8691433161239371,-1.1965809186453604,1.0807185765750846,330.41627014963836,5.818999767303467
885,-0.8626520256063408,-1.1093904345067886,1.0959310257179575,330.5589972797422,4.650899887084961
886,-0.8546677462687235,-1.2014133348727793,1.1330679970076232,330.71666521558745,0.4763999879360199
887,-0.8338674289857259,-1.1501982295789872,1.0895810911964374,330.88924905957936,5.215700149536133
888,-0.8027211254115587,-1.171585669099876,1.1472755719824057,331.07672155872825,1.413699984550476
889,-0.8338914611156705,-1.1968770263128101,1.1178905855096946,331.27905310895324,3.7077999114990234
890,-0.7667178455557956,-1.1638809213419743,1.0902507966656878,331.4962117597571,3.1858999729156494
891,-0.8124777702085414,-1.1211769115762893,0.9513966889703633,331.72816321927155,4.929999828338623
892,-0.8223414488327709,-1.2458570143658576,1.1090192430661896,331.97487085967214,6.099100112915039
893,-0.8102386611057693,-1.1099296286142215,0.9849125982163224,332.2362957229625,4.217599868774414
894,-0.8456490743418773,-1.0796329749259486,0.9616924817266291,332.51239652712627,2.8980000019073486
895,-0.8393597135494922,-1.0912252254706432,0.9558752376461321,332.8031296726458,0.5333999991416931
896,-0.8891681868900021,-1.1708065370550143,1.0853159762070383,333.10844924938715,2.466900110244751
897,-0.8207070572981883,-0.9967721530193493,0.9511552394738059,333.4283070438497,0.05139999836683273
898,-0.860436594021769,-1.028474784145126,0.8566045074643275,333.7626525467799,3.842900037765503
899,-0.8256561682854471,-1.1308037131636028,0.982485026648161,334.11143296114693,6.116700172424316
900,-0.8147957817692482,-1.0891528469651,0.8895697815408082,334.47459321048007,1.6132999658584595
901,-0.8438157436358215,-1.143490458454179,0.91785380607578,334.85207594756616,4.668300151824951
902,-0.8522344806945091,-1.2333154754958495,1.037526083981235,335.2438215635052,3.4052999019622803
903,-0.8646691381775605,-1.1170067279623688,0.8887266968610037,335.64976819712297,0.10100000351667404
904,-0.8175819004551375,-1.1348160901175333,0.8911547691039617,336.0698517447403,2.3736000061035156
905,-0.8631692976359533,-1.1439936401818056,0.7855575134725136,336.5040058702951,4.5808000564575195
906,-0.8559731230745934,-1.1114584549785849,0.9173775477404075,336.95216201581826,0.482699990272522
907,-0.8319288584131285,-1.1325443143092868,0.8435423382527765,337.41424941225904,2.670599937438965
908,-0.8948716266622013,-1.0351245003146123,0.9093333832451974,337.8901950906609,3.8517000675201416
909,-0.8350657715724173,-1.0866075780188211,0.8628519714401544,338.379923893684,5.311600208282471
910,-0.8100265552044179,-1.1154280225244244,0.7069180403753065,338.8833584874732,6.1016998291015625
911,-0.8399816456320601,-1.1132901788763838,0.8332910840909116,339.4004193738699,5.0040998458862305
912,-0.876377025373161,-1.1042149363707323,0.8255430143513464,339.9310249029664,1.5640000104904175
913,-0.8621529042718502,-1.030770015983311,0.6483818357942682,340.4750912859987,6.036399841308594
914,-0.8585313584908844,-1.0758539926457868,0.7443669117427064,341.03253260857775,4.908199787139893
915,-0.8538881357835066,-1.1654302978260993,0.813129006520572,341.6032608442568,2.08240008354187
916,-0.8991874260894187,-1.036181494794948,0.6464546303310851,342.18718586843136,2.8515000343322754
917,-0.9011083989240182,-1.0800512033539131,0.5068543800977182,342.7842154725709,5.874499797821045
918,-0.8610523054965147,-1.0979644248750524,0.7603412119517183,343.3942553787799,1.9737999439239502
919,-0.8790698698894468,-1.0700099025152439,0.5008467972920072,344.01720925468555,2.8907999992370605
920,-0.8344310388210053,-1.0310728024521463,0.7736771142907224,344.6529787286493,1.0526000261306763
921,-0.8688491845235907,-0.8669917708538206,0.3410862283999817,345.30146340530104,2.9235000610351562
922,-0.8962300414790789,-1.0087461965819982,0.6485947724384882,345.96256088139296,6.158100128173828
923,-0.8729871467890414,-0.9525408196565532,0.4297087608791847,346.6361667619697,4.829400062561035
924,-0.9379979597575241,-0.8961410997021889,0.3829768198441572,347.32217467685433,2.1547000408172607
925,-0.8837025720867987,-0.8634711057575294,0.3502280183561661,348.02047629744436,4.530900001525879
926,-0.9045031711277348,-0.8430382617053085,0.2352986676683485,348.73096135381905,5.558700084686279
927,-0.8999387914198731,-0.8684617842377815,0.33185296313184515,349.4535176521518,5.679999828338623
928,-0.8732927803374062,-0.850636877099271,0.2527581612364108,350.1880310924271,6.152299880981445
929,-0.8922676838007815,-0.7463483817044677,0.3129856371971981,350.9343856864577,3.202500104904175
930,-0.8961087715235095,-0.9031616200711989,0.18420817670749706,351.69246357620125,4.806099891662598
931,-0.8699130434751337,-0.8262882583343991,0.20801153513367177,352.4621450523713,3.6654999256134033
932,-0.8594875727366078,-0.6984187537159622,0.19573760412989677,353.24330857333996,0.7989000082015991
933,-0.8939121103038075,-0.6933100443611784,0.10604374757564514,354.03583078433195,1.3432999849319458
934,-0.8710093260884497,-0.7315815431846441,0.06284336746578022,354.839586536903,1.1187000274658203
935,-0.9356831640949351,-0.9061766371728144,0.0930871601414783,355.6544489087023,5.148799896240234
936,-0.8527531488845761,-0.6649702793824137,-0.012102863981472122,356.480289223515,4.968100070953369
937,-0.9198594883451184,-0.6565252680415036,-0.03279386358282533,357.316977071582,2.083899974822998
938,-0.846223207848254,-0.6343283172803307,-0.03880581003390034,358.164380330193,1.7312999963760376
939,-0.9261441266498694,-0.6329991830822732,-0.1451988436339769,359.02236518455015,0.9172000288963318
940,-0.8903799276522699,-0.5705035824161555,-0.17335299822388023,359.89079614889874,1.8451999425888062
941,-0.9079600859362491,-0.4845459206281388,-0.3601116923272226,0.7695360879222335,0.09929999709129333
942,-0.8977484684585972,-0.5328499319571219,-0.3075037567906147,1.6584462383977652,1.448699951171875
943,-0.8855678027274335,-0.6369647221501972,-0.3883467032019093,2.5573862311077917,2.849299907684326
944,-0.9013266028658592,-0.47515895297748434,-0.3424305086198599,3.4662141130067283,3.1221001148223877
945,-0.8851291612365709,-0.44737499806631253,-0.48828172738905107,4.384786369636572,4.336100101470947
946,-0.8470742094300556,-0.5275467107466947,-0.2874351613813065,5.312957947789833,4.978700160980225
947,-0.8944787973098774,-0.5352899704917512,-0.5532866263458537,6.2505822784141,3.459399938583374
948,-0.8440081323148704,-0.34596766076177404,-0.5749627383222193,7.197511299758517,4.090000152587891
949,-0.8259655944539178,-0.4544835468914231,-0.687264345068434,8.153595480753488,2.482800006866455
950,-0.8478289901430316,-0.2817312388968466,-0.6723833383424593,9.118683844623689,3.519200086593628
951,-0.8340844607226394,-0.35466261503220486,-0.7990898493277758,10.092623992728512,1.5104000568389893
952,-0.8861203420830892,-0.3168035399143421,-0.6701283392714662,11.075262128628594,1.4696999788284302
953,-0.8811348858499178,-0.3578673409264733,-0.845084088983903,12.066443082371038,0.9437999725341797
954,-0.8554585222845191,-0.2501121540670272,-0.8636737274369859,13.06601033499296,0.599399983882904
955,-0.8659736732150379,-0.1971635434474141,-0.7425045939290137,14.073806043237965,2.3041000366210938
956,-0.820661530250441,-0.26327323573860534,-0.8788912017637955,15.089671064480989,3.8364999294281006
957,-0.8033985805811629,-0.1248384394308453,-0.8168102605506987,16.113444981859026,2.1668999195098877
958,-0.8298763296768543,-0.07759620539573597,-0.8004974512148378,17.144966129602437,4.848999977111816
959,-0.8261133984807228,-0.13979876862964788,-0.9639612563391985,18.184071618564055,4.871099948883057
960,-0.8129627710966002,-0.027090312833989,-0.7922203621614865,19.230597361941626,6.097499847412109
961,-0.8372902385243574,0.03871566903279176,-0.8896780045410095,20.284378101188715,4.396399974822998
962,-0.8550256456273326,-0.06670626554668282,-1.0884349174153538,21.34524743211049,1.0644999742507935
963,-0.8161921780943152,0.12626453717446215,-1.1326677835967964,22.41303783114175,2.040800094604492
964,-0.8128220431784591,0.10985659378692383,-1.136642260700457,23.487580681800573,4.2778000831604
965,-0.829451399482443,0.1687966705775578,-1.2271613096102891,24.56870630131374,0.4487999975681305
966,-0.7928747766891063,0.1542623532180843,-1.1129949847555072,25.65624396741343,2.2964999675750732
967,-0.8414905166864708,0.16567376331964487,-1.1674678382027077,26.750021945295025,1.7305999994277954
968,-0.8288981318390869,0.3379250066422986,-1.2345445538046005,27.849867514736495,4.36870002746582
969,-0.8164819453721648,0.23569803881842685,-1.0394846592946196,28.9556069973723,2.1939001083374023
970,-0.7614374100611611,0.3178604676904057,-1.3234610869337327,30.06706578412031,1.36080002784729
971,-0.8057311925301448,0.3059708936949528,-1.083205001926428,31.184068362753507,6.220099925994873
972,-0.7853451083102938,0.33339493684161897,-1.476046198234416,32.306438345615845,5.974400043487549
973,-0.781022446246439,0.39929404437733257,-1.4034516953169922,33.43399849747628,3.6217000484466553
974,-0.7659196205464839,0.5014775299829957,-1.2955040036666188,34.56657076351573,5.99459981918335
975,-0.7844644512942732,0.425889621860711,-1.4241425856024557,35.70397629744435,4.386000156402588
976,-0.7704368944987644,0.5668066735310547,-1.3697048323372492,36.84603548974296,4.490499973297119
977,-0.767301135822054,0.5607511225698382,-1.3744231314415023,37.99256799602577,3.0302999019622803
978,-0.7442304437180768,0.6491356463489639,-1.2920249710220781,39.14339276551915,2.756700038909912
979,-0.7711784712929943,0.602470646256933,-1.4692715379596542,40.2983280696514,1.444000005722046
980,-0.7465480998390367,0.5661723094428955,-1.5040745204145616,41.45719153074922,3.6763999462127686
981,-0.7389278449014075,0.6141129706091127,-1.4115642864103535,42.6198001508383,2.52239990234375
982,-0.7633660156475216,0.5927532349384759,-1.3815085177176776,43.78597034054047,2.422800064086914
983,-0.7374064993686267,0.7132726511363984,-1.3690708044126674,44.95551794806346,1.901900053024292
984,-0.7153273263043664,0.7591150158400969,-1.4098948943319682,46.12825828828251,3.2741000652313232
985,-0.7273664719442349,0.7646930361540029,-1.3062056559963577,47.3040061719031,1.9342000484466553
986,-0.7179881387109154,0.7672569104972633,-1.3883767179618505,48.48257593470484,3.8210999965667725
987,-0.623561551651451,0.947809514705423,-1.4227388919428894,49.66378146685945,2.6939001083374023
988,-0.6817016053167456,0.8904174542136334,-1.3791672917862488,50.84743624232077,1.3295999765396118
989,-0.687415589161871,0.8852014774106584,-1.2929407225371896,52.033353348278055,2.975800037384033
990,-0.6730716913581425,0.8452150608258376,-1.2912042774297834,53.221345514673025,5.232600212097168
991,-0.6518995999763973,0.8804367310244288,-1.3198694419104096,54.41122514377062,2.277899980545044
992,-0.6282433322445743,0.9057210169907721,-1.2925957204225196,55.60280433978407,2.687299966812134
993,-0.649377082867604,0.8572510278735795,-1.2833415407732542,56.795894938545246,4.4415998458862305
994,-0.5872256412082125,1.0001310893333397,-1.1662262253640021,57.99030853721771,3.306299924850464
995,-0.5834143147888368,1.1468062769305396,-1.1538581115306736,59.18585652404796,3.9231998920440674
996,-0.5895125404475432,1.1018572931210928,-1.2353311633371322,60.382350108149836,3.7648000717163086
997,-0.5979925502871862,1.0409101557783158,-1.0318808489473252,61.579600349316365,4.231900215148926
998,-0.6281600346853082,1.040856236852289,-1.162694679633482,62.777418187855176,2.0731000900268555
999,-0.5517138431466684,1.0943063926351693,-1.0641664828516306,63.97561447444418,3.1552000045776367
