frame,psi1,psi2,psi3,csv_gt_angle,inplane_angle_rad
0,0.3615894647450584,-1.5822039790866826,1.1362793102453614,65.174,0.5972999930381775
1,0.3409947221091069,-1.5966674134698242,0.9760020578086473,66.3723855255557,5.399799823760986
2,0.3185384712870016,-1.6128157909551584,0.7977394791779486,67.57058181214477,3.1321001052856445
3,0.2920915570770732,-1.634837625463635,0.6070475641511525,68.76839965068365,2.317699909210205
4,0.26690044214721964,-1.655682063371649,0.42040671917623507,69.96564989185009,6.278299808502197
5,0.24090823441916873,-1.6756932459821536,0.2463657247038642,71.16214347595204,2.6526999473571777
6,0.21170779287866204,-1.6997142328728219,0.06308903700619564,72.35769146278237,4.134300231933594
7,0.18442715447624153,-1.7198019554333102,-0.10383421968007008,73.55210506145472,2.3225998878479004
8,0.14952170956675445,-1.7441474900584695,-0.2714561336496555,74.74519566021581,3.8647000789642334
9,0.11992226448149432,-1.763096581653599,-0.4045195774137905,75.93677485622933,2.219599962234497
10,0.0874537652305435,-1.7796909608501954,-0.5259388816541171,77.12665448532701,1.2000000476837158
11,0.05103907806318975,-1.7982033507897615,-0.6330005242635814,78.31464665172189,0.6075000166893005
12,0.017773559328463917,-1.8084443718106515,-0.7129758735821545,79.50056375767925,5.600800037384033
13,-0.019080627666542734,-1.8186921890926326,-0.7825360196851672,80.68421853314047,1.0867999792099
14,-0.05541073111431566,-1.8223471840298668,-0.8275662103662884,81.86542406529516,0.35350000858306885
15,-0.09034303050368163,-1.8215437793532883,-0.8463405138504763,83.0439938280968,4.42579984664917
16,-0.129105282493111,-1.8153294906121646,-0.859838841425258,84.21974171171746,6.245699882507324
17,-0.16327717372623465,-1.8026189342626067,-0.8522796242417329,85.39248205193658,3.8466999530792236
18,-0.2007888552102173,-1.7865542488833555,-0.8343490560107599,86.56202965945964,5.737599849700928
19,-0.23683042754891148,-1.762355332289124,-0.810624186027526,87.72819984916156,1.6100000143051147
20,-0.2722457954117472,-1.7342269932888925,-0.790083386714238,88.89080846925071,5.309500217437744
21,-0.3067305222363466,-1.701525593642197,-0.7654235238862828,90.04967193034861,4.5472002029418945
22,-0.3413794601453211,-1.6631046717043696,-0.7449627347405573,91.20460723448076,2.2932000160217285
23,-0.3721944311076,-1.6215424797955995,-0.7415427603704643,92.35543200397422,1.8485000133514404
24,-0.40491251320067156,-1.5774701649877751,-0.7552855299760626,93.5019645102571,0.9460999965667725
25,-0.4328380134618994,-1.5337731374585344,-0.7700193645768739,94.64402370255561,2.994999885559082
26,-0.4617737096250894,-1.4849630929492816,-0.8142974727761466,95.78142923648416,2.8680999279022217
27,-0.4891742693279691,-1.4367732849566992,-0.8651509147947256,96.91400150252367,1.6171000003814697
28,-0.5147953405525237,-1.389244785116419,-0.9341948193688651,98.04156165438417,1.593500018119812
29,-0.5389933911415291,-1.3467120671456732,-1.025802595718656,99.16393163724659,5.687600135803223
30,-0.5642839821823757,-1.298949094358967,-1.1418509601974673,100.28093421587968,4.448599815368652
31,-0.5881422820158797,-1.2539166159016029,-1.2573820544520895,101.39239300262761,0.08659999817609787
32,-0.6098446592916277,-1.2129193013485469,-1.3842271154766037,102.49813248526348,4.150599956512451
33,-0.6317579281649798,-1.170806780444084,-1.5180839212434332,103.59797805470487,3.5527000427246094
34,-0.6527796430410784,-1.1315753430734858,-1.647131273273876,104.69175603258654,0.19689999520778656
35,-0.6744165429722399,-1.0934231158424914,-1.7905735760160884,105.7792936986863,4.252500057220459
36,-0.6950455941865439,-1.0537707867193873,-1.9066565850235668,106.86041931819952,6.2642998695373535
37,-0.7180673544149456,-1.0153445220200608,-2.04010891989475,107.9349621688581,1.0484000444412231
38,-0.7380932804452499,-0.9786192983400139,-2.1383082048505515,109.00275256788944,1.3007999658584595
39,-0.7608173584670556,-0.9356425149439817,-2.2344212276400697,110.06362189881128,2.5627999305725098
40,-0.7801057884333531,-0.8980983112427388,-2.307207944317691,111.1174026380583,3.963399887084961
41,-0.803013372690439,-0.8550933228579273,-2.3698186035225652,112.16392838143592,1.9259999990463257
42,-0.8245101923126762,-0.810636414964296,-2.402072185317242,113.2030338703976,2.883500099182129
43,-0.8456291174996399,-0.7639010119952142,-2.4103518331819767,114.23455501814092,0.9930999875068665
44,-0.8663530527857054,-0.7186706293576388,-2.390956111485905,115.25832893551889,1.4735000133514404
45,-0.8865400395115165,-0.6692656536642767,-2.364560503325841,116.27419395676199,1.5819000005722046
46,-0.905428774171236,-0.6213866523435595,-2.2905334047500983,117.28198966500705,2.8761000633239746
47,-0.9259490853697031,-0.5684699159968614,-2.222065060730639,118.28155691762903,0.39480000734329224
48,-0.9456026733435676,-0.5131244180376258,-2.1137547492482276,119.27273787137139,0.6990000009536743
49,-0.9674205671869821,-0.45133040800272495,-2.0096925205287115,120.25537600727141,4.777200222015381
50,-0.9829175868149677,-0.40297398147294927,-1.8683832329900987,121.2293161553763,4.546800136566162
51,-1.0022311482683017,-0.34149636781764103,-1.7144983388561688,122.1944045192464,0.5480999946594238
52,-1.0185903883186078,-0.28726550871063294,-1.5800471511199328,123.15048870024145,3.380500078201294
53,-1.0361192256718237,-0.22807753135116904,-1.4133626176254435,124.09741772158591,0.5407999753952026
54,-1.0536622206767332,-0.1660083968259983,-1.2261238202056028,125.03504205221024,4.097599983215332
55,-1.0690793116563726,-0.11246581067986094,-1.0689821880686163,125.9632136303633,2.2151999473571777
56,-1.0860507676209004,-0.05000782498467464,-0.8840515979392976,126.8817858869932,4.4618000984191895
57,-1.0991842289830944,-0.0017909383688113367,-0.7230441832630218,127.7906137688922,5.353300094604492
58,-1.1121267107130226,0.04746568250224383,-0.5496664150808438,128.6895537616023,1.9844000339508057
59,-1.1298141504291284,0.11038552773509716,-0.38040553295693774,129.57846391207772,0.682699978351593
60,-1.141788126812814,0.1546064330846755,-0.2058545165653795,130.45720385110127,1.1146999597549438
61,-1.1573153895744082,0.21130660082802816,-0.059905512876710136,131.3256348154498,0.7240999937057495
62,-1.1708576953144174,0.25916769537365336,0.0880755427318321,132.18361966980686,2.425299882888794
63,-1.1837178370525605,0.30479492194867885,0.23401905304384887,133.03102292841794,0.9531999826431274
64,-1.1947540489619444,0.3434876441948201,0.36861021894430157,133.867710776485,4.209700107574463
65,-1.2090517836788517,0.3921700010369887,0.509503576759442,134.69355109129776,4.812300205230713
66,-1.220346238276438,0.4302441799079394,0.6210875457397024,135.50841346309699,5.948500156402588
67,-1.2319313252167394,0.46763706071169747,0.7207405908424341,136.31216921566798,0.7810999751091003
68,-1.2407475299405504,0.49676535464528926,0.8167691192787699,137.10469142666,1.1633000373840332
69,-1.2535092111493187,0.5356120315376087,0.9063871062680836,137.88585494762876,2.390199899673462
70,-1.2638757245613803,0.566241660056911,1.0025172269213607,138.6555364237987,1.0654000043869019
71,-1.2724983101970542,0.5917682913143159,1.0747891068352462,139.41361431354233,0.3028999865055084
72,-1.2852409902462423,0.6275227117176029,1.1500520009639075,140.15996890757293,3.0095999240875244
73,-1.2940896684246956,0.6514199174780028,1.1975329797620948,140.8944823478481,2.8236000537872314
74,-1.3026891861661427,0.6745324256531683,1.2510852785427737,141.6170386461809,5.540500164031982
75,-1.311797933676278,0.6989161048485164,1.2901689780842518,142.32752370255562,6.249300003051758
76,-1.3198794446852813,0.7178372519109106,1.3264082265995047,143.02582532314568,4.612100124359131
77,-1.3278210390998235,0.7347245016178072,1.3485324948030775,143.71183323803024,3.9823999404907227
78,-1.3345474827848491,0.7496848458328836,1.3732745153534451,144.38543911860705,3.861999988555908
79,-1.3448179443031283,0.774266448857005,1.382002420083201,145.04653659469895,5.635499954223633
80,-1.3480769373260437,0.7771898280211809,1.3816090288988754,145.6950212713507,1.5317000150680542
81,-1.356626215796385,0.795419063528218,1.3791317766630333,146.3307907453144,2.9337000846862793
82,-1.3620880304449567,0.8044694841499976,1.375547733427453,146.95374462122004,2.065000057220459
83,-1.3658656195118861,0.8059256410137602,1.350918512567876,147.56378452742916,1.1871999502182007
84,-1.3725658971559715,0.8210209350870862,1.3340622747382564,148.16081413156866,1.024399995803833
85,-1.377982760160201,0.8267627615458433,1.3115236956161263,148.74473915574316,5.777500152587891
86,-1.3833678693711862,0.8330223429930641,1.2769826397332238,149.3154673914222,2.882200002670288
87,-1.3872833315468933,0.83564783332889,1.2357559319849094,149.8729087140013,4.368800163269043
88,-1.3908755455866646,0.8377747706338834,1.1985804304856,150.41697509703357,3.9869000911712646
89,-1.3951592862531208,0.8400592811064085,1.1534916582270887,150.9475806261301,5.089600086212158
90,-1.4012319582662973,0.8518961209639504,1.1162033316329927,151.4646415125269,0.7936999797821045
91,-1.4002960403227347,0.838409016101331,1.060098083267428,151.968076106316,3.6273999214172363
92,-1.4066633785031832,0.8481000335598982,1.0168732905348186,152.45780490933905,2.803800106048584
93,-1.4041147346386535,0.8268262253421064,0.9334862817619745,152.93375058774097,2.152899980545044
94,-1.4079614811984662,0.8306515895181731,0.888816187900474,153.39583798418175,4.09119987487793
95,-1.4102043414337515,0.8261576756856114,0.8253769517390301,153.84399412970487,4.251800060272217
96,-1.4121072211486387,0.8227993876381718,0.7662711509864101,154.27814825525974,0.9355999827384949
97,-1.4126282898775067,0.8172529114197904,0.7257254416951675,154.69823180287702,5.906599998474121
98,-1.414642877453673,0.813333728627589,0.6603545434198496,155.1041784364948,5.892899990081787
99,-1.414889512491822,0.8052199041851431,0.609558990204465,155.4959240524338,3.03629994392395
100,-1.4135895587034857,0.7895997901400872,0.5351737912715522,155.87340678951992,4.975299835205078
101,-1.4186968841489187,0.8002366658527031,0.5168962846415732,156.2365670388531,1.215399980545044
102,-1.4164273412051145,0.7825191372363585,0.4380909042002608,156.5853474532201,3.293100118637085
103,-1.4180921335517296,0.7827694183637561,0.4119632712501374,156.91969295615024,6.24459981918335
104,-1.4158836078943025,0.7639848688863156,0.33642728141516387,157.23955075061284,5.892600059509277
105,-1.4187865826900736,0.769209101302318,0.3098450803473836,157.54487032735418,3.1851999759674072
106,-1.420224746288194,0.7661496430616269,0.27110169236150294,157.83560347287371,0.9157999753952026
107,-1.4186478017878628,0.7536976385275017,0.21241139912906798,158.11170427703752,3.112799882888794
108,-1.4166324117523705,0.7424977547461208,0.17930338867512993,158.37312914032793,2.150099992752075
109,-1.4184651096470244,0.7421341812102239,0.1470769538615402,158.61983678072846,4.797500133514404
110,-1.4177522764116037,0.7355534383112216,0.111875577428958,158.85178824024285,2.2304000854492188
111,-1.417642436470658,0.7303953718877336,0.07791482939746995,159.06894689104672,4.632699966430664
112,-1.41694883765035,0.7232362371865702,0.05396818443200621,159.27127844127176,5.851500034332275
113,-1.417051225488776,0.7191388837226668,0.021235102829558105,159.45875094042066,3.139899969100952
114,-1.4170676505010416,0.7164992427908783,0.010456099080485094,159.63133478441256,3.3015999794006348
115,-1.415371630206162,0.7073300886618432,-0.019626456686560066,159.78900272025783,1.1660000085830688
116,-1.4160776114632756,0.7064591356421078,-0.033041998351389386,159.93172985036165,0.5002999901771545
117,-1.4154164702805005,0.7005993892842481,-0.05892467427726569,160.05949363645567,2.6047000885009766
118,-1.416851342393319,0.7041263918503453,-0.06511869663237772,160.17227390315696,0.36419999599456787
119,-1.4159295006468557,0.6956482638755112,-0.09312611446043141,160.27005284115398,2.004199981689453
120,-1.4163751083267273,0.6991290822339341,-0.08279692109047368,160.352815010019,0.7972000241279602
121,-1.4138416649516807,0.6871274039956782,-0.11022177755240506,160.42054734064607,3.135999917984009
122,-1.413756298098874,0.6861649862812353,-0.11489699921565076,160.4732391373151,5.562399864196777
123,-1.4157396710519579,0.6932668587848917,-0.1059224775132993,160.51088207938048,2.625200033187866
124,-1.4157396710519636,0.6932668587849186,-0.1059224775140086,160.53347022258532,3.069200038909912
125,-1.4157396710519614,0.6932668587850078,-0.10592247751414559,160.541,2.5680999755859375
126,-1.4137562980988805,0.6861649862813001,-0.1148969992158337,160.53347022258532,3.0278000831604004
127,-1.4138416649516736,0.6871274039957109,-0.11022177755261135,160.51088207938048,5.994999885559082
128,-1.4163751083267273,0.6991290822339427,-0.08279692109035137,160.4732391373151,4.167900085449219
129,-1.4159295006468804,0.6956482638756142,-0.09312611446096208,160.42054734064607,4.3480000495910645
130,-1.4168513423933224,0.7041263918501816,-0.06511869663225921,160.352815010019,1.7246999740600586
131,-1.4154164702804972,0.7005993892843277,-0.05892467427731367,160.27005284115398,1.277400016784668
132,-1.4160776114632774,0.7064591356420529,-0.03304199835119096,160.17227390315696,1.649399995803833
133,-1.4153716302061603,0.7073300886618284,-0.019626456686539142,160.05949363645567,2.0596001148223877
134,-1.417067650501044,0.7164992427908525,0.010456099080221035,159.93172985036165,5.2708001136779785
135,-1.4170512254887755,0.7191388837226608,0.021235102829435238,159.78900272025783,0.6686999797821045
136,-1.416948837650338,0.723236237186484,0.05396818443226518,159.63133478441256,2.0025999546051025
137,-1.4176424364706597,0.7303953718877029,0.07791482939735729,159.45875094042066,5.77400016784668
138,-1.417752276411608,0.7355534383111181,0.11187557742905481,159.27127844127176,5.496200084686279
139,-1.4184651096470242,0.7421341812102636,0.14707695386142305,159.06894689104675,4.503799915313721
140,-1.4166324117523612,0.7424977547460646,0.17930338867523976,158.85178824024285,1.6567000150680542
141,-1.4186478017878519,0.7536976385273616,0.2124113991288915,158.61983678072846,1.2344000339508057
142,-1.4202247462881907,0.7661496430615952,0.2711016923617836,158.37312914032793,2.4200000762939453
143,-1.418786582690093,0.7692091013024235,0.30984508034722863,158.11170427703752,4.616499900817871
144,-1.415883607894304,0.7639848688863313,0.3364272814154808,157.83560347287374,4.4816999435424805
145,-1.418092133551726,0.7827694183638586,0.4119632712503206,157.54487032735418,5.8155999183654785
146,-1.4164273412051136,0.782519137236326,0.43809090419992863,157.23955075061284,0.7602999806404114
147,-1.4186968841489194,0.8002366658526869,0.5168962846415243,156.91969295615027,0.3319999873638153
148,-1.4135895587034724,0.7895997901400308,0.5351737912717948,156.5853474532201,3.517899990081787
149,-1.4148895124918206,0.8052199041852072,0.6095589902043019,156.2365670388531,2.2121999263763428
150,-1.4146428774536617,0.8133337286274956,0.6603545434197642,155.87340678951995,5.3649001121521
151,-1.4126282898775315,0.8172529114200279,0.7257254416951623,155.4959240524338,3.90939998626709
152,-1.412107221148641,0.8227993876381986,0.7662711509865779,155.1041784364948,2.422800064086914
153,-1.4102043414337622,0.8261576756855576,0.8253769517389083,154.69823180287702,5.903500080108643
154,-1.4079614811984635,0.8306515895181691,0.8888161879007175,154.27814825525974,6.0131001472473145
155,-1.4041147346386647,0.8268262253421471,0.933486281761482,153.84399412970487,1.157099962234497
156,-1.406663378503181,0.8481000335599248,1.0168732905349638,153.39583798418175,2.8373000621795654
157,-1.4002960403227398,0.8384090161011502,1.0600980832674765,152.93375058774097,4.423600196838379
158,-1.4012319582663118,0.8518961209639916,1.116203331632439,152.45780490933905,0.6044999957084656
159,-1.3951592862531137,0.8400592811063469,1.1534916582264907,151.968076106316,5.314199924468994
160,-1.3908755455866737,0.8377747706340084,1.198580430485375,151.4646415125269,1.0615999698638916
161,-1.3872833315468893,0.8356478333289462,1.2357559319845965,150.94758062613013,3.19320011138916
162,-1.3833678693711655,0.8330223429931617,1.2769826397330921,150.4169750970336,4.2932000160217285
163,-1.3779827601602144,0.8267627615458739,1.311523695616218,149.8729087140013,5.400000095367432
164,-1.3725658971559507,0.8210209350870207,1.334062274738926,149.3154673914222,5.69980001449585
165,-1.3658656195118744,0.8059256410136008,1.3509185125679084,148.74473915574316,4.76609992980957
166,-1.3620880304449652,0.8044694841499958,1.3755477334275845,148.16081413156866,3.149899959564209
167,-1.3566262157963742,0.7954190635282712,1.3791317766631837,147.56378452742916,3.6760001182556152
168,-1.3480769373260073,0.7771898280212476,1.3816090288995888,146.95374462122004,1.5848000049591064
169,-1.3448179443031274,0.77426644885703,1.382002420083461,146.33079074531437,5.14169979095459
170,-1.3345474827848443,0.7496848458329067,1.3732745153531918,145.6950212713507,2.3361001014709473
171,-1.3278210390998118,0.7347245016176892,1.3485324948032353,145.04653659469895,5.613699913024902
172,-1.3198794446852808,0.7178372519109057,1.3264082265995811,144.38543911860708,1.4631999731063843
173,-1.3117979336762888,0.6989161048486041,1.2901689780843022,143.71183323803027,3.9493000507354736
174,-1.3026891861661414,0.6745324256531549,1.2510852785429476,143.02582532314568,0.4011000096797943
175,-1.2940896684246967,0.6514199174779816,1.197532979762177,142.32752370255562,3.025899887084961
176,-1.2852409902462463,0.6275227117175162,1.150052000964282,141.61703864618093,3.2274999618530273
177,-1.272498310197055,0.5917682913142969,1.0747891068349755,140.8944823478481,1.503499984741211
178,-1.2638757245613848,0.5662416600567737,1.0025172269212776,140.15996890757293,0.39250001311302185
179,-1.253509211149317,0.5356120315376244,0.9063871062682495,139.41361431354233,3.653599977493286
180,-1.2407475299405402,0.49676535464533955,0.8167691192784828,138.6555364237987,4.606200218200684
181,-1.2319313252167272,0.4676370607118402,0.720740590842398,137.88585494762873,1.5108000040054321
182,-1.220346238276431,0.430244179907928,0.6210875457401447,137.10469142666005,3.9110000133514404
183,-1.2090517836788546,0.39217000103704763,0.5095035767592813,136.312169215668,0.9023000001907349
184,-1.1947540489619504,0.34348764419461997,0.3686102189440191,135.50841346309699,4.77370023727417
185,-1.183717837052556,0.3047949219485929,0.2340190530439009,134.6935510912978,1.3916000127792358
186,-1.1708576953144108,0.25916769537373974,0.08807554273184896,133.86771077648504,0.5054000020027161
187,-1.1573153895744102,0.21130660082815028,-0.0599055128771731,133.03102292841788,4.334400177001953
188,-1.1417881268128145,0.15460643308464667,-0.20585451656539566,132.18361966980686,4.757999897003174
189,-1.129814150429131,0.11038552773506527,-0.3804055329569565,131.32563481544977,3.252000093460083
190,-1.1121267107130217,0.04746568250233869,-0.5496664150812481,130.45720385110124,6.021200180053711
191,-1.0991842289830966,-0.0017909383687957378,-0.723044183263119,129.57846391207778,0.9686999917030334
192,-1.0860507676209048,-0.05000782498474859,-0.8840515979396393,128.6895537616023,3.9639999866485596
193,-1.069079311656368,-0.11246581067990162,-1.0689821880686592,127.7906137688922,3.7204999923706055
194,-1.0536622206767463,-0.1660083968261519,-1.2261238202054552,126.88178588699323,0.8655999898910522
195,-1.036119225671825,-0.22807753135118883,-1.4133626176257768,125.96321363036331,0.2985000014305115
196,-1.0185903883186112,-0.2872655087106939,-1.5800471511201528,125.03504205221026,5.858399868011475
197,-1.0022311482682955,-0.34149636781764753,-1.7144983388559696,124.09741772158596,0.620199978351593
198,-0.9829175868149808,-0.4029739814729484,-1.868383232990203,123.15048870024143,4.832900047302246
199,-0.9674205671869851,-0.45133040800278584,-2.0096925205286515,122.1944045192464,3.430500030517578
200,-0.9456026733435686,-0.5131244180376313,-2.1137547492484776,121.2293161553763,4.274899959564209
201,-0.9259490853696951,-0.5684699159968924,-2.222065060730935,120.25537600727141,1.1921000480651855
202,-0.9054287741712386,-0.621386652343435,-2.290533404749827,119.27273787137139,0.04349999874830246
203,-0.8865400395115234,-0.6692656536642424,-2.3645605033261146,118.28155691762905,2.38319993019104
204,-0.8663530527857072,-0.7186706293576173,-2.390956111485842,117.28198966500706,4.082300186157227
205,-0.8456291174996388,-0.7639010119952868,-2.410351833182024,116.27419395676199,0.7160999774932861
206,-0.824510192312677,-0.8106364149642864,-2.4020721853173073,115.25832893551893,5.642899990081787
207,-0.8030133726904658,-0.8550933228579061,-2.369818603522557,114.23455501814095,3.3966000080108643
208,-0.7801057884333527,-0.8980983112427086,-2.3072079443176774,113.20303387039759,1.8716000318527222
209,-0.7608173584670567,-0.9356425149440386,-2.2344212276396815,112.16392838143594,4.594799995422363
210,-0.7380932804452424,-0.9786192983400669,-2.138308204850706,111.11740263805828,4.711900234222412
211,-0.7180673544149527,-1.0153445220199921,-2.0401089198948337,110.06362189881126,0.6876000165939331
212,-0.6950455941865495,-1.053770786719556,-1.9066565850231036,109.00275256788944,0.967199981212616
213,-0.6744165429722492,-1.0934231158425212,-1.7905735760165569,107.93496216885812,5.869800090789795
214,-0.6527796430410938,-1.1315753430734168,-1.647131273274021,106.86041931819952,3.6784000396728516
215,-0.631757928164974,-1.1708067804439404,-1.5180839212435229,105.77929369868632,2.882699966430664
216,-0.6098446592916354,-1.2129193013485104,-1.3842271154766097,104.69175603258655,4.125899791717529
217,-0.5881422820158743,-1.2539166159016482,-1.2573820544518575,103.59797805470488,5.371799945831299
218,-0.5642839821823727,-1.2989490943589797,-1.1418509601973845,102.49813248526354,4.266900062561035
219,-0.5389933911415342,-1.346712067145614,-1.0258025957186454,101.39239300262761,4.265900135040283
220,-0.514795340552511,-1.389244785116457,-0.9341948193686753,100.28093421587967,5.101099967956543
221,-0.48917426932797586,-1.4367732849566857,-0.8651509147949987,99.1639316372466,5.150199890136719
222,-0.4617737096250794,-1.484963092949117,-0.8142974727763057,98.04156165438417,6.012599945068359
223,-0.4328380134619002,-1.5337731374584729,-0.7700193645767851,96.91400150252366,4.135900020599365
224,-0.4049125132006688,-1.5774701649878184,-0.7552855299762316,95.78142923648417,4.15310001373291
225,-0.3721944311076013,-1.621542479795603,-0.741542760370582,94.64402370255563,4.142300128936768
226,-0.3413794601453203,-1.6631046717043927,-0.7449627347411835,93.5019645102571,0.03590000048279762
227,-0.30673052223635666,-1.7015255936422866,-0.7654235238861862,92.35543200397424,2.065000057220459
228,-0.27224579541174715,-1.7342269932889336,-0.7900833867146045,91.20460723448079,4.592599868774414
229,-0.23683042754891007,-1.762355332289132,-0.8106241860279069,90.04967193034862,5.0524001121521
230,-0.20078885521022027,-1.786554248883417,-0.834349056010817,88.89080846925071,1.6684999465942383
231,-0.16327717372623637,-1.8026189342626389,-0.852279624241302,87.72819984916156,3.8912999629974365
232,-0.12910528249310926,-1.8153294906120856,-0.859838841425561,86.56202965945963,2.6586999893188477
233,-0.09034303050368003,-1.821543779353283,-0.8463405138501404,85.39248205193661,1.7726000547409058
234,-0.05541073111430594,-1.8223471840298766,-0.8275662103662363,84.21974171171746,4.55620002746582
235,-0.019080627666545533,-1.8186921890926984,-0.7825360196848827,83.0439938280968,2.89490008354187
236,0.017773559328470457,-1.8084443718105263,-0.7129758735821501,81.86542406529519,1.9127000570297241
237,0.051039078063203715,-1.798203350789643,-0.6330005242638383,80.6842185331405,2.246799945831299
238,0.0874537652305451,-1.7796909608501523,-0.5259388816538487,79.50056375767926,0.6226999759674072
239,0.11992226448148917,-1.7630965816535755,-0.40451957741386907,78.31464665172193,4.917200088500977
240,0.14952170956674635,-1.744147490058531,-0.27145613364958526,77.12665448532704,4.685699939727783
241,0.18442715447624447,-1.7198019554334232,-0.10383421967998112,75.9367748562293,5.384799957275391
242,0.2117077928786597,-1.6997142328728159,0.06308903700632597,74.74519566021583,3.7228000164031982
243,0.24090823441917794,-1.6756932459821836,0.2463657247040911,73.55210506145472,1.1878999471664429
244,0.26690044214724146,-1.6556820633715064,0.42040671917608274,72.35769146278236,1.368299961090088
245,0.2920915570770718,-1.6348376254637287,0.6070475641516364,71.16214347595205,3.022200107574463
246,0.31853847128697393,-1.612815790955175,0.7977394791784642,69.9656498918501,1.1055999994277954
247,0.340994722109131,-1.5966674134699719,0.9760020578081401,68.76839965068365,5.384399890899658
248,0.361589464745062,-1.5822039790869302,1.1362793102455315,67.57058181214481,1.7275999784469604
249,0.38383573368328144,-1.5661302131429995,1.3028039031721323,66.37238552555571,0.6820999979972839
250,0.4036122037970129,-1.5527016344174707,1.4431940794945803,65.17400000000002,4.352799892425537
251,0.4236890735721112,-1.5394842063933611,1.581505544177875,63.97561447444432,1.1993000507354736
252,0.44354299612131,-1.5269363495728274,1.6995247761953955,62.77741818785523,0.5914000272750854
253,0.4618709181867658,-1.5161461472902853,1.801675308428887,61.57960034931634,1.080299973487854
254,0.47933677414092424,-1.5039209399581674,1.8827776579406028,60.382350108149936,0.23340000212192535
255,0.49847568711063467,-1.4917495602753978,1.9565829381100206,59.18585652404798,1.4706000089645386
256,0.5147229564511722,-1.4785731807005627,2.003592936546827,57.99030853721764,1.8514000177383423
257,0.5320650203660884,-1.4632026912999416,2.034434977949378,56.79589493854531,1.03410005569458
258,0.5480949971812228,-1.449479061598753,2.0524684320860307,55.602804339784214,6.276800155639648
259,0.5643253394996997,-1.4320025255481892,2.0543631512549294,54.41122514377068,1.1857999563217163
260,0.5832838757548203,-1.4052888537733625,2.0395197597891044,53.22134551467304,3.2147998809814453
261,0.5981069025449254,-1.3875555006250624,2.0193137934888257,52.033353348278155,0.9878000020980835
262,0.615227451433123,-1.3607243232883917,1.9805749518882674,50.84743624232074,3.6070001125335693
263,0.631296031881784,-1.3299827570030993,1.930994496150931,49.66378146685955,3.228600025177002
264,0.6475139354347245,-1.2995523299955116,1.876794238247927,48.482575934704855,4.7519001960754395
265,0.6624716942832006,-1.2699565694542478,1.8122237501615557,47.3040061719032,3.9702000617980957
266,0.6797491760013342,-1.2281538318156018,1.7325453280082823,46.12825828828257,3.1624999046325684
267,0.695790996498697,-1.1893918855398047,1.6487449381256627,44.95551794806343,2.915299892425537
268,0.709278648579265,-1.1562282272660285,1.5761320509696541,43.78597034054037,4.305699825286865
269,0.7246495662015863,-1.111781591396662,1.4852567930206098,42.619800150838486,4.670199871063232
270,0.7384642399455615,-1.0730242097853366,1.4057426195327853,41.45719153074932,4.740499973297119
271,0.754561721856133,-1.0200549582237963,1.3000850755147084,40.29832806965142,1.728700041770935
272,0.7682374161201211,-0.9766656299598135,1.2151289128448362,39.14339276551925,1.503499984741211
273,0.7814602893516941,-0.9330439067800996,1.131270238199006,37.992567996025784,4.138299942016602
274,0.7951493650905698,-0.883710300985597,1.041639071830607,36.8460354897429,4.702400207519531
275,0.8077740701524284,-0.8345165995036782,0.9538327950030611,35.703976297444406,5.658999919891357
276,0.8217562705616536,-0.7814484996158564,0.8634954162241103,34.566570763515855,2.2697999477386475
277,0.8345289641265351,-0.726864741509347,0.7794304177547058,33.43399849747633,0.5160999894142151
278,0.845422741335034,-0.6817518204366892,0.7078664749907598,32.30643834561586,1.2599999904632568
279,0.8570204278085032,-0.6286052741798202,0.6303399424612256,31.184068362753436,3.5095999240875244
280,0.8684570659165854,-0.5759343722651161,0.557055235442968,30.067065784120324,4.396699905395508
281,0.8785594189127819,-0.527030324386804,0.4903280077325521,28.955606997372435,1.215000033378601
282,0.8895383928453118,-0.4691912396285993,0.41687441766256367,27.849867514736545,0.34470000863075256
283,0.8989680523013717,-0.42374246164464635,0.3604086860607275,26.750021945295117,4.2758002281188965
284,0.9079256815550623,-0.3725192012561513,0.3063345300536882,25.65624396741348,2.382499933242798
285,0.917438404826338,-0.31927315597935907,0.24546097117423288,24.568706301313718,5.00029993057251
286,0.9260123044582442,-0.2688236043640769,0.1936889418518542,23.487580681800473,5.110799789428711
287,0.9328454388515365,-0.2262796259101492,0.150056154801569,22.413037831141914,4.472499847412109
288,0.9411643424861822,-0.1753551193611496,0.10407026671444387,21.345247432110583,4.916500091552734
289,0.9482970354282805,-0.13069202319673665,0.06035884590863607,20.284378101188736,0.12790000438690186
290,0.954529220212902,-0.08230321960548788,0.02126420919858926,19.230597361941754,5.643400192260742
291,0.9610055110237864,-0.03689835276414535,-0.015163120045014094,18.184071618564097,4.565400123596191
292,0.967262497343102,0.007732130329664182,-0.050431867616061346,17.144966129602402,4.554900169372559
293,0.9720565951571741,0.05041709909305883,-0.08140496642695576,16.11344498185911,3.2551000118255615
294,0.9773644901577877,0.0898610030443224,-0.1090485167168671,15.089671064481102,0.6233000159263611
295,0.9822171536587561,0.13305398317824843,-0.13782083728532374,14.073806043238022,2.181999921798706
296,0.9861789607530802,0.16970448312045783,-0.1618477654788665,13.066010334992974,1.121000051498413
297,0.9905947376266343,0.2122035919793833,-0.18930045794707656,12.06644308237098,3.7404000759124756
298,0.9943259931102848,0.25284166745466397,-0.2116123739070435,11.075262128628616,3.3513998985290527
299,0.9977292340278763,0.29072465390850727,-0.2335877615727829,10.092623992728626,1.6088999509811401
300,1.0006315793617602,0.32052060233202767,-0.2470079790045457,9.118683844623732,5.133299827575684
301,1.0038089718645962,0.3584829112322248,-0.26601275632947713,8.153595480753609,0.3206999897956848
302,1.006182942946403,0.38899364816001486,-0.2791811293363944,7.197511299758602,2.6700000762939453
303,1.008407815938667,0.42106388903873604,-0.29262823006692956,6.2505822784141145,2.968100070953369
304,1.009792043507667,0.4465345248232042,-0.30562657245355723,5.3129579477897835,4.380000114440918
305,1.0113326166055736,0.47563274363596475,-0.3172407240206915,4.384786369636721,0.17170000076293945
306,1.0125356938391712,0.5046330914281045,-0.3311246197223432,3.4662141130068065,0.19169999659061432
307,1.014296817086473,0.5368118860637799,-0.3405029227852193,2.557386231107799,3.728100061416626
308,1.0152409115372707,0.5610166551899156,-0.35050765628707137,1.6584462383977439,1.648300051689148
309,1.0159211750287913,0.5847264592808868,-0.358780627624978,0.7695360879222761,0.361299991607666
310,1.0171084270204482,0.612716508593065,-0.365708513238611,359.89079614889874,1.0022000074386597
311,1.017359382137255,0.633504290137369,-0.3698336491045064,359.02236518455027,2.2492001056671143
312,1.017562873557982,0.6573847615557594,-0.37943104517871457,358.1643803301932,0.6187000274658203
313,1.0178049595027416,0.6781031340074674,-0.3836158936212375,357.3169770715821,5.183599948883057
314,1.0178603800987653,0.7061154056521847,-0.38933687324200306,356.480289223515,1.5443999767303467
315,1.0176332229712168,0.7203887849833633,-0.39569537754324574,355.65444890870225,2.539099931716919
316,1.0172989720106131,0.7379566788124994,-0.396240705826745,354.839586536903,2.800299882888794
317,1.0169778206604037,0.7534592244164663,-0.3990339419229425,354.035830784332,4.451600074768066
318,1.0161363077721612,0.7713555530555363,-0.40401083543612776,353.24330857334,3.781599998474121
319,1.015776421376941,0.7896179583276894,-0.40544002602033125,352.4621450523713,3.1705000400543213
320,1.0152194006350694,0.8078723963897197,-0.40812908961992594,351.6924635762013,3.1619999408721924
321,1.0144240139365033,0.8239956105258581,-0.41139671389195054,350.93438568645774,3.213099956512451
322,1.014020144445682,0.8349845368885588,-0.4075600912915247,350.1880310924271,4.838099956512451
323,1.0130452441412965,0.8540817016130192,-0.40964676301857034,349.4535176521519,2.2146999835968018
324,1.011650711419528,0.8691535958677802,-0.41262458564072096,348.7309613538191,5.389999866485596
325,1.0103667150681885,0.8773683811709658,-0.412730989237979,348.0204762974444,4.356900215148926
326,1.0093374499881236,0.8905757818802527,-0.41022729083254306,347.32217467685433,4.493000030517578
327,1.0082973574570888,0.904279312364859,-0.4107789629461582,346.6361667619698,2.0153000354766846
328,1.007242800259486,0.914468880472971,-0.4124751693355153,345.96256088139296,5.222499847412109
329,1.0061287570447628,0.9276423172446795,-0.4062285927017675,345.3014634053011,1.5430999994277954
330,1.0047807406563418,0.9338757034842976,-0.4094614509369465,344.6529787286494,3.637500047683716
331,1.0037440523249828,0.9462996346338861,-0.4027437645822001,344.01720925468567,3.1040000915527344
332,1.0020024337244668,0.9545907799695738,-0.4054856377333686,343.3942553787799,2.1445000171661377
333,1.0011047177048018,0.9640275195920581,-0.40012299010505886,342.7842154725709,3.197700023651123
334,0.9994586299253876,0.9727558635363694,-0.39790761226668686,342.18718586843136,0.33709999918937683
335,0.9981657085649996,0.9809844277316543,-0.39463763126489043,341.60326084425685,3.666800022125244
336,0.9968862909600678,0.989121738838035,-0.39269188447855563,341.0325326085778,2.1696999073028564
337,0.9952584069215392,0.9959606846946939,-0.38964136526164206,340.4750912859987,2.7720000743865967
338,0.994137247288946,1.006665462457983,-0.3890352148025814,339.93102490296644,2.0434999465942383
339,0.9930085815773558,1.0127001128483724,-0.3810880896681722,339.4004193738699,5.901599884033203
340,0.9913118259209573,1.0172297797096668,-0.3804080162458957,338.8833584874731,3.4660000801086426
341,0.9901050727761946,1.0248509465371245,-0.3724435775657258,338.379923893684,5.944499969482422
342,0.9885828152470788,1.031437352486453,-0.3722964685114778,337.890195090661,2.5755999088287354
343,0.987658087422388,1.0352321260285393,-0.369775834267917,337.41424941225904,5.885900020599365
344,0.9861746454836235,1.0434284799054736,-0.36035809065710966,336.95216201581826,1.9753999710083008
345,0.9849167178451143,1.045483587594285,-0.3612251933771202,336.50400587029515,3.751699924468994
346,0.9837250286895881,1.052233279017049,-0.3579714266313998,336.0698517447403,3.374799966812134
347,0.9820871034083635,1.0521959573416564,-0.3521236395114616,335.64976819712297,4.191699981689453
348,0.9816157301035529,1.0608684835730775,-0.3471450869252398,335.2438215635052,1.2825000286102295
349,0.9800197568037737,1.0625857550982685,-0.3439452980282679,334.8520759475662,3.0288000106811523
350,0.9789802910883085,1.063596616680367,-0.33986177643448084,334.47459321048007,3.878999948501587
351,0.9779062046143658,1.0718448823895377,-0.3352463431476811,334.1114329611469,5.469799995422363
352,0.9765981646099705,1.073255322552926,-0.3349188675735806,333.7626525467799,3.949199914932251
353,0.9758950772437743,1.0754730938623407,-0.3277265293945631,333.4283070438497,4.430200099945068
354,0.975029597001073,1.0863916937768074,-0.3231421338014061,333.10844924938715,5.531799793243408
355,0.9737498013471331,1.0834024610041617,-0.32297378180434033,332.80312967264587,1.777899980545044
356,0.9725035214237223,1.0834751815866281,-0.3199256623762894,332.51239652712627,0.2632000148296356
357,0.9714776962733925,1.0853598688236992,-0.31832764689894133,332.2362957229625,4.018199920654297
358,0.9714366738362693,1.0921091719766136,-0.3139044340101178,331.97487085967214,0.006500000134110451
359,0.9698372805470659,1.090588367423438,-0.31023802218165153,331.72816321927155,1.5098999738693237
360,0.9699034296089833,1.0924153315737395,-0.307987438068146,331.49621175975716,6.207600116729736
361,0.9691865070152762,1.0960808408355451,-0.30569767505510326,331.2790531089533,2.40339994430542
362,0.9682033455851943,1.1003366993832844,-0.30100249287649034,331.07672155872825,3.6182000637054443
363,0.9677572201359289,1.098955067625262,-0.2992443071821482,330.88924905957936,3.0165998935699463
364,0.9669655224308316,1.0947283505510075,-0.29359586252195247,330.71666521558745,6.2093000411987305
365,0.9666159853000847,1.0988841903155087,-0.29376046518692484,330.5589972797422,5.604100227355957
366,0.9661502654597827,1.0989916137172209,-0.29294594975637767,330.41627014963836,1.7870999574661255
367,0.9658453734874688,1.1010578009690897,-0.2874993871692597,330.28850636354434,0.16459999978542328
368,0.9656421775380353,1.104354666540838,-0.288477748339491,330.17572609684305,5.1691999435424805
369,0.9647658839485138,1.1039228795804625,-0.2900164001456193,330.07794715884603,3.924299955368042
370,0.964713941114764,1.1063742640437457,-0.2851128134247916,329.995184989981,1.0788999795913696
371,0.9650239959385681,1.1072690622059629,-0.2838818883529272,329.92745265935395,1.6359000205993652
372,0.9644869877615635,1.104301093489875,-0.2869943508165793,329.8747608626849,5.138500213623047
373,0.9644869877615584,1.1043010934897446,-0.2869943508169369,329.83711792061956,5.420400142669678
374,0.9644869877615635,1.1043010934898707,-0.28699435081669356,329.8145297774147,6.185699939727783
375,0.9644869877615675,1.1043010934899422,-0.2869943508169329,329.807,5.171599864959717
376,0.9644869877615649,1.1043010934898783,-0.2869943508170391,329.8145297774147,2.218600034713745
377,0.9650239959385528,1.1072690622060115,-0.28388188835295547,329.83711792061956,1.7222000360488892
378,0.9647139411147493,1.1063742640437209,-0.2851128134252,329.8747608626849,4.663700103759766
379,0.964765883948514,1.1039228795804543,-0.2900164001459186,329.9274526593539,4.917600154876709
380,0.965642177538049,1.1043546665407817,-0.2884777483397396,329.995184989981,3.456899881362915
381,0.9658453734874779,1.1010578009691507,-0.2874993871687325,330.07794715884603,4.548299789428711
382,0.9661502654598049,1.098991613717205,-0.29294594975617966,330.17572609684305,4.471099853515625
383,0.9666159853000914,1.0988841903156634,-0.29376046518729493,330.28850636354434,6.167399883270264
384,0.9669655224308433,1.0947283505510061,-0.2935958625219309,330.41627014963836,0.6176999807357788
385,0.9677572201359311,1.0989550676252744,-0.29924430718243283,330.5589972797422,1.2609000205993652
386,0.9682033455852058,1.1003366993832109,-0.30100249287656217,330.71666521558745,5.591100215911865
387,0.9691865070152743,1.0960808408355087,-0.3056976750548927,330.88924905957936,1.423699975013733
388,0.9699034296089696,1.092415331573821,-0.307987438068359,331.07672155872825,5.258500099182129
389,0.969837280547068,1.0905883674234942,-0.3102380221819609,331.2790531089533,0.6830000281333923
390,0.971436673836282,1.092109171976498,-0.3139044340101059,331.49621175975716,4.815999984741211
391,0.9714776962733925,1.085359868823702,-0.31832764689871623,331.72816321927155,2.292099952697754
392,0.9725035214237235,1.0834751815867516,-0.31992566237617287,331.9748708596721,0.18400000035762787
393,0.9737498013471504,1.0834024610041575,-0.32297378180479697,332.2362957229625,2.022200107574463
394,0.9750295970010808,1.0863916937768112,-0.32314213380145373,332.51239652712627,3.3738999366760254
395,0.9758950772437824,1.075473093862413,-0.3277265293950843,332.8031296726458,6.181600093841553
396,0.9765981646099336,1.073255322552839,-0.3349188675736266,333.10844924938715,0.349700003862381
397,0.9779062046143591,1.0718448823895428,-0.3352463431477437,333.4283070438497,5.6118998527526855
398,0.978980291088333,1.063596616680154,-0.3398617764343027,333.7626525467799,4.340400218963623
399,0.9800197568037661,1.0625857550980977,-0.34394529802819174,334.1114329611469,2.8777999877929688
400,0.9816157301035662,1.0608684835730264,-0.34714508692511253,334.47459321048007,2.637500047683716
401,0.9820871034083577,1.0521959573415327,-0.35212363951117825,334.8520759475662,2.5601000785827637
402,0.9837250286895932,1.052233279017017,-0.3579714266311908,335.2438215635052,5.9868998527526855
403,0.9849167178451221,1.0454835875942436,-0.36122519337730574,335.64976819712297,3.1519999504089355
404,0.9861746454836183,1.043428479905472,-0.36035809065743096,336.0698517447403,4.190999984741211
405,0.9876580874223841,1.0352321260285746,-0.36977583426795885,336.50400587029515,2.8238000869750977
406,0.9885828152470761,1.0314373524862508,-0.3722964685118613,336.9521620158182,0.2619999945163727
407,0.9901050727761964,1.0248509465370483,-0.37244357756496477,337.4142494122591,6.172299861907959
408,0.9913118259209556,1.0172297797097336,-0.38040801624642734,337.89019509066094,5.395500183105469
409,0.9930085815773592,1.0127001128483484,-0.3810880896684033,338.379923893684,5.378499984741211
410,0.9941372472889447,1.0066654624579525,-0.3890352148030688,338.8833584874731,5.1234002113342285
411,0.9952584069215309,0.995960684694785,-0.3896413652616387,339.4004193738699,1.142199993133545
412,0.9968862909600613,0.989121738838157,-0.3926918844783826,339.9310249029664,0.8827999830245972
413,0.9981657085649891,0.9809844277315793,-0.3946376312650085,340.4750912859987,2.8452000617980957
414,0.9994586299253955,0.9727558635362427,-0.3979076122667887,341.0325326085778,6.004300117492676
415,1.0011047177048047,0.9640275195919853,-0.400122990105103,341.60326084425685,1.8187999725341797
416,1.0020024337244768,0.9545907799693899,-0.4054856377334544,342.18718586843136,6.088500022888184
417,1.003744052324973,0.9462996346338567,-0.4027437645821134,342.78421547257085,5.631100177764893
418,1.0047807406563563,0.933875703484289,-0.40946145093654973,343.39425537878,0.9236000180244446
419,1.0061287570447732,0.9276423172446818,-0.4062285927018705,344.0172092546856,1.301300048828125
420,1.007242800259499,0.9144688804729022,-0.41247516933552214,344.6529787286494,0.7856000065803528
421,1.0082973574570924,0.9042793123647583,-0.4107789629461148,345.30146340530104,4.700799942016602
422,1.0093374499881274,0.8905757818803549,-0.410227290832403,345.96256088139296,2.0264999866485596
423,1.0103667150681843,0.877368381171125,-0.41273098923803625,346.6361667619698,0.3255999982357025
424,1.0116507114195137,0.8691535958678183,-0.41262458564104343,347.3221746768543,4.272500038146973
425,1.0130452441412876,0.854081701613172,-0.40964676301834335,348.02047629744436,3.884999990463257
426,1.0140201444456882,0.8349845368885522,-0.4075600912920457,348.7309613538191,5.070199966430664
427,1.0144240139364882,0.8239956105259553,-0.4113967138921432,349.4535176521519,3.64739990234375
428,1.0152194006350754,0.8078723963897068,-0.40812908962014083,350.1880310924271,4.259500026702881
429,1.0157764213769407,0.7896179583276736,-0.4054400260203191,350.9343856864577,6.021399974822998
430,1.0161363077721584,0.7713555530556104,-0.40401083543593175,351.69246357620125,0.24150000512599945
431,1.0169778206604165,0.7534592244165659,-0.3990339419234188,352.4621450523713,1.8559999465942383
432,1.0172989720106296,0.7379566788125158,-0.396240705826681,353.24330857333996,4.951499938964844
433,1.0176332229712204,0.7203887849833678,-0.3956953775433239,354.035830784332,4.795100212097168
434,1.0178603800987747,0.7061154056519887,-0.3893368732416925,354.839586536903,0.3312999904155731
435,1.017804959502738,0.6781031340073514,-0.3836158936217994,355.65444890870225,5.603300094604492
436,1.017562873557985,0.6573847615556243,-0.3794310451787493,356.48028922351494,5.722899913787842
437,1.0173593821372362,0.6335042901373052,-0.36983364910392313,357.3169770715821,0.2329999953508377
438,1.0171084270204702,0.6127165085930262,-0.3657085132385952,358.1643803301932,4.083099842071533
439,1.0159211750287966,0.5847264592811805,-0.35878062762508744,359.0223651845502,4.091800212860107
440,1.0152409115372676,0.5610166551898829,-0.3505076562869803,359.8907961488988,1.4703999757766724
441,1.0142968170864837,0.536811886063818,-0.34050292278531646,0.7695360879222477,2.7720999717712402
442,1.0125356938391727,0.5046330914280425,-0.3311246197218698,1.6584462383977154,3.4291999340057373
443,1.0113326166055845,0.4756327436359965,-0.3172407240211862,2.557386231107799,5.283899784088135
444,1.0097920435076664,0.44653452482320005,-0.30562657245359015,3.4662141130068065,4.61899995803833
445,1.0084078159386844,0.4210638890387597,-0.29262823006750827,4.384786369636657,4.963200092315674
446,1.0061829429464042,0.3889936481602432,-0.279181129336659,5.312957947789791,5.10260009765625
447,1.00380897186459,0.3584829112323914,-0.2660127563296493,6.250582278414051,1.0354000329971313
448,1.0006315793617626,0.32052060233207513,-0.24700797900455973,7.197511299758538,4.760499954223633
449,0.9977292340278828,0.29072465390846286,-0.2335877615724808,8.153595480753651,4.770899772644043
450,0.9943259931102825,0.2528416674545825,-0.21161237390730048,9.118683844623696,1.4950000047683716
451,0.9905947376266311,0.21220359197939304,-0.18930045794714556,10.092623992728598,0.7408000230789185
452,0.9861789607530816,0.16970448312049355,-0.1618477654789084,11.075262128628616,0.11680000275373459
453,0.9822171536587826,0.13305398317821138,-0.13782083728476952,12.06644308237098,4.623899936676025
454,0.9773644901577916,0.08986100304441681,-0.10904851671717425,13.06601033499291,2.8338000774383545
455,0.9720565951571558,0.050417099092958724,-0.08140496642700966,14.073806043238065,1.5312999486923218
456,0.9672624973430978,0.007732130329874266,-0.05043186761653079,15.089671064481074,2.9626998901367188
457,0.9610055110237993,-0.03689835276421549,-0.01516312004546096,16.113444981859047,5.665599822998047
458,0.9545292202129049,-0.08230321960546916,0.021264209198640797,17.14496612960238,2.11680006980896
459,0.9482970354282787,-0.13069202319673365,0.060358845908754226,18.18407161856407,0.09679999947547913
460,0.9411643424861952,-0.17535511936122752,0.10407026671407565,19.23059736194172,1.9263999462127686
461,0.9328454388515287,-0.2262796259101453,0.15005615480106824,20.284378101188736,0.8152999877929688
462,0.9260123044582482,-0.2688236043642247,0.19368894185170843,21.34524743211059,5.02839994430542
463,0.9174384048263409,-0.31927315597945627,0.24546097117420104,22.41303783114185,0.12460000067949295
464,0.9079256815550611,-0.3725192012560444,0.30633453005361394,23.487580681800523,6.022600173950195
465,0.8989680523013723,-0.4237424616445753,0.3604086860607963,24.56870630131369,4.410699844360352
466,0.8895383928453339,-0.46919123962858833,0.4168744176625832,25.656243967413452,1.0092999935150146
467,0.8785594189127817,-0.5270303243868186,0.49032800773229934,26.750021945295117,1.200600028038025
468,0.8684570659165751,-0.5759343722649762,0.5570552354431844,27.849867514736516,5.742199897766113
469,0.8570204278085053,-0.6286052741797635,0.6303399424608154,28.95560699737232,4.5954999923706055
470,0.8454227413350394,-0.6817518204367052,0.7078664749910372,30.06706578412033,4.6890997886657715
471,0.8345289641265327,-0.726864741509381,0.7794304177543074,31.18406836275345,2.667799949645996
472,0.8217562705616536,-0.7814484996158609,0.8634954162240477,32.30643834561579,5.33459997177124
473,0.8077740701524315,-0.8345165995037439,0.9538327950026513,33.43399849747638,1.4668999910354614
474,0.795149365090574,-0.8837103009856361,1.0416390718305195,34.56657076351583,2.5857999324798584
475,0.7814602893516938,-0.9330439067801022,1.1312702381991189,35.70397629744438,3.5552000999450684
476,0.7682374161201189,-0.9766656299598787,1.2151289128446494,36.8460354897429,2.6545000076293945
477,0.7545617218561373,-1.020054958223595,1.3000850755145752,37.992567996025784,1.9714000225067139
478,0.7384642399455651,-1.0730242097854517,1.4057426195328315,39.14339276551918,2.3859000205993652
479,0.7246495662015844,-1.111781591396585,1.4852567930208407,40.29832806965142,0.24809999763965607
480,0.7092786485792573,-1.1562282272660238,1.5761320509697176,41.45719153074924,2.0655999183654785
481,0.6957909964986927,-1.1893918855399042,1.648744938125763,42.61980015083841,3.414599895477295
482,0.6797491760013463,-1.2281538318156786,1.732545328008184,43.785970340540416,4.469399929046631
483,0.66247169428319,-1.269956569454362,1.8122237501607692,44.955517948063395,2.4249000549316406
484,0.6475139354347251,-1.2995523299955345,1.8767942382474336,46.12825828828254,0.8661999702453613
485,0.6312960318817894,-1.3299827570031892,1.930994496151024,47.3040061719032,0.22689999639987946
486,0.6152274514331273,-1.3607243232884474,1.980574951888742,48.482575934704855,1.9074000120162964
487,0.5981069025449137,-1.3875555006250428,2.0193137934885343,49.663781466859476,3.4351999759674072
488,0.5832838757548151,-1.4052888537734982,2.039519759788859,50.847436242320796,2.573199987411499
489,0.5643253394996939,-1.4320025255483213,2.0543631512547087,52.03335334827808,2.775099992752075
490,0.5480949971812248,-1.449479061598694,2.0524684320859086,53.22134551467296,3.4932000637054443
491,0.5320650203660588,-1.4632026912998262,2.0344349779490623,54.411225143770736,2.0004000663757324
492,0.5147229564511722,-1.4785731807004283,2.0035929365467724,55.60280433978418,4.406599998474121
493,0.4984756871106463,-1.4917495602754336,1.9565829381102593,56.795894938545274,0.5960999727249146
494,0.4793367741409167,-1.5039209399582443,1.8827776579402102,57.99030853721764,3.1512999534606934
495,0.4618709181867791,-1.516146147290327,1.8016753084283852,59.18585652404799,3.467600107192993
496,0.44354299612131315,-1.526936349572814,1.69952477619541,60.38235010814986,2.1240999698638916
497,0.42368907357210095,-1.5394842063934537,1.5815055441774901,61.579600349316394,4.411300182342529
498,0.40361220379701424,-1.5527016344176383,1.4431940794944846,62.7774181878552,1.1023999452590942
499,0.3838357336832955,-1.566130213142848,1.3028039031711351,63.975614474444285,1.3206000328063965
500,0.36158946474504167,-1.5822039790869507,1.1362793102457793,65.17399999999998,5.996399879455566
501,0.3409947221091258,-1.5966674134700127,0.9760020578084098,66.37238552555569,1.2585999965667725
502,0.31853847128697477,-1.6128157909551968,0.7977394791783383,67.57058181214477,3.933199882507324
503,0.2920915570770708,-1.6348376254636725,0.6070475641513365,68.76839965068366,4.515999794006348
504,0.2669004421472451,-1.6556820633714466,0.42040671917688355,69.9656498918501,3.9681999683380127
505,0.24090823441916567,-1.67569324598215,0.2463657247041063,71.16214347595198,6.131100177764893
506,0.21170779287865474,-1.6997142328728472,0.06308903700689315,72.3576914627824,1.7555999755859375
507,0.184427154476245,-1.7198019554333832,-0.10383421967959065,73.5521050614547,5.143199920654297
508,0.14952170956675445,-1.7441474900584701,-0.2714561336498667,74.74519566021578,2.544100046157837
509,0.11992226448148093,-1.7630965816535353,-0.40451957741360156,75.93677485622932,1.2487000226974487
510,0.08745376523055033,-1.7796909608501144,-0.5259388816540296,77.12665448532701,1.256600022315979
511,0.051039078063184494,-1.7982033507896868,-0.6330005242634266,78.3146466517218,1.1725000143051147
512,0.017773559328477614,-1.808444371810689,-0.7129758735819817,79.50056375767926,2.7325000762939453
513,-0.019080627666540537,-1.8186921890927314,-0.7825360196851617,80.6842185331405,2.6598000526428223
514,-0.05541073111430029,-1.8223471840297483,-0.827566210365821,81.8654240652951,3.9755001068115234
515,-0.0903430305036753,-1.8215437793533067,-0.8463405138504673,83.04399382809686,0.02710000053048134
516,-0.12910528249310907,-1.815329490612121,-0.8598388414253104,84.21974171171743,4.249499797821045
517,-0.16327717372622194,-1.8026189342626575,-0.8522796242412415,85.39248205193657,2.163800001144409
518,-0.200788855210219,-1.786554248883356,-0.8343490560106839,86.56202965945963,2.805799961090088
519,-0.23683042754890488,-1.7623553322890473,-0.8106241860279702,87.72819984916156,0.2727000117301941
520,-0.2722457954117472,-1.7342269932888887,-0.7900833867142384,88.89080846925064,1.3006000518798828
521,-0.30673052223634806,-1.7015255936421758,-0.7654235238861647,90.04967193034862,4.701200008392334
522,-0.3413794601453134,-1.6631046717043765,-0.7449627347407825,91.2046072344807,0.6004999876022339
523,-0.3721944311076016,-1.621542479795605,-0.7415427603706533,92.35543200397417,1.4141000509262085
524,-0.4049125132006621,-1.577470164987861,-0.7552855299764989,93.50196451025715,1.9767999649047852
525,-0.43283801346189965,-1.5337731374585033,-0.7700193645772304,94.6440237025556,1.5372999906539917
526,-0.46177370962508046,-1.4849630929492688,-0.8142974727759128,95.78142923648414,5.645500183105469
527,-0.4891742693279504,-1.436773284956644,-0.8651509147952812,96.91400150252367,5.135799884796143
528,-0.5147953405525232,-1.3892447851165324,-0.934194819368725,98.04156165438418,2.512399911880493
529,-0.5389933911415344,-1.346712067145789,-1.0258025957188466,99.16393163724652,1.6475000381469727
530,-0.5642839821823777,-1.2989490943589905,-1.1418509601972826,100.28093421587971,3.697999954223633
531,-0.5881422820158637,-1.253916615901542,-1.2573820544519065,101.39239300262756,0.8345000147819519
532,-0.6098446592916273,-1.2129193013485138,-1.384227115476744,102.49813248526345,5.700799942016602
533,-0.6317579281649668,-1.1708067804441649,-1.5180839212431574,103.59797805470485,4.486000061035156
534,-0.6527796430410855,-1.1315753430734798,-1.6471312732739312,104.69175603258651,4.433300018310547
535,-0.6744165429722419,-1.0934231158424987,-1.7905735760159622,105.77929369868627,1.7553999423980713
536,-0.6950455941865404,-1.0537707867195352,-1.9066565850230097,106.86041931819953,0.8532000184059143
537,-0.7180673544149601,-1.0153445220200685,-2.0401089198948994,107.93496216885812,5.424300193786621
538,-0.7380932804452499,-0.9786192983399679,-2.138308204850368,109.00275256788939,2.608599901199341
539,-0.7608173584670668,-0.9356425149439119,-2.2344212276397277,110.0636218988113,2.606300115585327
540,-0.7801057884333624,-0.8980983112428782,-2.307207944317628,111.11740263805825,0.8016999959945679
541,-0.8030133726904316,-0.8550933228578035,-2.3698186035224675,112.16392838143591,2.8231000900268555
542,-0.8245101923126664,-0.8106364149642364,-2.402072185316862,113.2030338703976,1.0462000370025635
543,-0.8456291174996412,-0.763901011995265,-2.410351833182085,114.23455501814092,5.990900039672852
544,-0.8663530527857021,-0.7186706293577246,-2.390956111485908,115.2583289355189,2.1891000270843506
545,-0.8865400395115195,-0.6692656536643288,-2.3645605033255825,116.27419395676199,1.8902000188827515
546,-0.9054287741712416,-0.6213866523434823,-2.290533404749764,117.28198966500706,1.329300045967102
547,-0.9259490853697007,-0.5684699159970285,-2.2220650607312304,118.28155691762899,1.7175999879837036
548,-0.9456026733435684,-0.5131244180376232,-2.11375474924849,119.27273787137143,1.645799994468689
549,-0.9674205671869864,-0.4513304080027755,-2.009692520528347,120.25537600727137,4.9807000160217285
550,-0.9829175868149658,-0.40297398147306146,-1.868383232989944,121.22931615537627,4.0543999671936035
551,-1.002231148268309,-0.3414963678175741,-1.7144983388560875,122.1944045192464,4.093500137329102
552,-1.0185903883186083,-0.2872655087106518,-1.5800471511202694,123.15048870024144,0.5070000290870667
553,-1.0361192256718184,-0.2280775313511944,-1.4133626176256826,124.09741772158586,4.254300117492676
554,-1.0536622206767474,-0.16600839682613872,-1.2261238202054545,125.03504205221026,0.4945000112056732
555,-1.0690793116563662,-0.11246581067988416,-1.0689821880683315,125.96321363036331,1.4185999631881714
556,-1.086050767620908,-0.05000782498463115,-0.8840515979395293,126.88178588699316,1.5276999473571777
557,-1.099184228983097,-0.0017909383688209089,-0.7230441832628961,127.79061376889223,3.0053000450134277
558,-1.1121267107130204,0.04746568250237031,-0.5496664150807956,128.68955376160227,0.6554999947547913
559,-1.1298141504291237,0.11038552773519124,-0.380405532957123,129.57846391207772,2.224299907684326
560,-1.1417881268128083,0.15460643308458086,-0.20585451656543152,130.45720385110127,0.04270000010728836
561,-1.157315389574415,0.2113066008280592,-0.05990551287692134,131.32563481544977,6.235799789428711
562,-1.1708576953144125,0.25916769537377266,0.08807554273185675,132.1836196698068,2.3557000160217285
563,-1.1837178370525556,0.30479492194858,0.23401905304353748,133.03102292841794,6.232100009918213
564,-1.1947540489619384,0.34348764419461913,0.36861021894416424,133.86771077648498,1.2336000204086304
565,-1.2090517836788561,0.39217000103702904,0.5095035767592285,134.69355109129773,2.1547000408172607
566,-1.2203462382764318,0.43024417990792013,0.6210875457401882,135.508413463097,5.5817999839782715
567,-1.2319313252167368,0.4676370607116811,0.7207405908428641,136.31216921566798,0.34150001406669617
568,-1.2407475299405486,0.49676535464531746,0.8167691192786964,137.10469142666,5.025100231170654
569,-1.2535092111493176,0.5356120315376091,0.9063871062685961,137.88585494762876,1.1377999782562256
570,-1.2638757245614045,0.5662416600570133,1.0025172269211395,138.6555364237987,4.887899875640869
571,-1.2724983101970486,0.591768291314276,1.0747891068351665,139.4136143135423,5.348700046539307
572,-1.2852409902462492,0.6275227117176276,1.1500520009640502,140.15996890757296,4.444900035858154
573,-1.2940896684247019,0.6514199174780532,1.1975329797618435,140.8944823478481,1.2062000036239624
574,-1.3026891861661378,0.6745324256531284,1.2510852785426365,141.61703864618087,5.913899898529053
575,-1.3117979336762793,0.69891610484863,1.2901689780844636,142.3275237025556,5.065000057220459
576,-1.3198794446852833,0.717837251910805,1.3264082265995885,143.02582532314568,3.7111001014709473
577,-1.3278210390998293,0.7347245016176863,1.3485324948031667,143.71183323803024,2.7985999584198
578,-1.3345474827848594,0.7496848458329152,1.3732745153533288,144.38543911860708,5.7769999504089355
579,-1.3448179443031352,0.7742664488570503,1.3820024200832388,145.04653659469895,5.2164998054504395
580,-1.3480769373260242,0.777189828021095,1.3816090288994518,145.69502127135064,3.4885001182556152
581,-1.3566262157963676,0.7954190635281447,1.3791317766629707,146.3307907453144,3.9228999614715576
582,-1.3620880304449619,0.8044694841500227,1.3755477334275152,146.95374462122004,2.023200035095215
583,-1.3658656195118855,0.8059256410137644,1.3509185125678482,147.5637845274291,2.3234000205993652
584,-1.3725658971559647,0.8210209350870702,1.3340622747385875,148.16081413156866,0.019099999219179153
585,-1.3779827601602128,0.826762761545808,1.3115236956161542,148.74473915574316,6.192800045013428
586,-1.3833678693711788,0.8330223429929852,1.2769826397331583,149.31546739142215,0.4097999930381775
587,-1.387283331546889,0.8356478333290109,1.2357559319851312,149.8729087140013,0.147599995136261
588,-1.3908755455866675,0.8377747706340656,1.1985804304849987,150.4169750970336,3.442199945449829
589,-1.3951592862531068,0.8400592811063459,1.1534916582269354,150.9475806261301,5.766300201416016
590,-1.401231958266306,0.8518961209640865,1.1162033316321696,151.4646415125269,3.084399938583374
591,-1.4002960403227371,0.838409016101264,1.0600980832674434,151.96807610631598,5.093900203704834
592,-1.406663378503185,0.8481000335598117,1.0168732905346194,152.45780490933905,5.091899871826172
593,-1.4041147346386504,0.8268262253422324,0.9334862817615529,152.93375058774097,3.3973000049591064
594,-1.4079614811984635,0.8306515895181638,0.8888161879001016,153.39583798418175,1.7639000415802002
595,-1.4102043414337544,0.8261576756855821,0.825376951738893,153.84399412970487,4.298799991607666
596,-1.4121072211486372,0.822799387638198,0.7662711509863649,154.27814825525974,2.639899969100952
597,-1.4126282898775067,0.8172529114197824,0.7257254416954506,154.698231802877,4.59630012512207
598,-1.414642877453669,0.813333728627704,0.660354543419762,155.1041784364948,4.55019998550415
599,-1.4148895124918215,0.8052199041851693,0.6095589902041649,155.4959240524338,3.6763999462127686
600,-1.4135895587034812,0.7895997901401822,0.5351737912715938,155.87340678951992,5.613800048828125
601,-1.418696884148917,0.8002366658528616,0.5168962846417863,156.2365670388531,3.137700080871582
602,-1.4164273412051265,0.782519137236402,0.43809090419990304,156.5853474532201,1.0805000066757202
603,-1.4180921335517245,0.7827694183638718,0.4119632712499772,156.91969295615027,0.4693000018596649
604,-1.415883607894308,0.7639848688862537,0.33642728141549316,157.2395507506128,4.394700050354004
605,-1.4187865826900854,0.7692091013023852,0.3098450803475213,157.54487032735418,2.6401000022888184
606,-1.4202247462881983,0.7661496430614809,0.2711016923619411,157.8356034728737,3.5046000480651855
607,-1.418647801787865,0.7536976385274411,0.21241139912889134,158.11170427703752,2.4123001098632812
608,-1.4166324117523712,0.7424977547461958,0.17930338867478973,158.3731291403279,2.108099937438965
609,-1.4184651096470247,0.7421341812102853,0.14707695386176353,158.61983678072846,3.737600088119507
610,-1.4177522764116075,0.7355534383111767,0.11187557742915716,158.85178824024285,1.3968000411987305
611,-1.4176424364706612,0.7303953718876679,0.07791482939727509,159.06894689104672,3.7527999877929688
612,-1.416948837650337,0.7232362371865062,0.05396818443249483,159.27127844127176,5.684299945831299
613,-1.4170512254887753,0.7191388837226682,0.021235102829516433,159.45875094042066,4.595900058746338
614,-1.4170676505010538,0.716499242790956,0.010456099080549055,159.63133478441256,5.8933000564575195
615,-1.4153716302061587,0.7073300886619094,-0.01962645668664194,159.78900272025783,5.305099964141846
616,-1.4160776114632776,0.7064591356421093,-0.03304199835151967,159.93172985036165,3.3524999618530273
617,-1.4154164702805034,0.7005993892841738,-0.05892467427701228,160.05949363645567,6.208799839019775
618,-1.416851342393324,0.7041263918503887,-0.06511869663199875,160.17227390315696,1.1812000274658203
619,-1.4159295006468797,0.6956482638755949,-0.09312611446084153,160.27005284115398,0.09920000284910202
620,-1.4163751083267218,0.6991290822340885,-0.08279692109036381,160.352815010019,4.104300022125244
621,-1.4138416649516772,0.687127403995774,-0.11022177755250244,160.42054734064607,0.75
622,-1.413756298098874,0.6861649862811952,-0.11489699921554604,160.4732391373151,5.074100017547607
623,-1.4157396710519514,0.6932668587848346,-0.10592247751345764,160.51088207938048,3.2718000411987305
624,-1.4157396710519592,0.6932668587850184,-0.1059224775140614,160.53347022258532,4.479599952697754
625,-1.4157396710519565,0.6932668587849854,-0.10592247751337591,160.541,4.5991997718811035
626,-1.413756298098866,0.6861649862812242,-0.1148969992154478,160.53347022258532,6.228700160980225
627,-1.4138416649516754,0.6871274039957826,-0.11022177755230224,160.51088207938048,0.9132999777793884
628,-1.4163751083267273,0.6991290822339506,-0.08279692109024635,160.4732391373151,0.6225000023841858
629,-1.4159295006468597,0.695648263875721,-0.09312611446080227,160.42054734064607,5.08620023727417
630,-1.4168513423933153,0.7041263918501756,-0.06511869663235362,160.352815010019,3.6098999977111816
631,-1.4154164702805028,0.700599389284189,-0.05892467427743255,160.27005284115398,5.433700084686279
632,-1.4160776114632763,0.7064591356421104,-0.0330419983512034,160.17227390315693,4.671599864959717
633,-1.4153716302061612,0.7073300886618279,-0.019626456686698584,160.05949363645567,0.6743999719619751
634,-1.4170676505010449,0.7164992427909884,0.010456099080601064,159.93172985036165,3.1136999130249023
635,-1.417051225488776,0.7191388837226615,0.021235102829217416,159.78900272025783,4.051400184631348
636,-1.4169488376503359,0.7232362371864941,0.05396818443253169,159.63133478441256,0.6764000058174133
637,-1.4176424364706643,0.7303953718874219,0.07791482939769795,159.45875094042066,5.82480001449585
638,-1.4177522764116366,0.7355534383111156,0.11187557742928858,159.27127844127176,5.300099849700928
639,-1.4184651096470442,0.7421341812100708,0.14707695386225078,159.06894689104675,0.5152000188827515
640,-1.4166324117523625,0.7424977547460155,0.17930338867510376,158.85178824024285,2.271199941635132
641,-1.4186478017878552,0.7536976385273684,0.2124113991287992,158.6198367807285,0.6420000195503235
642,-1.4202247462881912,0.7661496430615429,0.27110169236186626,158.37312914032793,5.085999965667725
643,-1.4187865826901018,0.7692091013025424,0.30984508034729763,158.11170427703752,2.6939001083374023
644,-1.4158836078943078,0.7639848688862642,0.3364272814153248,157.83560347287374,3.1819000244140625
645,-1.418092133551739,0.782769418363964,0.41196327124998533,157.54487032735418,3.4820001125335693
646,-1.4164273412051145,0.7825191372363529,0.4380909041997913,157.23955075061286,5.460899829864502
647,-1.4186968841489118,0.8002366658526517,0.5168962846413713,156.91969295615024,5.882299900054932
648,-1.4135895587034784,0.7895997901398997,0.535173791271955,156.5853474532201,3.386399984359741
649,-1.4148895124918204,0.8052199041851958,0.6095589902042234,156.23656703885308,3.47379994392395
650,-1.4146428774536726,0.8133337286277056,0.6603545434190351,155.87340678951995,3.0541999340057373
651,-1.4126282898775193,0.8172529114199634,0.7257254416949772,155.49592405243382,0.15109999477863312
652,-1.412107221148676,0.8227993876385592,0.7662711509848602,155.1041784364948,1.9627000093460083
653,-1.410204341433838,0.8261576756863384,0.8253769517375037,154.698231802877,0.4341999888420105
654,-1.4079614811984877,0.8306515895182319,0.8888161878994951,154.27814825525974,0.7742999792098999
655,-1.4041147346386451,0.8268262253421345,0.9334862817619627,153.84399412970492,5.84119987487793
656,-1.4066633785031815,0.8481000335599218,1.016873290534621,153.3958379841818,1.8909000158309937
657,-1.4002960403227336,0.8384090161013338,1.0600980832677833,152.93375058774097,5.206399917602539
658,-1.4012319582662816,0.8518961209638922,1.1162033316320439,152.45780490933902,5.904900074005127
659,-1.3951592862531224,0.8400592811064033,1.1534916582271548,151.968076106316,6.093299865722656
660,-1.3908755455866697,0.8377747706340893,1.1985804304853889,151.46464151252695,1.5134999752044678
661,-1.387283331546895,0.8356478333290276,1.2357559319844431,150.9475806261301,0.9954000115394592
662,-1.383367869371181,0.8330223429929828,1.2769826397332193,150.41697509703363,2.3236000537872314
663,-1.3779827601601962,0.8267627615457753,1.3115236956160672,149.87290871400137,2.9725000858306885
664,-1.3725658971559527,0.8210209350871289,1.3340622747388073,149.31546739142215,2.1691999435424805
665,-1.3658656195118724,0.8059256410137018,1.350918512567958,148.74473915574313,2.0195000171661377
666,-1.3620880304449559,0.804469484149975,1.375547733427632,148.16081413156869,2.9286000728607178
667,-1.3566262157963933,0.7954190635287438,1.3791317766628233,147.5637845274292,4.425600051879883
668,-1.3480769373260448,0.7771898280214775,1.3816090288995713,146.95374462122004,6.047299861907959
669,-1.3448179443031967,0.774266448856688,1.382002420084045,146.33079074531446,1.7039999961853027
670,-1.3345474827848482,0.7496848458327952,1.373274515353233,145.6950212713507,4.289299964904785
671,-1.3278210390998293,0.7347245016178217,1.348532494803376,145.04653659469898,3.198899984359741
672,-1.3198794446852833,0.7178372519108055,1.3264082265998105,144.38543911860705,4.437099933624268
673,-1.3117979336762777,0.6989161048485477,1.2901689780842704,143.7118332380303,4.825399875640869
674,-1.302689186166139,0.6745324256531131,1.251085278542792,143.02582532314577,2.5085999965667725
675,-1.294089668424701,0.651419917478061,1.1975329797623588,142.32752370255565,3.585200071334839
676,-1.2852409902462452,0.6275227117175646,1.1500520009644164,141.61703864618084,5.1570000648498535
677,-1.2724983101970522,0.5917682913143647,1.0747891068351128,140.8944823478481,5.741499900817871
678,-1.2638757245614125,0.5662416600568418,1.0025172269214073,140.159968907573,0.8953999876976013
679,-1.2535092111493031,0.5356120315376,0.9063871062684326,139.41361431354233,5.894999980926514
680,-1.2407475299405388,0.4967653546452182,0.8167691192783515,138.65553642379876,0.06239999830722809
681,-1.2319313252167206,0.4676370607117366,0.7207405908423765,137.88585494762884,2.0789999961853027
682,-1.2203462382765167,0.43024417990855757,0.6210875457399294,137.10469142666005,4.592800140380859
683,-1.2090517836789285,0.3921700010374038,0.5095035767584698,136.31216921566795,6.265500068664551
684,-1.1947540489618975,0.34348764419491723,0.368610218944624,135.50841346309699,2.561800003051758
685,-1.1837178370525572,0.30479492194861596,0.2340190530437947,134.69355109129782,5.957300186157227
686,-1.1708576953144147,0.25916769537360157,0.08807554273205992,133.867710776485,5.848199844360352
687,-1.157315389574408,0.21130660082792413,-0.05990551287670232,133.031022928418,0.5637000203132629
688,-1.1417881268128212,0.154606433084651,-0.20585451656540302,132.18361966980683,6.072500228881836
689,-1.1298141504291352,0.11038552773495547,-0.3804055329570777,131.3256348154498,5.665299892425537
690,-1.1121267107130184,0.04746568250222973,-0.5496664150809575,130.45720385110124,1.1813000440597534
691,-1.099184228983094,-0.001790938368822256,-0.7230441832625787,129.57846391207778,0.3752000033855438
692,-1.0860507676209206,-0.05000782498462876,-0.884051597939395,128.68955376160238,2.0611000061035156
693,-1.0690793116563675,-0.11246581067988905,-1.0689821880684411,127.79061376889234,3.942699909210205
694,-1.053662220676752,-0.16600839682614846,-1.2261238202052798,126.88178588699314,3.882200002670288
695,-1.0361192256718268,-0.2280775313512183,-1.4133626176256175,125.9632136303633,4.485099792480469
696,-1.018590388318609,-0.2872655087105332,-1.5800471511199448,125.03504205221029,5.775400161743164
697,-1.0022311482682325,-0.3414963678187067,-1.7144983388572261,124.09741772158591,4.677499771118164
698,-0.9829175868149876,-0.40297398147316377,-1.8683832329888308,123.15048870024148,1.3253999948501587
699,-0.9674205671870729,-0.4513304080023741,-2.0096925205288,122.19440451924652,2.078200101852417
700,-0.9456026733435676,-0.5131244180376346,-2.113754749248472,121.22931615537632,4.867000102996826
701,-0.9259490853696942,-0.5684699159968754,-2.222065060730915,120.25537600727135,6.1168999671936035
702,-0.9054287741712355,-0.6213866523435531,-2.2905334047500716,119.27273787137142,4.899799823760986
703,-0.8865400395115169,-0.6692656536642717,-2.3645605033258836,118.2815569176291,5.891900062561035
704,-0.8663530527857031,-0.7186706293575827,-2.3909561114860205,117.28198966500719,0.6883999705314636
705,-0.8456291174996508,-0.7639010119952202,-2.41035183318215,116.27419395676203,5.69379997253418
706,-0.8245101923126621,-0.8106364149642897,-2.4020721853172384,115.25832893551888,0.5860000252723694
707,-0.8030133726904368,-0.8550933228579373,-2.369818603523105,114.23455501814098,3.5685999393463135
708,-0.7801057884333563,-0.8980983112427834,-2.307207944317904,113.20303387039758,1.1893999576568604
709,-0.7608173584670679,-0.9356425149439409,-2.2344212276400133,112.16392838143595,5.554100036621094
710,-0.7380932804452607,-0.9786192983400782,-2.138308204850336,111.11740263805838,4.608099937438965
711,-0.7180673544149507,-1.0153445220199169,-2.040108919894978,110.06362189881143,3.300299882888794
712,-0.6950455941865177,-1.0537707867191355,-1.906656585023416,109.00275256788936,1.4918999671936035
713,-0.6744165429722654,-1.0934231158425214,-1.7905735760187196,107.9349621688581,2.848900079727173
714,-0.6527796430410835,-1.1315753430738529,-1.647131273273406,106.86041931819958,5.189799785614014
715,-0.6317579281649592,-1.1708067804440354,-1.5180839212434172,105.77929369868626,0.597599983215332
716,-0.6098446592916292,-1.212919301348556,-1.3842271154767973,104.69175603258657,6.042200088500977
717,-0.5881422820158749,-1.2539166159016333,-1.2573820544520753,103.59797805470498,2.4089999198913574
718,-0.5642839821823652,-1.2989490943591107,-1.1418509601972389,102.49813248526351,4.755000114440918
719,-0.5389933911415338,-1.3467120671455917,-1.0258025957190495,101.39239300262754,5.543600082397461
720,-0.5147953405525169,-1.3892447851164522,-0.9341948193689701,100.28093421587968,0.15649999678134918
721,-0.4891742693279504,-1.4367732849566435,-0.8651509147953276,99.16393163724666,0.29269999265670776
722,-0.4617737096250799,-1.484963092949116,-0.8142974727762816,98.04156165438431,4.764900207519531
723,-0.4328380134618989,-1.5337731374584707,-0.7700193645769717,96.91400150252372,4.126299858093262
724,-0.40491251320067384,-1.577470164987927,-0.7552855299760417,95.78142923648412,4.297699928283691
725,-0.3721944311076002,-1.6215424797955607,-0.7415427603705544,94.64402370255566,0.10339999943971634
726,-0.34137946014532145,-1.6631046717043676,-0.7449627347405576,93.50196451025704,5.251999855041504
727,-0.30673052223636094,-1.7015255936416072,-0.7654235238851372,92.35543200397424,6.020299911499023
728,-0.2722457954116323,-1.734226993289263,-0.7900833867143288,91.20460723448085,5.798799991607666
729,-0.2368304275489361,-1.7623553322892076,-0.8106241860276245,90.04967193034877,0.19460000097751617
730,-0.2007888552102152,-1.7865542488832886,-0.8343490560106674,88.89080846925062,0.4189999997615814
731,-0.1632771737262477,-1.8026189342625443,-0.8522796242413823,87.72819984916154,1.3265000581741333
732,-0.1291052824931066,-1.8153294906121094,-0.8598388414254376,86.56202965945968,5.6743998527526855
733,-0.0903430305036832,-1.821543779353259,-0.8463405138502642,85.39248205193671,0.8736000061035156
734,-0.055410731114299804,-1.8223471840297831,-0.8275662103660885,84.21974171171749,5.733099937438965
735,-0.019080627666543525,-1.8186921890926586,-0.7825360196851691,83.04399382809692,3.531599998474121
736,0.01777355932847651,-1.8084443718107162,-0.7129758735824222,81.86542406529517,0.3880999982357025
737,0.05103907806319679,-1.798203350789807,-0.6330005242637334,80.68421853314038,6.189899921417236
738,0.08745376523054417,-1.779690960850165,-0.5259388816539837,79.50056375767923,3.6242001056671143
739,0.11992226448149032,-1.7630965816535218,-0.4045195774138847,78.31464665172194,3.980299949645996
740,0.14952170956676092,-1.7441474900585257,-0.2714561336501121,77.12665448532715,4.56879997253418
741,0.18442715447624453,-1.7198019554334107,-0.10383421967983827,75.93677485622938,5.7733001708984375
742,0.211707792878614,-1.6997142328722175,0.06308903700743344,74.74519566021576,1.219499945640564
743,0.24090823441918374,-1.6756932459816078,0.24636572470490417,73.55210506145475,2.243000030517578
744,0.2669004421472445,-1.6556820633719582,0.42040671917680605,72.35769146278247,0.6712999939918518
745,0.29209155707706996,-1.6348376254637598,0.6070475641515837,71.16214347595204,5.070000171661377
746,0.31853847128698665,-1.6128157909552356,0.797739479178311,69.96564989185016,2.365999937057495
747,0.3409947221091245,-1.5966674134699252,0.9760020578081168,68.7683996506838,5.414899826049805
748,0.36158946474504317,-1.5822039790869318,1.1362793102456643,67.57058181214465,5.8140997886657715
749,0.3838357336832789,-1.5661302131430759,1.3028039031717729,66.37238552555566,0.8259000182151794
750,0.403612203797011,-1.5527016344176112,1.4431940794945013,65.17400000000004,0.531000018119812
751,0.4236890735721143,-1.5394842063935281,1.5815055441778425,63.97561447444443,3.396899938583374
752,0.4435429961213096,-1.5269363495728008,1.6995247761952335,62.777418187855254,4.991000175476074
753,0.4618709181867669,-1.5161461472903341,1.8016753084284807,61.57960034931645,4.185800075531006
754,0.47933677414092013,-1.503920939958266,1.882777657941115,60.38235010814992,4.858799934387207
755,0.49847568711063894,-1.4917495602754056,1.9565829381100077,59.18585652404805,1.3859000205993652
756,0.5147229564511749,-1.478573180700487,2.0035929365470033,57.99030853721762,0.6467999815940857
757,0.532065020366102,-1.4632026913001879,2.0344349779476634,56.79589493854533,0.36390000581741333
758,0.5480949971811797,-1.44947906159898,2.0524684320866498,55.60280433978432,1.798699975013733
759,0.5643253394996818,-1.432002525548583,2.0543631512548477,54.41122514377071,2.9293999671936035
760,0.5832838757547996,-1.405288853773431,2.039519759789498,53.22134551467294,5.294400215148926
761,0.5981069025449252,-1.387555500625051,2.019313793488503,52.03335334827814,4.132400035858154
762,0.6152274514331276,-1.3607243232883657,1.9805749518889129,50.84743624232085,1.8841999769210815
763,0.6312960318817973,-1.3299827570031928,1.930994496151208,49.66378146685953,6.19789981842041
764,0.6475139354347197,-1.299552329995515,1.8767942382477603,48.48257593470492,1.6162999868392944
765,0.6624716942831895,-1.2699565694543606,1.8122237501612937,47.30400617190334,2.4728000164031982
766,0.6797491760013449,-1.2281538318157,1.7325453280078007,46.128258288282595,5.301300048828125
767,0.6957909964986884,-1.1893918855400114,1.6487449381255619,44.955517948063374,0.15530000627040863
768,0.7092786485792602,-1.1562282272659354,1.5761320509700216,43.78597034054039,0.6315000057220459
769,0.7246495662015805,-1.1117815913965734,1.485256793020926,42.61980015083854,5.532899856567383
770,0.7384642399455896,-1.0730242097854323,1.4057426195324993,41.4571915307493,5.0218000411987305
771,0.7545617218561368,-1.0200549582237242,1.300085075514999,40.298328069651475,1.0492000579833984
772,0.7682374161200873,-0.9766656299589263,1.2151289128424387,39.14339276551923,4.17110013961792
773,0.78146028935168,-0.9330439067797177,1.13127023819743,37.99256799602585,1.183899998664856
774,0.7951493650905423,-0.8837103009855016,1.0416390718307271,36.846035489742874,4.212399959564209
775,0.807774070152426,-0.8345165995036934,0.9538327950030658,35.70397629744443,3.801800012588501
776,0.8217562705616536,-0.7814484996158643,0.8634954162241487,34.56657076351597,4.632199764251709
777,0.8345289641265341,-0.7268647415093802,0.7794304177542537,33.433998497476516,1.69350004196167
778,0.8454227413350299,-0.681751820436809,0.7078664749912953,32.30643834561576,2.727299928665161
779,0.8570204278085014,-0.6286052741796843,0.630339942461253,31.184068362753422,3.421799898147583
780,0.8684570659165695,-0.5759343722651119,0.5570552354429356,30.067065784120388,5.351600170135498
781,0.8785594189127899,-0.5270303243867189,0.4903280077323275,28.955606997372378,0.8359000086784363
782,0.8895383928453331,-0.46919123962858394,0.41687441766272665,27.849867514736566,1.5887000560760498
783,0.8989680523013702,-0.42374246164463497,0.36040868606066756,26.750021945295252,0.8985999822616577
784,0.90792568155506,-0.3725192012561704,0.3063345300534645,25.656243967413502,0.40790000557899475
785,0.9174384048263422,-0.3192731559794268,0.2454609711740727,24.56870630131366,5.454500198364258
786,0.9260123044582586,-0.26882360436417335,0.19368894185206822,23.487580681800495,3.1977999210357666
787,0.9328454388515851,-0.22627962591038664,0.1500561548019658,22.413037831141978,3.6963000297546387
788,0.9411643424861916,-0.17535511936140374,0.10407026671454597,21.345247432110718,1.1019999980926514
789,0.9482970354283229,-0.13069202319663803,0.06035884590996995,20.284378101188793,0.9810000061988831
790,0.9545292202129129,-0.08230321960544457,0.021264209199116084,19.230597361941697,0.31779998540878296
791,0.9610055110237814,-0.03689835276421242,-0.01516312004552272,18.18407161856412,3.354599952697754
792,0.9672624973431028,0.007732130329810917,-0.050431867616316434,17.144966129602352,1.2582000494003296
793,0.9720565951571726,0.0504170990930296,-0.08140496642673335,16.113444981859104,0.8184000253677368
794,0.977364490157807,0.08986100304436205,-0.10904851671788932,15.089671064481202,5.381999969482422
795,0.9822171536587746,0.13305398317830222,-0.13782083728484773,14.073806043238179,0.7566999793052673
796,0.9861789607530884,0.1697044831205054,-0.1618477654793396,13.066010334992889,4.865900039672852
797,0.9905947376266255,0.21220359197942967,-0.18930045794690695,12.06644308237096,5.8242998123168945
798,0.9943259931102864,0.2528416674546927,-0.21161237390743076,11.075262128628665,1.0807000398635864
799,0.997729234027868,0.2907246539085787,-0.23358776157276553,10.092623992728726,2.691499948501587
800,1.0006315793617715,0.3205206023319658,-0.24700797900477114,9.118683844623753,1.478700041770935
801,1.0038089718645993,0.35848291123224224,-0.26601275632975424,8.153595480753694,5.489799976348877
802,1.0061829429463829,0.38899364816044346,-0.2791811293369924,7.197511299758581,1.5616999864578247
803,1.0084078159385854,0.4210638890393889,-0.2926282300696559,6.250582278414029,0.07119999825954437
804,1.0097920435076642,0.44653452482302314,-0.3056265724525991,5.312957947789769,2.6010000705718994
805,1.0113326166055845,0.4756327436360156,-0.31724072402119396,4.384786369636771,5.881899833679199
806,1.0125356938391625,0.5046330914280218,-0.3311246197225485,3.46621411300692,2.4986000061035156
807,1.0142968170864752,0.5368118860637924,-0.3405029227856857,2.5573862311078415,2.6956000328063965
808,1.015240911537248,0.5610166551899195,-0.35050765628664876,1.6584462383976941,1.014299988746643
809,1.015921175028795,0.5847264592811512,-0.35878062762501095,0.7695360879222903,1.8137999773025513
810,1.0171084270204584,0.6127165085930872,-0.3657085132385977,359.89079614889886,4.372399806976318
811,1.0173593821372537,0.6335042901373471,-0.3698336491044618,359.02236518455027,3.7551000118255615
812,1.0175628735579791,0.6573847615557211,-0.3794310451790468,358.16438033019324,4.497300148010254
813,1.0178049595027465,0.6781031340074383,-0.3836158936216727,357.3169770715822,2.5125999450683594
814,1.0178603800987784,0.706115405652069,-0.3893368732421496,356.4802892235149,0.9399999976158142
815,1.0176332229712244,0.7203887849833592,-0.3956953775433229,355.6544489087022,0.3903999924659729
816,1.0172989720106227,0.7379566788124539,-0.3962407058266796,354.8395865369031,2.6431000232696533
817,1.0169778206604494,0.7534592244170912,-0.39903394192549674,354.0358307843321,3.604099988937378
818,1.0161363077721715,0.7713555530556927,-0.40401083543594424,353.24330857334,0.6818000078201294
819,1.0157764213769718,0.7896179583278681,-0.40544002601998724,352.4621450523713,0.298799991607666
820,1.0152194006350743,0.8078723963896614,-0.40812908962001465,351.6924635762013,1.648900032043457
821,1.0144240139364908,0.823995610525924,-0.41139671389190235,350.93438568645774,0.4927999973297119
822,1.014020144445683,0.8349845368885878,-0.4075600912916762,350.1880310924271,5.130300045013428
823,1.0130452441412994,0.8540817016130902,-0.4096467630181914,349.45351765215196,4.590700149536133
824,1.0116507114195197,0.8691535958677652,-0.41262458564035637,348.7309613538192,2.152100086212158
825,1.0103667150681817,0.8773683811709669,-0.41273098923775114,348.0204762974444,5.303400039672852
826,1.0093374499881271,0.8905757818803468,-0.4102272908322914,347.3221746768543,5.112299919128418
827,1.008297357457085,0.9042793123647538,-0.4107789629463129,346.6361667619698,2.7416999340057373
828,1.0072428002594846,0.9144688804729295,-0.41247516933567463,345.96256088139296,5.575399875640869
829,1.006128757044774,0.9276423172446596,-0.4062285927018442,345.3014634053011,1.545699954032898
830,1.0047807406563332,0.93387570348454,-0.40946145093718495,344.6529787286494,1.3669999837875366
831,1.0037440523249768,0.9462996346338372,-0.4027437645821015,344.01720925468567,3.4179000854492188
832,1.0020024337244877,0.9545907799699528,-0.4054856377325166,343.3942553787799,0.9083999991416931
833,1.0011047177047536,0.9640275195926534,-0.4001229901049619,342.78421547257085,5.9695000648498535
834,0.9994586299253564,0.9727558635363777,-0.3979076122672505,342.18718586843136,3.440700054168701
835,0.9981657085649887,0.9809844277315946,-0.394637631264912,341.6032608442569,2.3912999629974365
836,0.9968862909600653,0.9891217388381303,-0.3926918844785811,341.0325326085778,2.287400007247925
837,0.9952584069215392,0.9959606846947547,-0.38964136526176035,340.47509128599876,5.5802998542785645
838,0.9941372472889415,1.0066654624578775,-0.389035214802841,339.93102490296644,5.742599964141846
839,0.9930085815773659,1.0127001128486115,-0.3810880896692039,339.4004193738699,1.7235000133514404
840,0.9913118259209461,1.0172297797097114,-0.3804080162462214,338.8833584874731,5.262599945068359
841,0.9901050727761936,1.024850946537115,-0.37244357756567426,338.379923893684,6.15880012512207
842,0.9885828152470916,1.031437352486411,-0.3722964685115146,337.890195090661,0.11219999939203262
843,0.9876580874223936,1.0352321260285362,-0.3697758342677306,337.41424941225904,0.24789999425411224
844,0.986174645483623,1.0434284799054478,-0.36035809065700775,336.9521620158182,4.262599945068359
845,0.9849167178451104,1.0454835875942488,-0.3612251933773387,336.50400587029515,3.922300100326538
846,0.9837250286895841,1.0522332790169588,-0.35797142663098475,336.0698517447403,2.3958001136779785
847,0.9820871034083246,1.0521959573416724,-0.3521236395136327,335.64976819712297,0.15320000052452087
848,0.9816157301035728,1.0608684835726492,-0.3471450869275039,335.2438215635052,4.277900218963623
849,0.9800197568036152,1.0625857550982645,-0.3439452980268034,334.8520759475663,3.928100109100342
850,0.9789802910883317,1.0635966166801634,-0.339861776434339,334.4745932104801,6.0640997886657715
851,0.9779062046143592,1.07184488238958,-0.33524634314730956,334.1114329611469,0.5019999742507935
852,0.9765981646099373,1.0732553225529113,-0.3349188675738445,333.7626525467799,1.7964999675750732
853,0.9758950772437812,1.0754730938624133,-0.3277265293951228,333.42830704384977,2.3443000316619873
854,0.975029597001081,1.0863916937765634,-0.32314213380179885,333.10844924938715,3.800100088119507
855,0.9737498013471462,1.0834024610041373,-0.32297378180468406,332.80312967264587,5.308300018310547
856,0.9725035214237228,1.0834751815866575,-0.3199256623763336,332.51239652712627,4.021900177001953
857,0.9714776962733931,1.0853598688236625,-0.31832764689907833,332.2362957229625,4.025199890136719
858,0.9714366738362666,1.092109171976738,-0.3139044340106942,331.9748708596721,0.955299973487854
859,0.9698372805470612,1.0905883674235293,-0.31023802218153873,331.72816321927155,1.5226999521255493
860,0.9699034296089714,1.0924153315738383,-0.3079874380682926,331.49621175975716,1.5241999626159668
861,0.9691865070152729,1.0960808408354754,-0.30569767505473167,331.2790531089533,4.5518999099731445
862,0.9682033455852355,1.1003366993834065,-0.3010024928762193,331.0767215587282,5.014599800109863
863,0.9677572201358714,1.09895506762521,-0.2992443071809184,330.88924905957936,0.879800021648407
864,0.9669655224309286,1.0947283505510441,-0.29359586252322845,330.71666521558745,1.1208000183105469
865,0.9666159853000768,1.0988841903155417,-0.29376046518729887,330.5589972797422,0.3425000011920929
866,0.9661502654598063,1.0989916137170015,-0.29294594975604166,330.41627014963836,5.972499847412109
867,0.9658453734874759,1.101057800969039,-0.28749938716866485,330.28850636354434,1.6583000421524048
868,0.9656421775380362,1.1043546665408428,-0.2884777483396168,330.17572609684305,5.175000190734863
869,0.9647658839485173,1.103922879580529,-0.29001640014595587,330.07794715884603,2.67930006980896
870,0.9647139411147633,1.1063742640436445,-0.2851128134250509,329.995184989981,3.0669000148773193
871,0.9650239959385704,1.1072690622059849,-0.2838818883527993,329.92745265935395,5.662199974060059
872,0.9644869877615636,1.1043010934898434,-0.28699435081688385,329.8747608626849,4.792300224304199
873,0.9644869877615627,1.104301093489884,-0.2869943508166562,329.83711792061956,0.3682999908924103
874,0.9644869877615635,1.1043010934898658,-0.28699435081720664,329.8145297774147,4.0346999168396
875,0.9644869877615628,1.1043010934898736,-0.2869943508164947,329.807,0.48249998688697815
876,0.9644869877615627,1.1043010934898514,-0.2869943508167448,329.8145297774147,4.51639986038208
877,0.9650239959384388,1.1072690622062957,-0.2838818883527845,329.83711792061956,3.8754000663757324
878,0.964713941114723,1.1063742640439045,-0.2851128134255651,329.8747608626849,2.2079999446868896
879,0.96476588394855,1.1039228795797549,-0.2900164001447984,329.9274526593539,1.4744999408721924
880,0.9656421775380353,1.104354666540837,-0.2884777483398958,329.99518498998106,5.520100116729736
881,0.9658453734874702,1.1010578009691026,-0.28749938716923973,330.07794715884603,4.32859992980957
882,0.9661502654598053,1.0989916137169573,-0.292945949756355,330.17572609684305,2.0671000480651855
883,0.9666159853000872,1.0988841903156559,-0.2937604651872457,330.28850636354434,4.450900077819824
884,0.9669655224308392,1.09472835055099,-0.29359586252203135,330.41627014963836,5.818999767303467
885,0.9677572201359302,1.0989550676253041,-0.2992443071818388,330.5589972797422,4.650899887084961
886,0.9682033455852066,1.1003366993831993,-0.30100249287638015,330.71666521558745,0.4763999879360199
887,0.9691865070152671,1.0960808408355418,-0.3056976750550217,330.88924905957936,5.215700149536133
888,0.9699034296089695,1.0924153315738367,-0.3079874380679821,331.07672155872825,1.413699984550476
889,0.969837280547066,1.0905883674234527,-0.310238022181893,331.27905310895324,3.7077999114990234
890,0.9714366738362623,1.0921091719766576,-0.31390443400998846,331.4962117597571,3.1858999729156494
891,0.9714776962733899,1.0853598688236448,-0.3183276468988164,331.72816321927155,4.929999828338623
892,0.9725035214236892,1.0834751815866854,-0.31992566237471454,331.97487085967214,6.099100112915039
893,0.9737498013471184,1.0834024610034185,-0.3229737818046608,332.2362957229625,4.217599868774414
894,0.9750295970011065,1.0863916937772407,-0.3231421338010396,332.51239652712627,2.8980000019073486
895,0.9758950772437986,1.0754730938623307,-0.32772652939493463,332.8031296726458,0.5333999991416931
896,0.9765981646099681,1.0732553225528618,-0.33491886757389777,333.10844924938715,2.466900110244751
897,0.9779062046143598,1.0718448823895501,-0.3352463431481349,333.4283070438497,0.05139999836683273
898,0.9789802910883076,1.0635966166803057,-0.3398617764349763,333.7626525467799,3.842900037765503
899,0.9800197568037694,1.0625857550982283,-0.34394529802805146,334.11143296114693,6.116700172424316
900,0.9816157301035505,1.060868483572862,-0.3471450869256274,334.47459321048007,1.6132999658584595
901,0.9820871034083601,1.0521959573416502,-0.35212363951154835,334.85207594756616,4.668300151824951
902,0.9837250286895949,1.0522332790170483,-0.35797142663097997,335.2438215635052,3.4052999019622803
903,0.984916717845122,1.0454835875942323,-0.36122519337767434,335.64976819712297,0.10100000351667404
904,0.9861746454836112,1.0434284799054954,-0.3603580906571782,336.0698517447403,2.3736000061035156
905,0.98765808742239,1.0352321260285355,-0.36977583426763516,336.5040058702951,4.5808000564575195
906,0.9885828152470926,1.0314373524863807,-0.3722964685114637,336.95216201581826,0.482699990272522
907,0.990105072776158,1.0248509465372275,-0.37244357756613683,337.41424941225904,2.670599937438965
908,0.991311825920913,1.0172297797095353,-0.38040801624789056,337.8901950906609,3.8517000675201416
909,0.9930085815774194,1.0127001128483362,-0.3810880896686648,338.379923893684,5.311600208282471
910,0.994137247288941,1.0066654624579237,-0.3890352148027547,338.8833584874732,6.1016998291015625
911,0.9952584069215406,0.9959606846947896,-0.3896413652618151,339.4004193738699,5.0040998458862305
912,0.9968862909600666,0.9891217388381636,-0.3926918844787894,339.9310249029664,1.5640000104904175
913,0.9981657085649923,0.9809844277315753,-0.39463763126487733,340.4750912859987,6.036399841308594
914,0.9994586299253836,0.9727558635362702,-0.3979076122667201,341.03253260857775,4.908199787139893
915,1.0011047177047991,0.9640275195920112,-0.40012299010492525,341.6032608442568,2.08240008354187
916,1.0020024337244728,0.9545907799693684,-0.40548563773322865,342.18718586843136,2.8515000343322754
917,1.0037440523249752,0.946299634633831,-0.402743764582015,342.7842154725709,5.874499797821045
918,1.0047807406563423,0.9338757034844469,-0.4094614509367002,343.3942553787799,1.9737999439239502
919,1.0061287570447675,0.9276423172446716,-0.40622859270194656,344.01720925468555,2.8907999992370605
920,1.0072428002594962,0.914468880472952,-0.41247516933574613,344.6529787286493,1.0526000261306763
921,1.008297357457089,0.9042793123647218,-0.4107789629465523,345.30146340530104,2.9235000610351562
922,1.009337449988033,0.8905757818805382,-0.4102272908321823,345.96256088139296,6.158100128173828
923,1.0103667150681854,0.8773683811710568,-0.4127309892365864,346.6361667619697,4.829400062561035
924,1.0116507114194955,0.8691535958679152,-0.412624585641083,347.32217467685433,2.1547000408172607
925,1.0130452441412994,0.8540817016131009,-0.40964676301795155,348.02047629744436,4.530900001525879
926,1.0140201444456889,0.834984536888561,-0.4075600912921811,348.73096135381905,5.558700084686279
927,1.0144240139364924,0.8239956105259487,-0.41139671389195565,349.4535176521518,5.679999828338623
928,1.015219400635077,0.807872396389723,-0.4081290896202258,350.1880310924271,6.152299880981445
929,1.0157764213769553,0.7896179583277991,-0.40544002602046164,350.9343856864577,3.202500104904175
930,1.016136307772158,0.7713555530556165,-0.40401083543605265,351.69246357620125,4.806099891662598
931,1.0169778206604123,0.7534592244165208,-0.39903394192306607,352.4621450523713,3.6654999256134033
932,1.017298972010631,0.737956678812439,-0.3962407058266845,353.24330857333996,0.7989000082015991
933,1.0176332229712244,0.7203887849833582,-0.3956953775435302,354.03583078433195,1.3432999849319458
934,1.017860380098773,0.706115405651946,-0.3893368732419011,354.839586536903,1.1187000274658203
935,1.0178049595027354,0.6781031340073357,-0.3836158936217742,355.6544489087023,5.148799896240234
936,1.017562873557991,0.6573847615557799,-0.37943104517918536,356.480289223515,4.968100070953369
937,1.0173593821372668,0.6335042901374325,-0.3698336491053157,357.316977071582,2.083899974822998
938,1.017108427020443,0.61271650859375,-0.36570851323905046,358.164380330193,1.7312999963760376
939,1.0159211750287225,0.5847264592810775,-0.3587806276244744,359.02236518455015,0.9172000288963318
940,1.0152409115372762,0.5610166551898934,-0.350507656287004,359.89079614889874,1.8451999425888062
941,1.01429681708648,0.536811886063836,-0.3405029227853433,0.7695360879222335,0.09929999709129333
942,1.0125356938391656,0.5046330914281102,-0.33112461972179186,1.6584462383977652,1.448699951171875
943,1.0113326166055934,0.47563274363600844,-0.31724072402131925,2.5573862311077917,2.849299907684326
944,1.0097920435076584,0.44653452482341977,-0.30562657245372504,3.4662141130067283,3.1221001148223877
945,1.0084078159386871,0.4210638890387479,-0.29262823006750543,4.384786369636572,4.336100101470947
946,1.0061829429464058,0.38899364816021786,-0.27918112933672706,5.312957947789833,4.978700160980225
947,1.003808971864612,0.3584829112321823,-0.2660127563297131,6.2505822784141,3.459399938583374
948,1.0006315793617604,0.32052060233201857,-0.2470079790048565,7.197511299758517,4.090000152587891
949,0.997729234027883,0.2907246539084956,-0.23358776157269304,8.153595480753488,2.482800006866455
950,0.9943259931102884,0.2528416674547254,-0.21161237390763152,9.118683844623689,3.519200086593628
951,0.9905947376266321,0.21220359197942187,-0.18930045794748282,10.092623992728512,1.5104000568389893
952,0.9861789607531104,0.16970448312056569,-0.1618477654777794,11.075262128628594,1.4696999788284302
953,0.9822171536587578,0.13305398317882192,-0.13782083728452715,12.066443082371038,0.9437999725341797
954,0.9773644901577461,0.089861003044577,-0.10904851671664186,13.06601033499296,0.599399983882904
955,0.9720565951571734,0.05041709909303426,-0.0814049664269047,14.073806043237965,2.3041000366210938
956,0.9672624973431,0.007732130329927333,-0.050431867616130874,15.089671064480989,3.8364999294281006
957,0.961005511023787,-0.03689835276413612,-0.015163120045459137,16.113444981859026,2.1668999195098877
958,0.9545292202129124,-0.0823032196056154,0.021264209198700326,17.144966129602437,4.848999977111816
959,0.9482970354282795,-0.13069202319670914,0.060358845908598094,18.184071618564055,4.871099948883057
960,0.9411643424861937,-0.17535511936124978,0.10407026671393664,19.230597361941626,6.097499847412109
961,0.9328454388515346,-0.2262796259102545,0.15005615480135956,20.284378101188715,4.396399974822998
962,0.926012304458242,-0.2688236043641763,0.19368894185181226,21.34524743211049,1.0644999742507935
963,0.9174384048263409,-0.3192731559794605,0.2454609711741319,22.41303783114175,2.040800094604492
964,0.9079256815550586,-0.37251920125615356,0.3063345300534405,23.487580681800573,4.2778000831604
965,0.8989680523013636,-0.42374246164455825,0.36040868606094173,24.56870630131374,0.4487999975681305
966,0.8895383928453323,-0.46919123962858084,0.4168744176626569,25.65624396741343,2.2964999675750732
967,0.8785594189128326,-0.5270303243867455,0.49032800773147794,26.750021945295025,1.7305999994277954
968,0.8684570659165988,-0.5759343722648181,0.5570552354430138,27.849867514736495,4.36870002746582
969,0.8570204278084531,-0.6286052741799119,0.630339942460276,28.9556069973723,2.1939001083374023
970,0.845422741335039,-0.6817518204367383,0.7078664749910469,30.06706578412031,1.36080002784729
971,0.8345289641265353,-0.7268647415094366,0.7794304177546058,31.184068362753507,6.220099925994873
972,0.8217562705616491,-0.7814484996157641,0.863495416223875,32.306438345615845,5.974400043487549
973,0.8077740701524185,-0.8345165995035613,0.9538327950026717,33.43399849747628,3.6217000484466553
974,0.7951493650905763,-0.8837103009856474,1.0416390718304789,34.56657076351573,5.99459981918335
975,0.7814602893516985,-0.9330439067803156,1.1312702381992656,35.70397629744435,4.386000156402588
976,0.7682374161201164,-0.9766656299599376,1.215128912844676,36.84603548974296,4.490499973297119
977,0.7545617218561435,-1.0200549582237441,1.3000850755147384,37.99256799602577,3.0302999019622803
978,0.7384642399455681,-1.0730242097853933,1.4057426195326597,39.14339276551915,2.756700038909912
979,0.7246495662015838,-1.111781591396625,1.485256793020656,40.2983280696514,1.444000005722046
980,0.7092786485792465,-1.15622822726597,1.5761320509698689,41.45719153074922,3.6763999462127686
981,0.6957909964986984,-1.1893918855399674,1.6487449381256742,42.6198001508383,2.52239990234375
982,0.6797491760013635,-1.2281538318152505,1.7325453280078196,43.78597034054047,2.422800064086914
983,0.6624716942831481,-1.2699565694541766,1.8122237501617031,44.95551794806346,1.901900053024292
984,0.6475139354347326,-1.299552329996206,1.8767942382484264,46.12825828828251,3.2741000652313232
985,0.6312960318817932,-1.3299827570029998,1.930994496151382,47.3040061719031,1.9342000484466553
986,0.6152274514331221,-1.3607243232884612,1.9805749518887497,48.48257593470484,3.8210999965667725
987,0.598106902544923,-1.3875555006250924,2.0193137934887306,49.66378146685945,2.6939001083374023
988,0.5832838757547957,-1.4052888537735209,2.0395197597894406,50.84743624232077,1.3295999765396118
989,0.5643253394996968,-1.4320025255482338,2.0543631512548113,52.033353348278055,2.975800037384033
990,0.548094997181231,-1.4494790615987223,2.0524684320864375,53.221345514673025,5.232600212097168
991,0.5320650203660718,-1.463202691299896,2.034434977948988,54.41122514377062,2.277899980545044
992,0.5147229564511803,-1.478573180700514,2.0035929365469585,55.60280433978407,2.687299966812134
993,0.49847568711064005,-1.4917495602754163,1.9565829381099755,56.795894938545246,4.4415998458862305
994,0.47933677414092096,-1.5039209399581537,1.882777657940572,57.99030853721771,3.306299924850464
995,0.46187091818676823,-1.5161461472902331,1.8016753084287784,59.18585652404796,3.9231998920440674
996,0.44354299612129533,-1.5269363495729142,1.6995247761956795,60.382350108149836,3.7648000717163086
997,0.4236890735720396,-1.5394842063935585,1.581505544177962,61.579600349316365,4.231900215148926
998,0.40361220379702445,-1.5527016344182771,1.4431940794958655,62.777418187855176,2.0731000900268555
999,0.38383573368337864,-1.5661302131427728,1.3028039031714314,63.97561447444418,3.1552000045776367
