frame,psi1,psi2,psi3,csv_gt_angle,inplane_angle_rad
0,0.3647658772050131,-1.4963506031175549,-0.9903579248683368,65.174,0.5972999930381775
1,0.34530257691206145,-1.513220873928154,-0.8811009638166352,66.3723855255557,5.399799823760986
2,0.3240425102019538,-1.531494980075731,-0.7607920412923014,67.57058181214477,3.1321001052856445
3,0.29912014513587765,-1.5554564321804267,-0.6312561689996649,68.76839965068365,2.317699909210205
4,0.2754004986109336,-1.5782841788323412,-0.5057897813668697,69.96564989185009,6.278299808502197
5,0.25080115587165586,-1.599758685055858,-0.3852049799835442,71.16214347595204,2.6526999473571777
6,0.22336448008285742,-1.6259798995691412,-0.25831903103938914,72.35769146278237,4.134300231933594
7,0.1977095215147766,-1.6483417563735179,-0.14017143682124103,73.55210506145472,2.3225998878479004
8,0.16477948110811624,-1.674693959197871,-0.015181230122965317,74.74519566021581,3.8647000789642334
9,0.13698023791391517,-1.6965383638464058,0.08604327367042025,75.93677485622933,2.219599962234497
10,0.10623599107102888,-1.7157372381083014,0.1866517256540478,77.12665448532701,1.2000000476837158
11,0.07188128559401619,-1.7372851767567976,0.28139425173558946,78.31464665172189,0.6075000166893005
12,0.04051690039674809,-1.7519061416796606,0.3603244127769998,79.50056375767925,5.600800037384033
13,0.005654711988060106,-1.766307294792321,0.43817597137569375,80.68421853314047,1.0867999792099
14,-0.02873349909338972,-1.7751828636243174,0.5023873706301036,81.86542406529516,0.35350000858306885
15,-0.06178136496691237,-1.7802727392204538,0.5502760732882152,83.0439938280968,4.42579984664917
16,-0.09867276468850329,-1.7804125673697238,0.6019507303378463,84.21974171171746,6.245699882507324
17,-0.1313447415279289,-1.774340784300489,0.6372544131903728,85.39248205193658,3.8466999530792236
18,-0.16707186066306293,-1.7662030777742275,0.6695630450006461,86.56202965945964,5.737599849700928
19,-0.20170790484760917,-1.7500725185025108,0.6987902368254744,87.72819984916156,1.6100000143051147
20,-0.23571728362740835,-1.7308912212966532,0.7296624857090289,88.89080846925071,5.309500217437744
21,-0.2688951475297811,-1.7077366668954472,0.7564157202173943,90.04967193034861,4.5472002029418945
22,-0.30238601296708456,-1.6792862979146876,0.7862382230471168,91.20460723448076,2.2932000160217285
23,-0.33252415518730294,-1.646670984268307,0.8225665001157333,92.35543200397422,1.8485000133514404
24,-0.3645480973461468,-1.6120375308465755,0.8710031460280969,93.5019645102571,0.9460999965667725
25,-0.3920540413810333,-1.577105918117266,0.9124331293755931,94.64402370255561,2.994999885559082
26,-0.4207566529437391,-1.5371487422770604,0.9726283044088598,95.78142923648416,2.8680999279022217
27,-0.4481489018268908,-1.4969832325187507,1.033686378042678,96.91400150252367,1.6171000003814697
28,-0.4739282886079238,-1.4568613726977144,1.1017850395009208,98.04156165438417,1.593500018119812
29,-0.49835581078157143,-1.420524314466023,1.1806666799630505,99.16393163724659,5.687600135803223
30,-0.5240454578421821,-1.3793647772971864,1.2742458249343602,100.28093421587968,4.448599815368652
31,-0.548395245760771,-1.3397602270409334,1.3631499307579549,101.39239300262761,0.08659999817609787
32,-0.570835986690886,-1.3028519513437873,1.454551075341607,102.49813248526348,4.150599956512451
33,-0.5936213680907159,-1.264434879324777,1.5494296031010397,103.59797805470487,3.5527000427246094
34,-0.6155742589593307,-1.2280646149100638,1.638902527478336,104.69175603258654,0.19689999520778656
35,-0.6380828530383007,-1.1926099025750159,1.7361868779175629,105.7792936986863,4.252500057220459
36,-0.6596635289873551,-1.155818806893636,1.8157191777200312,106.86041931819952,6.2642998695373535
37,-0.6837456992668133,-1.119535736821051,1.906447726260952,107.9349621688581,1.0484000444412231
38,-0.7048235530989975,-1.0848193790116392,1.9738746456485636,109.00275256788944,1.3007999658584595
39,-0.7289457530135652,-1.0436661580501394,2.0413667338406745,110.06362189881128,2.5627999305725098
40,-0.7494298563137204,-1.0078165776077903,2.09459514802677,111.1174026380583,3.963399887084961
41,-0.7735329443762816,-0.9674877155431215,2.1449771017926493,112.16392838143592,1.9259999990463257
42,-0.7965506043118786,-0.9249711291543766,2.176536221991704,113.2030338703976,2.883500099182129
43,-0.8190885337149203,-0.8807352881748717,2.1935432244790385,114.23455501814092,0.9930999875068665
44,-0.8412750289662433,-0.8376679916999134,2.194289196786204,115.25832893551889,1.4735000133514404
45,-0.8630593696591784,-0.7906483466388933,2.1918421227794327,116.27419395676199,1.5819000005722046
46,-0.8837500268101315,-0.744341212350338,2.1569777050054553,117.28198966500705,2.8761000633239746
47,-0.9058079883583154,-0.6945015990862579,2.129183476178857,118.28155691762903,0.39480000734329224
48,-0.9275055113212568,-0.6407312506098182,2.072995356729148,119.27273787137139,0.6990000009536743
49,-0.9510717472635614,-0.5825104994134119,2.023703146158587,120.25537600727141,4.777200222015381
50,-0.9686279596842546,-0.5343497921021282,1.9387886169943291,121.2293161553763,4.546800136566162
51,-0.9899984756224823,-0.4748009799941798,1.8509628171701915,122.1944045192464,0.5480999946594238
52,-1.0080859770291086,-0.42238441171805463,1.7703398744815813,123.15048870024145,3.380500078201294
53,-1.0277489546124603,-0.3639340743475103,1.666646049040279,124.09741772158591,0.5407999753952026
54,-1.0474918821639758,-0.30278030738186246,1.546711648431763,125.03504205221024,4.097599983215332
55,-1.0647821846732746,-0.2497293272286179,1.4414231762158993,125.9632136303633,2.2151999473571777
56,-1.0840481480034014,-0.18701286010023246,1.3147395606012553,126.8817858869932,4.4618000984191895
57,-1.0993097738650794,-0.13668673520534824,1.1982296778414063,127.7906137688922,5.353300094604492
58,-1.114424717860029,-0.08505029084222811,1.0715353583355791,128.6895537616023,1.9844000339508057
59,-1.1339844133280985,-0.023585929005926702,0.9487041292432041,129.57846391207772,0.682699978351593
60,-1.1483438872949003,0.025168360384262144,0.8132264361198627,130.45720385110127,1.1146999597549438
61,-1.1657667315634606,0.0824670680870116,0.6984054103193955,131.3256348154498,0.7240999937057495
62,-1.181340589430006,0.13302663599515746,0.578996894510259,132.18361966980686,2.425299882888794
63,-1.1961215528802605,0.18085899819791493,0.4609364590239881,133.03102292841794,0.9531999826431274
64,-1.2091389915070994,0.22410950167831814,0.34523676445192913,133.867710776485,4.209700107574463
65,-1.2256056075086668,0.27624154374940135,0.22334703561843822,134.69355109129776,4.812300205230713
66,-1.2386559353942739,0.31794604314091646,0.12388005676771315,135.50841346309699,5.948500156402588
67,-1.2520229533066096,0.35929069088474996,0.030339241525168092,136.31216921566798,0.7810999751091003
68,-1.2626357693330397,0.3938082166012637,-0.06259945162451935,137.10469142666,1.1633000373840332
69,-1.2770954332247875,0.4360550282564733,-0.15190576535086592,137.88585494762876,2.390199899673462
70,-1.2890747003657537,0.47104923924805536,-0.24450227172087322,138.6555364237987,1.0654000043869019
71,-1.2996681068734988,0.5044290425667032,-0.32915498833134604,139.41361431354233,0.3028999865055084
72,-1.313974348537892,0.5437378823771802,-0.4120142622484638,140.15996890757293,3.0095999240875244
73,-1.3241827033077869,0.5721497462468336,-0.47333447611298246,140.8944823478481,2.8236000537872314
74,-1.334421431830649,0.6021409124519727,-0.5446630574587894,141.6170386461809,5.540500164031982
75,-1.3448725592446695,0.6315348367097244,-0.6021911809904429,142.32752370255562,6.249300003051758
76,-1.354289851344461,0.6564133381298753,-0.6611864387289333,143.02582532314568,4.612100124359131
77,-1.3637265596872243,0.6805408842417942,-0.7148452677372199,143.71183323803024,3.9823999404907227
78,-1.3716561358278843,0.7021150739713483,-0.7661832766316327,144.38543911860705,3.861999988555908
79,-1.3831076825433177,0.7311269752004254,-0.8086852103568608,145.04653659469895,5.635499954223633
80,-1.3874026581136703,0.7416699497951972,-0.841607062720673,145.6950212713507,1.5317000150680542
81,-1.3971096001003551,0.7655930582899111,-0.8781440590556835,146.3307907453144,2.9337000846862793
82,-1.4035100572766956,0.7810241373608305,-0.9105143937039399,146.95374462122004,2.065000057220459
83,-1.408382018524381,0.7913211267115717,-0.9338113644033379,147.56378452742916,1.1871999502182007
84,-1.4158997261412467,0.8113460270844857,-0.9570743565770561,148.16081413156866,1.024399995803833
85,-1.4222754533143709,0.824150003160576,-0.9794771977635047,148.74473915574316,5.777500152587891
86,-1.4284912067679458,0.8374510142551608,-0.9961691216842152,149.3154673914222,2.882200002670288
87,-1.4331796776893215,0.8470693170692571,-1.00465126775819,149.8729087140013,4.368800163269043
88,-1.4375200339000986,0.8563426618666878,-1.0151548298328157,150.41697509703357,3.9869000911712646
89,-1.4425735999930969,0.8656901524280401,-1.0211879012492284,150.9475806261301,5.089600086212158
90,-1.4490869396919828,0.8806394469731184,-1.0248591175666835,151.4646415125269,0.7936999797821045
91,-1.4487913481870236,0.8768937437059134,-1.0228236842369023,151.968076106316,3.6273999214172363
92,-1.45555064994536,0.8897306615013039,-1.021850211730869,152.45780490933905,2.803800106048584
93,-1.4535361767871944,0.8795704676978755,-1.002951336372509,152.93375058774097,2.152899980545044
94,-1.4578664115472837,0.8886923805329279,-1.0038245845469822,153.39583798418175,4.09119987487793
95,-1.4606329781046612,0.8914994548986237,-0.9944313755316133,153.84399412970487,4.251800060272217
96,-1.4627664218592193,0.8929805068416232,-0.9787983351796272,154.27814825525974,0.9355999827384949
97,-1.4636177754523503,0.8936715769854698,-0.9769623468622854,154.69823180287702,5.906599998474121
98,-1.4659039800224238,0.8947042425204415,-0.9572831237477055,155.1041784364948,5.892899990081787
99,-1.466486316648447,0.8934227824839929,-0.9486587438304973,155.4959240524338,3.03629994392395
100,-1.4653913063170614,0.8852415690330186,-0.9237628772057614,155.87340678951992,4.975299835205078
101,-1.4707919947758588,0.8976579094942497,-0.9291448831081454,156.2365670388531,1.215399980545044
102,-1.468650586714452,0.8875801834297895,-0.9005460865446282,156.5853474532201,3.293100118637085
103,-1.4703794597376283,0.8894215768915412,-0.8929152436352575,156.91969295615024,6.24459981918335
104,-1.4684494482163162,0.8797602919019221,-0.8691758445675538,157.23955075061284,5.892600059509277
105,-1.471289063814529,0.8857044178562467,-0.8623715318626335,157.54487032735418,3.1851999759674072
106,-1.4729555860682244,0.8870530370722555,-0.8541161621188222,157.83560347287371,0.9157999753952026
107,-1.4714603644354112,0.879932703243747,-0.8307572808298563,158.11170427703752,3.112799882888794
108,-1.4695448781608031,0.8737134902086368,-0.820302109152543,158.37312914032793,2.150099992752075
109,-1.4714817553050419,0.8758772669094878,-0.8108958754274732,158.61983678072846,4.797500133514404
110,-1.4707666158781347,0.8723912224850268,-0.7968845366803398,158.85178824024285,2.2304000854492188
111,-1.4706248806002968,0.8694516878225775,-0.781941531583202,159.06894689104672,4.632699966430664
112,-1.470004669094312,0.8662352817930408,-0.776747476939099,159.27127844127176,5.851500034332275
113,-1.470068522262544,0.8639975634247137,-0.7614205629983337,159.45875094042066,3.139899969100952
114,-1.4701217208057238,0.8630708386790793,-0.7593220610956782,159.63133478441256,3.3015999794006348
115,-1.4683762220831205,0.8567178517915002,-0.7452335175876866,159.78900272025783,1.1660000085830688
116,-1.4691882272588686,0.8574664447776532,-0.7413876681842205,159.93172985036165,0.5002999901771545
117,-1.4685042541997362,0.8541203968947056,-0.7317329913758512,160.05949363645567,2.6047000885009766
118,-1.4699765429355345,0.8580129851369632,-0.7314964076732376,160.17227390315696,0.36419999599456787
119,-1.469011253160981,0.8518494822924055,-0.7178305038760776,160.27005284115398,2.004199981689453
120,-1.4694791387049704,0.8545310767510632,-0.7233026390596409,160.352815010019,0.7972000241279602
121,-1.4669171787628459,0.8460550084439749,-0.7102807087000278,160.42054734064607,3.135999917984009
122,-1.4668468877325287,0.8458659882724978,-0.7092357819227254,160.4732391373151,5.562399864196777
123,-1.4688677338581935,0.8516243535643702,-0.7153793323681802,160.51088207938048,2.625200033187866
124,-1.4688677338581972,0.8516243535643961,-0.7153793323681985,160.53347022258532,3.069200038909912
125,-1.4688677338581924,0.8516243535643925,-0.7153793323681517,160.541,2.5680999755859375
126,-1.4668468877325216,0.8458659882724133,-0.7092357819226095,160.53347022258532,3.0278000831604004
127,-1.466917178762852,0.8460550084439803,-0.7102807087000416,160.51088207938048,5.994999885559082
128,-1.4694791387049742,0.8545310767510946,-0.7233026390596291,160.4732391373151,4.167900085449219
129,-1.4690112531609842,0.8518494822924763,-0.717830503876064,160.42054734064607,4.3480000495910645
130,-1.4699765429355325,0.8580129851369753,-0.7314964076733389,160.352815010019,1.7246999740600586
131,-1.4685042541997333,0.8541203968946867,-0.7317329913758672,160.27005284115398,1.277400016784668
132,-1.469188227258865,0.8574664447776545,-0.7413876681842388,160.17227390315696,1.649399995803833
133,-1.4683762220831242,0.8567178517915113,-0.7452335175876179,160.05949363645567,2.0596001148223877
134,-1.4701217208057225,0.8630708386791047,-0.7593220610957073,159.93172985036165,5.2708001136779785
135,-1.470068522262544,0.8639975634246925,-0.7614205629982743,159.78900272025783,0.6686999797821045
136,-1.470004669094314,0.8662352817930457,-0.7767474769391809,159.63133478441256,2.0025999546051025
137,-1.4706248806002937,0.8694516878225335,-0.7819415315829916,159.45875094042066,5.77400016784668
138,-1.4707666158781387,0.872391222484958,-0.7968845366802545,159.27127844127176,5.496200084686279
139,-1.471481755305045,0.8758772669093572,-0.810895875427406,159.06894689104675,4.503799915313721
140,-1.4695448781608074,0.8737134902085989,-0.8203021091525561,158.85178824024285,1.6567000150680542
141,-1.471460364435407,0.8799327032438314,-0.8307572808299323,158.61983678072846,1.2344000339508057
142,-1.4729555860682253,0.887053037072249,-0.854116162119098,158.37312914032793,2.4200000762939453
143,-1.4712890638145328,0.8857044178563024,-0.8623715318627646,158.11170427703752,4.616499900817871
144,-1.4684494482163155,0.8797602919019497,-0.8691758445673936,157.83560347287374,4.4816999435424805
145,-1.4703794597376263,0.8894215768915736,-0.8929152436351476,157.54487032735418,5.8155999183654785
146,-1.468650586714452,0.8875801834297914,-0.9005460865445897,157.23955075061284,0.7602999806404114
147,-1.4707919947758548,0.8976579094942497,-0.9291448831081526,156.91969295615027,0.3319999873638153
148,-1.4653913063170667,0.8852415690330612,-0.9237628772058598,156.5853474532201,3.517899990081787
149,-1.4664863166484519,0.8934227824839831,-0.9486587438304646,156.2365670388531,2.2121999263763428
150,-1.465903980022428,0.8947042425203572,-0.957283123747828,155.87340678951995,5.3649001121521
151,-1.4636177754523496,0.8936715769855101,-0.9769623468624462,155.4959240524338,3.90939998626709
152,-1.4627664218592191,0.8929805068416253,-0.9787983351796228,155.1041784364948,2.422800064086914
153,-1.460632978104663,0.8914994548986678,-0.9944313755316488,154.69823180287702,5.903500080108643
154,-1.4578664115472861,0.8886923805329437,-1.0038245845469504,154.27814825525974,6.0131001472473145
155,-1.4535361767871877,0.8795704676978685,-1.0029513363725286,153.84399412970487,1.157099962234497
156,-1.4555506499453614,0.8897306615013021,-1.0218502117309711,153.39583798418175,2.8373000621795654
157,-1.4487913481870216,0.8768937437059406,-1.0228236842368081,152.93375058774097,4.423600196838379
158,-1.4490869396919872,0.8806394469730795,-1.0248591175666641,152.45780490933905,0.6044999957084656
159,-1.4425735999930922,0.8656901524280567,-1.0211879012492433,151.968076106316,5.314199924468994
160,-1.4375200339000986,0.8563426618666761,-1.015154829832869,151.4646415125269,1.0615999698638916
161,-1.433179677689324,0.8470693170692108,-1.004651267758221,150.94758062613013,3.19320011138916
162,-1.4284912067679445,0.8374510142551655,-0.9961691216841954,150.4169750970336,4.2932000160217285
163,-1.4222754533143733,0.8241500031605786,-0.9794771977633902,149.8729087140013,5.400000095367432
164,-1.4158997261412458,0.8113460270844386,-0.9570743565771502,149.3154673914222,5.69980001449585
165,-1.4083820185243823,0.7913211267115368,-0.933811364403292,148.74473915574316,4.76609992980957
166,-1.4035100572766939,0.7810241373608032,-0.9105143937038732,148.16081413156866,3.149899959564209
167,-1.3971096001003505,0.765593058289906,-0.878144059055675,147.56378452742916,3.6760001182556152
168,-1.3874026581136627,0.7416699497952385,-0.8416070627204871,146.95374462122004,1.5848000049591064
169,-1.3831076825433197,0.731126975200438,-0.8086852103569758,146.33079074531437,5.14169979095459
170,-1.3716561358278816,0.7021150739712944,-0.7661832766315215,145.6950212713507,2.3361001014709473
171,-1.3637265596872294,0.680540884241742,-0.7148452677372623,145.04653659469895,5.613699913024902
172,-1.3542898513444577,0.6564133381298816,-0.6611864387291094,144.38543911860708,1.4631999731063843
173,-1.3448725592446633,0.6315348367097237,-0.6021911809904232,143.71183323803027,3.9493000507354736
174,-1.3344214318306449,0.6021409124519331,-0.5446630574588627,143.02582532314568,0.4011000096797943
175,-1.324182703307787,0.5721497462468272,-0.47333447611294327,142.32752370255562,3.025899887084961
176,-1.3139743485378903,0.5437378823771719,-0.4120142622485551,141.61703864618093,3.2274999618530273
177,-1.2996681068734997,0.5044290425667012,-0.3291549883312078,140.8944823478481,1.503499984741211
178,-1.2890747003657497,0.47104923924803094,-0.24450227172089012,140.15996890757293,0.39250001311302185
179,-1.2770954332247826,0.4360550282564772,-0.15190576535092037,139.41361431354233,3.653599977493286
180,-1.262635769333035,0.3938082166012591,-0.0625994516244832,138.6555364237987,4.606200218200684
181,-1.2520229533066087,0.3592906908847446,0.03033924152508499,137.88585494762873,1.5108000040054321
182,-1.238655935394279,0.31794604314090996,0.12388005676764488,137.10469142666005,3.9110000133514404
183,-1.225605607508668,0.2762415437493825,0.223347035618459,136.312169215668,0.9023000001907349
184,-1.2091389915070976,0.22410950167830002,0.34523676445182294,135.50841346309699,4.77370023727417
185,-1.196121552880255,0.18085899819795334,0.46093645902386854,134.6935510912978,1.3916000127792358
186,-1.1813405894300066,0.1330266359951642,0.5789968945104464,133.86771077648504,0.5054000020027161
187,-1.1657667315634606,0.08246706808702718,0.6984054103192688,133.03102292841788,4.334400177001953
188,-1.148343887294896,0.02516836038424459,0.813226436119928,132.18361966980686,4.757999897003174
189,-1.1339844133281014,-0.02358592900600737,0.9487041292430223,131.32563481544977,3.252000093460083
190,-1.1144247178600308,-0.085050290842263,1.071535358335544,130.45720385110124,6.021200180053711
191,-1.0993097738650737,-0.1366867352053456,1.1982296778414108,129.57846391207778,0.9686999917030334
192,-1.0840481480034019,-0.1870128601002691,1.3147395606012102,128.6895537616023,3.9639999866485596
193,-1.0647821846732737,-0.24972932722858626,1.4414231762159273,127.7906137688922,3.7204999923706055
194,-1.0474918821639687,-0.3027803073818152,1.5467116484318122,126.88178588699323,0.8655999898910522
195,-1.0277489546124587,-0.3639340743475627,1.6666460490403194,125.96321363036331,0.2985000014305115
196,-1.0080859770291102,-0.42238441171812996,1.7703398744815877,125.03504205221026,5.858399868011475
197,-0.989998475622481,-0.47480097999421195,1.8509628171701968,124.09741772158596,0.620199978351593
198,-0.9686279596842571,-0.5343497921021175,1.9387886169943809,123.15048870024143,4.832900047302246
199,-0.9510717472635611,-0.5825104994134092,2.02370314615865,122.1944045192464,3.430500030517578
200,-0.9275055113212529,-0.6407312506098483,2.0729953567290362,121.2293161553763,4.274899959564209
201,-0.9058079883583177,-0.6945015990862974,2.1291834761788664,120.25537600727141,1.1921000480651855
202,-0.8837500268101215,-0.744341212350358,2.156977705005269,119.27273787137139,0.04349999874830246
203,-0.8630593696591797,-0.7906483466388808,2.191842122779389,118.28155691762905,2.38319993019104
204,-0.8412750289662428,-0.8376679916999442,2.1942891967861677,117.28198966500706,4.082300186157227
205,-0.8190885337149203,-0.8807352881748755,2.1935432244789936,116.27419395676199,0.7160999774932861
206,-0.7965506043118777,-0.9249711291544109,2.1765362219917472,115.25832893551893,5.642899990081787
207,-0.773532944376282,-0.9674877155431252,2.1449771017926342,114.23455501814095,3.3966000080108643
208,-0.7494298563137224,-1.0078165776078212,2.094595148026705,113.20303387039759,1.8716000318527222
209,-0.7289457530135616,-1.0436661580500766,2.041366733840616,112.16392838143594,4.594799995422363
210,-0.7048235530989984,-1.0848193790116727,1.9738746456485072,111.11740263805828,4.711900234222412
211,-0.6837456992668159,-1.1195357368211025,1.9064477262611066,110.06362189881126,0.6876000165939331
212,-0.6596635289873546,-1.1558188068936424,1.8157191777200616,109.00275256788944,0.967199981212616
213,-0.638082853038301,-1.1926099025750212,1.7361868779175347,107.93496216885812,5.869800090789795
214,-0.6155742589593267,-1.2280646149100778,1.6389025274782894,106.86041931819952,3.6784000396728516
215,-0.5936213680907204,-1.264434879324773,1.5494296031009556,105.77929369868632,2.882699966430664
216,-0.5708359866908814,-1.3028519513437373,1.4545510753415376,104.69175603258655,4.125899791717529
217,-0.5483952457607639,-1.3397602270409674,1.363149930757951,103.59797805470488,5.371799945831299
218,-0.524045457842178,-1.3793647772971953,1.2742458249342865,102.49813248526354,4.266900062561035
219,-0.49835581078156976,-1.4205243144660313,1.1806666799631134,101.39239300262761,4.265900135040283
220,-0.47392828860792346,-1.456861372697715,1.1017850395009323,100.28093421587967,5.101099967956543
221,-0.4481489018268908,-1.4969832325187522,1.0336863780427494,99.1639316372466,5.150199890136719
222,-0.42075665294374454,-1.5371487422770242,0.97262830440892,98.04156165438417,6.012599945068359
223,-0.3920540413810315,-1.5771059181172744,0.91243312937555,96.91400150252366,4.135900020599365
224,-0.3645480973461504,-1.6120375308466792,0.8710031460279701,95.78142923648417,4.15310001373291
225,-0.3325241551873052,-1.646670984268345,0.8225665001156729,94.64402370255563,4.142300128936768
226,-0.30238601296708456,-1.6792862979146876,0.7862382230471471,93.5019645102571,0.03590000048279762
227,-0.2688951475297836,-1.7077366668953955,0.7564157202173392,92.35543200397424,2.065000057220459
228,-0.23571728362740824,-1.7308912212966487,0.7296624857090419,91.20460723448079,4.592599868774414
229,-0.20170790484760898,-1.7500725185025154,0.698790236825424,90.04967193034862,5.0524001121521
230,-0.16707186066306065,-1.76620307777421,0.6695630450008121,88.89080846925071,1.6684999465942383
231,-0.13134474152792555,-1.7743407843004517,0.6372544131903338,87.72819984916156,3.8912999629974365
232,-0.09867276468850031,-1.7804125673697027,0.6019507303378466,86.56202965945963,2.6586999893188477
233,-0.061781364966906935,-1.7802727392205104,0.5502760732880865,85.39248205193661,1.7726000547409058
234,-0.028733499093386836,-1.775182863624324,0.5023873706300476,84.21974171171746,4.55620002746582
235,0.005654711988056528,-1.766307294792279,0.43817597137565234,83.0439938280968,2.89490008354187
236,0.04051690039674667,-1.7519061416796606,0.3603244127769817,81.86542406529519,1.9127000570297241
237,0.07188128559401394,-1.7372851767568303,0.2813942517354977,80.6842185331405,2.246799945831299
238,0.10623599107102472,-1.715737238108281,0.18665172565396018,79.50056375767926,0.6226999759674072
239,0.13698023791392122,-1.696538363846394,0.08604327367033579,78.31464665172193,4.917200088500977
240,0.16477948110811683,-1.6746939591978585,-0.015181230122956642,77.12665448532704,4.685699939727783
241,0.1977095215147778,-1.6483417563735983,-0.14017143682138417,75.9367748562293,5.384799957275391
242,0.2233644800828574,-1.6259798995691452,-0.25831903103939985,74.74519566021583,3.7228000164031982
243,0.25080115587165036,-1.5997586850558863,-0.38520497998363346,73.55210506145472,1.1878999471664429
244,0.2754004986109322,-1.5782841788323614,-0.5057897813668623,72.35769146278236,1.368299961090088
245,0.2991201451358774,-1.5554564321804036,-0.6312561689996942,71.16214347595205,3.022200107574463
246,0.3240425102019588,-1.5314949800757702,-0.7607920412922605,69.9656498918501,1.1055999994277954
247,0.3453025769120868,-1.513220873928317,-0.8811009638165314,68.76839965068365,5.384399890899658
248,0.36476587720503256,-1.496350603117676,-0.9903579248683306,67.57058181214481,1.7275999784469604
249,0.38578747623134374,-1.4776983186554378,-1.1042942951555716,66.37238552555571,0.6820999979972839
250,0.4044863951644806,-1.4617700653551853,-1.2023561944356294,65.17400000000002,4.352799892425537
251,0.4234782458711029,-1.4455677226959651,-1.3000779766390278,63.97561447444432,1.1993000507354736
252,0.44224490675069894,-1.4302267345179867,-1.3881426999352195,62.77741818785523,0.5914000272750854
253,0.4595993387324079,-1.4165943962222132,-1.4660817346724788,61.57960034931634,1.080299973487854
254,0.4761231364609587,-1.401746581444286,-1.531809977846341,60.382350108149936,0.23340000212192535
255,0.49423887117733034,-1.3866107249752728,-1.5962076556284586,59.18585652404798,1.4706000089645386
256,0.5096201725248919,-1.3710876127237284,-1.6423194878934133,57.99030853721764,1.8514000177383423
257,0.5260226413517688,-1.353789102537463,-1.6805457194262572,56.79589493854531,1.03410005569458
258,0.5411602869934866,-1.338108896878151,-1.7111441497632975,55.602804339784214,6.276800155639648
259,0.5564769913003951,-1.319172895179958,-1.731119883493632,54.41122514377068,1.1857999563217163
260,0.5743715818185863,-1.2918814618859151,-1.7439594480913778,53.22134551467304,3.2147998809814453
261,0.5883311601868483,-1.272945896748335,-1.750324920158717,52.033353348278155,0.9878000020980835
262,0.6044844598954732,-1.246260373203293,-1.7480675628462228,50.84743624232074,3.6070001125335693
263,0.6195974493513808,-1.2165411553188399,-1.7368390792595407,49.66378146685955,3.228600025177002
264,0.6348748015827564,-1.1867383363934132,-1.7216677516728705,48.482575934704855,4.7519001960754395
265,0.6489471346113568,-1.1580928625730422,-1.6995062067503344,47.3040061719032,3.9702000617980957
266,0.6652096111295568,-1.119151298868018,-1.6700656530823155,46.12825828828257,3.1624999046325684
267,0.6803047325448469,-1.0823447252451004,-1.6335011685256835,44.95551794806343,2.915299892425537
268,0.6929649459817652,-1.0507513384623393,-1.6007207134309716,43.78597034054037,4.305699825286865
269,0.7074185109616538,-1.0097806997627912,-1.558740986230318,42.619800150838486,4.670199871063232
270,0.7204097819726943,-0.9732808413598959,-1.519662779407621,41.45719153074932,4.740499973297119
271,0.7355372410865443,-0.9250099091760638,-1.4641444211212855,40.29832806965142,1.728700041770935
272,0.7483739889020866,-0.8846706432140874,-1.4194022276291836,39.14339276551925,1.503499984741211
273,0.7607838968434039,-0.8443470915992205,-1.3734459221262518,37.992567996025784,4.138299942016602
274,0.7736530261127168,-0.7988950296478197,-1.3215532575189501,36.8460354897429,4.702400207519531
275,0.7855267000204925,-0.753929141853665,-1.2687844876146732,35.703976297444406,5.658999919891357
276,0.798674688244985,-0.7051476379052659,-1.2135018907430877,34.566570763515855,2.2697999477386475
277,0.8106899036627704,-0.6555868346834076,-1.1588024762999278,33.43399849747633,0.5160999894142151
278,0.8209498593618924,-0.6137650399993162,-1.1126323239356726,32.30643834561586,1.2599999904632568
279,0.8318604176210171,-0.5653958650417091,-1.0579619278300771,31.184068362753436,3.5095999240875244
280,0.8426324027232222,-0.5172733055457516,-1.0060533932772964,30.067065784120324,4.396699905395508
281,0.8521490907612181,-0.472639545364376,-0.9564061882041188,28.955606997372435,1.215000033378601
282,0.8625071998525362,-0.42001436748876075,-0.899420596976841,27.849867514736545,0.34470000863075256
283,0.871410920056889,-0.3776053926494609,-0.8537367594307395,26.750021945295117,4.2758002281188965
284,0.8798872707686344,-0.33088803519889437,-0.807063284875124,25.65624396741348,2.382499933242798
285,0.8888914925939867,-0.28227077999641065,-0.7541386917236688,24.568706301313718,5.00029993057251
286,0.8969982090859787,-0.23617228233449017,-0.7074314391153378,23.487580681800473,5.110799789428711
287,0.9035146530873006,-0.19638327412439113,-0.6648546659657053,22.413037831141914,4.472499847412109
288,0.9114194263388448,-0.14938435823360674,-0.6187500558886064,21.345247432110583,4.916500091552734
289,0.9182178045671782,-0.10790340327019561,-0.5746271511213822,20.284378101188736,0.12790000438690186
290,0.9241568988203537,-0.06352949474774856,-0.5300165115981208,19.230597361941754,5.643400192260742
291,0.9303436265228172,-0.021378944998555076,-0.48746838635166145,18.184071618564097,4.565400123596191
292,0.9363263317647462,0.020230798219407164,-0.4454534332432519,17.144966129602402,4.554900169372559
293,0.9409346282640564,0.059784768793285606,-0.40551087796574736,16.11344498185911,3.2551000118255615
294,0.9460199775373612,0.09718751396716549,-0.36912111266156983,15.089671064481102,0.6233000159263611
295,0.9507071374367709,0.1376942422972361,-0.3277640729927119,14.073806043238022,2.181999921798706
296,0.9545535743348542,0.1724117786528983,-0.2927882833232722,13.066010334992974,1.121000051498413
297,0.9588434947257672,0.21225993998199977,-0.25205534649943906,12.06644308237098,3.7404000759124756
298,0.9624427426745662,0.2502831913006612,-0.2149698413931668,11.075262128628616,3.3513998985290527
299,0.9657893545446182,0.2861936276476235,-0.17768932201420315,10.092623992728626,1.6088999509811401
300,0.9686181426264935,0.3154043644903755,-0.14968672552525433,9.118683844623732,5.133299827575684
301,0.971733872796335,0.35140198063314315,-0.11317894250104517,8.153595480753609,0.3206999897956848
302,0.9740905413100824,0.3813563389967271,-0.08347486517394272,7.197511299758602,2.6700000762939453
303,0.9762983879480357,0.4122177634071309,-0.05273031090692955,6.2505822784141145,2.968100070953369
304,0.9777061719843776,0.4376475307508835,-0.025173105608038905,5.3129579477897835,4.380000114440918
305,0.9792440936906992,0.4658310143518523,0.003420115130350429,4.384786369636721,0.17170000076293945
306,0.9804908620751914,0.49407509488853746,0.03374195929565487,3.4662141130068065,0.19169999659061432
307,0.982257580974986,0.5256270119168569,0.06433567201741758,2.557386231107799,3.728100061416626
308,0.9832422563915767,0.5498173658498116,0.09054673054500753,1.6584462383977439,1.648300051689148
309,0.9839762413895131,0.573340847848096,0.11588918305652629,0.7695360879222761,0.361299991607666
310,0.9851750227677568,0.6013803001102955,0.14353471629605752,359.89079614889874,1.0022000074386597
311,0.9854985200258115,0.6226405435639739,0.16501797522601097,359.02236518455027,2.2492001056671143
312,0.9857580368897961,0.6466294209515842,0.19273647054317652,358.1643803301932,0.6187000274658203
313,0.9860450819070394,0.6678972571230383,0.21481925429517748,357.3169770715821,5.183599948883057
314,0.986136764469946,0.6952530610447799,0.24317044124237647,356.480289223515,1.5443999767303467
315,0.9859874358515106,0.7106170782949236,0.26148042025540025,355.65444890870225,2.539099931716919
316,0.9857173196185514,0.7290111217455293,0.2793877391785605,354.839586536903,2.800299882888794
317,0.9854443109237135,0.7458020860376693,0.29845228932226675,354.035830784332,4.451600074768066
318,0.9846594828816556,0.764069563212067,0.31993303906117493,353.24330857334,3.781599998474121
319,0.9843359230069865,0.7829563614610089,0.3393479434399784,352.4621450523713,3.1705000400543213
320,0.9838145391554652,0.8018546413680655,0.36006068810843933,351.6924635762013,3.1619999408721924
321,0.9830780381703208,0.8186340043044149,0.37969492931113563,350.93438568645774,3.213099956512451
322,0.9827006521750254,0.8310912891086395,0.3903145244876895,350.1880310924271,4.838099956512451
323,0.9817363349555819,0.8503743105475133,0.4118224111619732,349.4535176521519,2.2146999835968018
324,0.9803942914995026,0.8660938111261408,0.4306445222444655,348.7309613538191,5.389999866485596
325,0.9791545596105582,0.8757716962305604,0.4421421431574158,348.0204762974444,4.356900215148926
326,0.9781211090639099,0.8900171909040285,0.4565481684485119,347.32217467685433,4.493000030517578
327,0.977094946408778,0.9042324887962043,0.47237180807182033,346.6361667619698,2.0153000354766846
328,0.9760567399629754,0.9156137257553734,0.4862458028740129,345.96256088139296,5.222499847412109
329,0.9749229791063985,0.9293978458897568,0.4984782925547163,345.3014634053011,1.5430999994277954
330,0.9735862291995122,0.9370504296243087,0.5093701708598587,344.6529787286494,3.637500047683716
331,0.972519978890827,0.9501921016860602,0.5213758654557812,344.01720925468567,3.1040000915527344
332,0.9708120700679473,0.9592591304654762,0.5333095746604656,343.3942553787799,2.1445000171661377
333,0.9698664316896736,0.9697497419021249,0.5427045971257793,342.7842154725709,3.197700023651123
334,0.9681818733837934,0.9792574464756186,0.553360356105576,342.18718586843136,0.33709999918937683
335,0.9668722317945062,0.9881647853016544,0.5619305351396635,341.60326084425685,3.666800022125244
336,0.9655605752211703,0.9970595375903876,0.5714655029833763,341.0325326085778,2.1696999073028564
337,0.9638990962850711,1.0049278188490351,0.5794156612857306,340.4750912859987,2.7720000743865967
338,0.9627388617074158,1.0155512373421631,0.5910813863926633,339.93102490296644,2.0434999465942383
339,0.9615581001803276,1.0225626897652942,0.5954831163247434,339.4004193738699,5.901599884033203
340,0.9598193428717041,1.0278791190785157,0.6018937111813285,338.8833584874731,3.4660000801086426
341,0.9585361750055413,1.0360138630242304,0.6077127098435022,338.379923893684,5.944499969482422
342,0.9569858607028958,1.0428106843563947,0.6158616364683385,337.890195090661,2.5755999088287354
343,0.9559793482576174,1.047704243654347,0.6202560218828118,337.41424941225904,5.885900020599365
344,0.9544310342591223,1.0561017177659737,0.6257160541708844,336.95216201581826,1.9753999710083008
345,0.9531350697813655,1.058996294647556,0.6299579715864518,336.50400587029515,3.751699924468994
346,0.9518524048541499,1.0660272841500191,0.6374142453280357,336.0698517447403,3.374799966812134
347,0.9501712231076492,1.0670467126174488,0.6365494441481246,335.64976819712297,4.191699981689453
348,0.9496379109633365,1.0754358622080706,0.6423338823845461,335.2438215635052,1.2825000286102295
349,0.9479796779482577,1.0781455365677712,0.6451053268039725,334.8520759475662,3.0288000106811523
350,0.9468501726352347,1.0799481906681119,0.6465824188934332,334.47459321048007,3.878999948501587
351,0.9457070414807355,1.0878617992124247,0.6524685480976237,334.1114329611469,5.469799995422363
352,0.9443548717095306,1.0897941438042422,0.6555007933902792,333.7626525467799,3.949199914932251
353,0.9435628196119726,1.092669295001063,0.6555331713138791,333.4283070438497,4.430200099945068
354,0.942622272603254,1.1022425540101524,0.662421735224866,333.10844924938715,5.531799793243408
355,0.9412988111380419,1.1007333121030374,0.6628104187902069,332.80312967264587,1.777899980545044
356,0.9400027936414156,1.1013583631916064,0.6624945713112611,332.51239652712627,0.2632000148296356
357,0.9389250602306217,1.103597435966911,0.6651835649296792,332.2362957229625,4.018199920654297
358,0.9387926688457613,1.1097586975865608,0.6685060288498995,331.97487085967214,0.006500000134110451
359,0.9371649127061873,1.1091307285664975,0.6670999066137704,331.72816321927155,1.5098999738693237
360,0.9371901139003029,1.1112994136303738,0.6682001325825271,331.49621175975716,6.207600116729736
361,0.9364156845052135,1.114619391310145,0.6708893781418684,331.2790531089533,2.40339994430542
362,0.9353689335588169,1.118545310268887,0.6725766484788227,331.07672155872825,3.6182000637054443
363,0.9348554379508484,1.117935538299057,0.6718630326004998,330.88924905957936,3.0165998935699463
364,0.9340574611616802,1.114871059145582,0.666911399501591,330.71666521558745,6.2093000411987305
365,0.9336918758934427,1.1187098203256673,0.6700946594770745,330.5589972797422,5.604100227355957
366,0.9331704254750518,1.118940181364582,0.6704272940721921,330.41627014963836,1.7870999574661255
367,0.93283867536915,1.1208756085483011,0.6696184781847703,330.28850636354434,0.16459999978542328
368,0.9325798592355976,1.1238781539450937,0.6734921013919029,330.17572609684305,5.1691999435424805
369,0.9316744727232686,1.123511829169003,0.6742793828256366,330.07794715884603,3.924299955368042
370,0.9315829871075696,1.1258389932646875,0.6743100856979269,329.995184989981,1.0788999795913696
371,0.9319285324810369,1.1265916656388113,0.6735612078550028,329.92745265935395,1.6359000205993652
372,0.9313667925579864,1.124343582081998,0.6743218019053101,329.8747608626849,5.138500213623047
373,0.93136679255799,1.1243435820820002,0.6743218019053598,329.83711792061956,5.420400142669678
374,0.9313667925579868,1.1243435820820111,0.6743218019052449,329.8145297774147,6.185699939727783
375,0.9313667925579917,1.1243435820819854,0.6743218019052458,329.807,5.171599864959717
376,0.9313667925579917,1.1243435820819785,0.6743218019052353,329.8145297774147,2.218600034713745
377,0.9319285324810346,1.1265916656388206,0.6735612078549271,329.83711792061956,1.7222000360488892
378,0.9315829871075703,1.1258389932646518,0.6743100856979504,329.8747608626849,4.663700103759766
379,0.9316744727232767,1.1235118291690078,0.6742793828256703,329.9274526593539,4.917600154876709
380,0.932579859235595,1.1238781539450564,0.6734921013919213,329.995184989981,3.456899881362915
381,0.9328386753691514,1.1208756085483071,0.6696184781848382,330.07794715884603,4.548299789428711
382,0.9331704254750512,1.1189401813646342,0.6704272940721188,330.17572609684305,4.471099853515625
383,0.9336918758934473,1.118709820325646,0.6700946594770937,330.28850636354434,6.167399883270264
384,0.9340574611616771,1.1148710591455817,0.6669113995015286,330.41627014963836,0.6176999807357788
385,0.9348554379508421,1.117935538299061,0.6718630326005947,330.5589972797422,1.2609000205993652
386,0.9353689335588167,1.1185453102688991,0.672576648479079,330.71666521558745,5.591100215911865
387,0.936415684505218,1.114619391310146,0.6708893781418772,330.88924905957936,1.423699975013733
388,0.9371901139003039,1.1112994136303629,0.6682001325826581,331.07672155872825,5.258500099182129
389,0.9371649127061823,1.109130728566471,0.6670999066138511,331.2790531089533,0.6830000281333923
390,0.9387926688457595,1.109758697586567,0.6685060288499177,331.49621175975716,4.815999984741211
391,0.9389250602306201,1.1035974359668987,0.6651835649297448,331.72816321927155,2.292099952697754
392,0.9400027936414125,1.1013583631915898,0.6624945713113121,331.9748708596721,0.18400000035762787
393,0.9412988111380419,1.1007333121030929,0.6628104187903852,332.2362957229625,2.022200107574463
394,0.9426222726032544,1.1022425540101142,0.6624217352249486,332.51239652712627,3.3738999366760254
395,0.9435628196119688,1.092669295001088,0.6555331713138373,332.8031296726458,6.181600093841553
396,0.9443548717095253,1.0897941438041983,0.6555007933901593,333.10844924938715,0.349700003862381
397,0.9457070414807263,1.0878617992124326,0.6524685480974988,333.4283070438497,5.6118998527526855
398,0.9468501726352354,1.0799481906681228,0.6465824188934062,333.7626525467799,4.340400218963623
399,0.9479796779482548,1.0781455365677686,0.6451053268039585,334.1114329611469,2.8777999877929688
400,0.9496379109633387,1.0754358622080613,0.6423338823846427,334.47459321048007,2.637500047683716
401,0.9501712231076489,1.067046712617458,0.6365494441482179,334.8520759475662,2.5601000785827637
402,0.9518524048541499,1.066027284150019,0.6374142453281281,335.2438215635052,5.9868998527526855
403,0.9531350697813672,1.0589962946475826,0.6299579715865372,335.64976819712297,3.1519999504089355
404,0.9544310342591128,1.0561017177658882,0.6257160541708164,336.0698517447403,4.190999984741211
405,0.9559793482576187,1.0477042436543589,0.6202560218829242,336.50400587029515,2.8238000869750977
406,0.9569858607028982,1.042810684356383,0.6158616364684093,336.9521620158182,0.2619999945163727
407,0.9585361750055463,1.0360138630242046,0.607712709843319,337.4142494122591,6.172299861907959
408,0.9598193428717083,1.0278791190784906,0.6018937111812972,337.89019509066094,5.395500183105469
409,0.9615581001803299,1.0225626897652957,0.5954831163248219,338.379923893684,5.378499984741211
410,0.9627388617074202,1.0155512373422124,0.5910813863925897,338.8833584874731,5.1234002113342285
411,0.9638990962850716,1.0049278188490371,0.579415661285758,339.4004193738699,1.142199993133545
412,0.9655605752211691,0.9970595375903606,0.5714655029833153,339.9310249029664,0.8827999830245972
413,0.9668722317945047,0.9881647853016948,0.5619305351397056,340.4750912859987,2.8452000617980957
414,0.9681818733837919,0.9792574464756397,0.5533603561055045,341.0325326085778,6.004300117492676
415,0.9698664316896736,0.9697497419020991,0.5427045971257852,341.60326084425685,1.8187999725341797
416,0.9708120700679534,0.9592591304654877,0.5333095746604541,342.18718586843136,6.088500022888184
417,0.9725199788908264,0.9501921016860653,0.5213758654557481,342.78421547257085,5.631100177764893
418,0.9735862291995095,0.9370504296243092,0.5093701708598278,343.39425537878,0.9236000180244446
419,0.9749229791063956,0.9293978458897356,0.4984782925545567,344.0172092546856,1.301300048828125
420,0.9760567399629807,0.9156137257553149,0.48624580287397806,344.6529787286494,0.7856000065803528
421,0.9770949464087814,0.9042324887961782,0.47237180807185636,345.30146340530104,4.700799942016602
422,0.9781211090639093,0.8900171909040335,0.4565481684485069,345.96256088139296,2.0264999866485596
423,0.9791545596105603,0.8757716962305994,0.442142143157474,346.6361667619698,0.3255999982357025
424,0.9803942914995049,0.8660938111261061,0.4306445222444873,347.3221746768543,4.272500038146973
425,0.9817363349555851,0.8503743105475485,0.4118224111619208,348.02047629744436,3.884999990463257
426,0.9827006521750284,0.8310912891086535,0.39031452448764353,348.7309613538191,5.070199966430664
427,0.9830780381703242,0.8186340043044438,0.3796949293112384,349.4535176521519,3.64739990234375
428,0.9838145391554687,0.8018546413681217,0.36006068810844616,350.1880310924271,4.259500026702881
429,0.9843359230069841,0.7829563614610205,0.33934794343998675,350.9343856864577,6.021399974822998
430,0.984659482881654,0.7640695632120422,0.3199330390612019,351.69246357620125,0.24150000512599945
431,0.9854443109237141,0.7458020860376839,0.2984522893222821,352.4621450523713,1.8559999465942383
432,0.9857173196185472,0.7290111217455648,0.2793877391785189,353.24330857333996,4.951499938964844
433,0.9859874358515128,0.7106170782949439,0.2614804202554251,354.035830784332,4.795100212097168
434,0.9861367644699524,0.6952530610447639,0.24317044124254897,354.839586536903,0.3312999904155731
435,0.9860450819070382,0.6678972571229939,0.21481925429510604,355.65444890870225,5.603300094604492
436,0.9857580368897971,0.6466294209516199,0.1927364705432236,356.48028922351494,5.722899913787842
437,0.9854985200258112,0.6226405435639791,0.16501797522599584,357.3169770715821,0.2329999953508377
438,0.9851750227677581,0.6013803001103326,0.1435347162960002,358.1643803301932,4.083099842071533
439,0.9839762413895169,0.5733408478481029,0.11588918305657048,359.0223651845502,4.091800212860107
440,0.9832422563915745,0.5498173658498582,0.09054673054510089,359.8907961488988,1.4703999757766724
441,0.9822575809749889,0.5256270119168106,0.06433567201755619,0.7695360879222477,2.7720999717712402
442,0.9804908620751914,0.49407509488854795,0.03374195929572619,1.6584462383977154,3.4291999340057373
443,0.9792440936906969,0.4658310143518474,0.0034201151304852784,2.557386231107799,5.283899784088135
444,0.9777061719843776,0.43764753075086804,-0.025173105608098875,3.4662141130068065,4.61899995803833
445,0.9762983879480377,0.4122177634071557,-0.052730310906882905,4.384786369636657,4.963200092315674
446,0.9740905413100822,0.3813563389967235,-0.08347486517391323,5.312957947789791,5.10260009765625
447,0.9717338727963352,0.3514019806331139,-0.11317894250110311,6.250582278414051,1.0354000329971313
448,0.9686181426264956,0.31540436449037357,-0.14968672552527948,7.197511299758538,4.760499954223633
449,0.9657893545446086,0.2861936276476381,-0.17768932201420812,8.153595480753651,4.770899772644043
450,0.9624427426745635,0.250283191300641,-0.2149698413932105,9.118683844623696,1.4950000047683716
451,0.9588434947257652,0.21225993998199977,-0.25205534649956307,10.092623992728598,0.7408000230789185
452,0.9545535743348529,0.17241177865294074,-0.2927882833232389,11.075262128628616,0.11680000275373459
453,0.9507071374367722,0.1376942422972355,-0.3277640729927142,12.06644308237098,4.623899936676025
454,0.9460199775373604,0.09718751396714358,-0.3691211126616324,13.06601033499291,2.8338000774383545
455,0.9409346282640565,0.05978476879323818,-0.4055108779657315,14.073806043238065,1.5312999486923218
456,0.9363263317647422,0.020230798219410758,-0.4454534332432486,15.089671064481074,2.9626998901367188
457,0.9303436265228143,-0.02137894499851975,-0.48746838635154305,16.113444981859047,5.665599822998047
458,0.9241568988203531,-0.06352949474774924,-0.5300165115982026,17.14496612960238,2.11680006980896
459,0.9182178045671741,-0.10790340327019805,-0.5746271511214203,18.18407161856407,0.09679999947547913
460,0.9114194263388466,-0.14938435823355703,-0.6187500558885329,19.23059736194172,1.9263999462127686
461,0.9035146530872965,-0.19638327412442935,-0.6648546659658412,20.284378101188736,0.8152999877929688
462,0.8969982090859804,-0.2361722823344588,-0.7074314391151874,21.34524743211059,5.02839994430542
463,0.8888914925939864,-0.282270779996415,-0.7541386917236373,22.41303783114185,0.12460000067949295
464,0.8798872707686337,-0.3308880351988921,-0.8070632848751164,23.487580681800523,6.022600173950195
465,0.8714109200568876,-0.37760539264950477,-0.8537367594307889,24.56870630131369,4.410699844360352
466,0.862507199852529,-0.4200143674887678,-0.8994205969768648,25.656243967413452,1.0092999935150146
467,0.8521490907612176,-0.4726395453643738,-0.9564061882041679,26.750021945295117,1.200600028038025
468,0.8426324027232215,-0.5172733055457639,-1.006053393277249,27.849867514736516,5.742199897766113
469,0.8318604176210157,-0.5653958650417313,-1.0579619278300507,28.95560699737232,4.5954999923706055
470,0.82094985936189,-0.6137650399993522,-1.1126323239356717,30.06706578412033,4.6890997886657715
471,0.810689903662771,-0.6555868346833724,-1.1588024762998168,31.18406836275345,2.667799949645996
472,0.7986746882449838,-0.7051476379052366,-1.2135018907430992,32.30643834561579,5.33459997177124
473,0.7855267000204929,-0.7539291418536709,-1.2687844876146837,33.43399849747638,1.4668999910354614
474,0.7736530261127199,-0.7988950296478167,-1.3215532575189441,34.56657076351583,2.5857999324798584
475,0.760783896843407,-0.844347091599147,-1.3734459221262094,35.70397629744438,3.5552000999450684
476,0.748373988902094,-0.8846706432141134,-1.419402227629223,36.8460354897429,2.6545000076293945
477,0.735537241086547,-0.9250099091760766,-1.4641444211213408,37.992567996025784,1.9714000225067139
478,0.7204097819726935,-0.973280841359919,-1.5196627794076867,39.14339276551918,2.3859000205993652
479,0.7074185109616619,-1.0097806997627954,-1.558740986230356,40.29832806965142,0.24809999763965607
480,0.6929649459817648,-1.050751338462345,-1.6007207134309576,41.45719153074924,2.0655999183654785
481,0.6803047325448459,-1.0823447252450877,-1.6335011685257579,42.61980015083841,3.414599895477295
482,0.6652096111295585,-1.1191512988680123,-1.6700656530824398,43.785970340540416,4.469399929046631
483,0.6489471346113574,-1.1580928625730507,-1.6995062067503561,44.955517948063395,2.4249000549316406
484,0.6348748015827534,-1.1867383363934296,-1.7216677516727659,46.12825828828254,0.8661999702453613
485,0.61959744935138,-1.2165411553188794,-1.7368390792596071,47.3040061719032,0.22689999639987946
486,0.6044844598954686,-1.2462603732032331,-1.7480675628462388,48.482575934704855,1.9074000120162964
487,0.5883311601868462,-1.2729458967483673,-1.7503249201588376,49.663781466859476,3.4351999759674072
488,0.5743715818185874,-1.2918814618858954,-1.7439594480913547,50.847436242320796,2.573199987411499
489,0.55647699130039,-1.3191728951799884,-1.7311198834937196,52.03335334827808,2.775099992752075
490,0.5411602869934831,-1.3381088968781667,-1.7111441497635347,53.22134551467296,3.4932000637054443
491,0.5260226413517679,-1.3537891025374733,-1.6805457194263542,54.411225143770736,2.0004000663757324
492,0.5096201725248913,-1.371087612723705,-1.6423194878934693,55.60280433978418,4.406599998474121
493,0.49423887117732707,-1.3866107249752757,-1.5962076556283962,56.795894938545274,0.5960999727249146
494,0.4761231364609575,-1.4017465814443018,-1.5318099778463445,57.99030853721764,3.1512999534606934
495,0.45959933873241177,-1.4165943962222223,-1.4660817346723882,59.18585652404799,3.467600107192993
496,0.4422449067507013,-1.430226734518002,-1.3881426999352209,60.38235010814986,2.1240999698638916
497,0.4234782458711023,-1.4455677226959387,-1.3000779766391097,61.579600349316394,4.411300182342529
498,0.40448639516448354,-1.4617700653551937,-1.2023561944355723,62.7774181878552,1.1023999452590942
499,0.38578747623134374,-1.477698318655434,-1.1042942951556525,63.975614474444285,1.3206000328063965
500,0.3647658772050308,-1.4963506031176521,-0.990357924868327,65.17399999999998,5.996399879455566
501,0.34530257691208904,-1.5132208739283597,-0.8811009638167706,66.37238552555569,1.2585999965667725
502,0.3240425102019585,-1.5314949800757802,-0.7607920412923206,67.57058181214477,3.933199882507324
503,0.2991201451358771,-1.5554564321804374,-0.6312561689997072,68.76839965068366,4.515999794006348
504,0.2754004986109317,-1.578284178832373,-0.5057897813668236,69.9656498918501,3.9681999683380127
505,0.25080115587165697,-1.5997586850558798,-0.38520497998365183,71.16214347595198,6.131100177764893
506,0.22336448008285956,-1.6259798995691428,-0.25831903103942727,72.3576914627824,1.7555999755859375
507,0.19770952151477036,-1.6483417563736025,-0.14017143682140498,73.5521050614547,5.143199920654297
508,0.16477948110811624,-1.6746939591978678,-0.015181230123036356,74.74519566021578,2.544100046157837
509,0.13698023791392006,-1.6965383638464346,0.08604327367034238,75.93677485622932,1.2487000226974487
510,0.10623599107102874,-1.7157372381083102,0.18665172565386956,77.12665448532701,1.256600022315979
511,0.07188128559401959,-1.7372851767568303,0.281394251735535,78.3146466517218,1.1725000143051147
512,0.04051690039675242,-1.75190614167967,0.3603244127770799,79.50056375767926,2.7325000762939453
513,0.005654711988055561,-1.766307294792297,0.4381759713756214,80.6842185331405,2.6598000526428223
514,-0.028733499093386405,-1.7751828636243094,0.5023873706302081,81.8654240652951,3.9755001068115234
515,-0.061781364966906706,-1.7802727392205173,0.5502760732880363,83.04399382809686,0.02710000053048134
516,-0.09867276468850293,-1.7804125673696862,0.6019507303378144,84.21974171171743,4.249499797821045
517,-0.13134474152792522,-1.7743407843004706,0.6372544131902897,85.39248205193657,2.163800001144409
518,-0.1670718606630611,-1.7662030777742372,0.6695630450006677,86.56202965945963,2.805799961090088
519,-0.20170790484761011,-1.7500725185025265,0.6987902368255289,87.72819984916156,0.2727000117301941
520,-0.2357172836274079,-1.7308912212966503,0.7296624857089604,88.89080846925064,1.3006000518798828
521,-0.26889514752978183,-1.7077366668954441,0.7564157202173534,90.04967193034862,4.701200008392334
522,-0.3023860129670893,-1.6792862979146748,0.786238223047096,91.2046072344807,0.6004999876022339
523,-0.3325241551873057,-1.6466709842682605,0.822566500115701,92.35543200397417,1.4141000509262085
524,-0.36454809734614463,-1.6120375308466954,0.8710031460280963,93.50196451025715,1.9767999649047852
525,-0.39205404138103456,-1.5771059181172593,0.9124331293753933,94.6440237025556,1.5372999906539917
526,-0.42075665294374187,-1.5371487422770356,0.9726283044088895,95.78142923648414,5.645500183105469
527,-0.44814890182689404,-1.496983232518689,1.0336863780427463,96.91400150252367,5.135799884796143
528,-0.4739282886079188,-1.456861372697707,1.1017850395008584,98.04156165438418,2.512399911880493
529,-0.4983558107815676,-1.4205243144660444,1.180666679963077,99.16393163724652,1.6475000381469727
530,-0.5240454578421817,-1.3793647772972086,1.274245824934219,100.28093421587971,3.697999954223633
531,-0.548395245760769,-1.339760227040958,1.3631499307578303,101.39239300262756,0.8345000147819519
532,-0.5708359866908852,-1.3028519513438028,1.454551075341527,102.49813248526345,5.700799942016602
533,-0.5936213680907181,-1.264434879324838,1.5494296031010373,103.59797805470485,4.486000061035156
534,-0.6155742589593307,-1.228064614910056,1.6389025274783608,104.69175603258651,4.433300018310547
535,-0.6380828530383008,-1.1926099025750136,1.7361868779175806,105.77929369868627,1.7553999423980713
536,-0.6596635289873536,-1.1558188068936188,1.815719177720065,106.86041931819953,0.8532000184059143
537,-0.6837456992668076,-1.1195357368210397,1.9064477262609782,107.93496216885812,5.424300193786621
538,-0.7048235530989918,-1.0848193790116472,1.9738746456484701,109.00275256788939,2.608599901199341
539,-0.7289457530135649,-1.043666158050117,2.041366733840505,110.0636218988113,2.606300115585327
540,-0.7494298563137205,-1.0078165776077825,2.0945951480265874,111.11740263805825,0.8016999959945679
541,-0.7735329443762811,-0.9674877155431302,2.144977101792676,112.16392838143591,2.8231000900268555
542,-0.796550604311877,-0.9249711291543968,2.1765362219916433,113.2030338703976,1.0462000370025635
543,-0.8190885337149196,-0.8807352881748829,2.1935432244790105,114.23455501814092,5.990900039672852
544,-0.8412750289662427,-0.8376679916999175,2.1942891967861793,115.2583289355189,2.1891000270843506
545,-0.8630593696591807,-0.7906483466388948,2.1918421227795766,116.27419395676199,1.8902000188827515
546,-0.8837500268101257,-0.7443412123503337,2.156977705005299,117.28198966500706,1.329300045967102
547,-0.9058079883583152,-0.6945015990862791,2.129183476178813,118.28155691762899,1.7175999879837036
548,-0.927505511321255,-0.6407312506097945,2.0729953567291406,119.27273787137143,1.645799994468689
549,-0.9510717472635615,-0.5825104994134135,2.0237031461586215,120.25537600727137,4.9807000160217285
550,-0.9686279596842607,-0.5343497921021227,1.9387886169944069,121.22931615537627,4.0543999671936035
551,-0.989998475622484,-0.4748009799941704,1.8509628171702617,122.1944045192464,4.093500137329102
552,-1.008085977029104,-0.42238441171809,1.7703398744815035,123.15048870024144,0.5070000290870667
553,-1.0277489546124554,-0.36393407434756725,1.666646049040275,124.09741772158586,4.254300117492676
554,-1.047491882163972,-0.3027803073818413,1.546711648431791,125.03504205221026,0.4945000112056732
555,-1.0647821846732748,-0.2497293272286246,1.4414231762159786,125.96321363036331,1.4185999631881714
556,-1.0840481480034003,-0.18701286010026827,1.3147395606012997,126.88178588699316,1.5276999473571777
557,-1.0993097738650743,-0.13668673520534158,1.198229677841357,127.79061376889223,3.0053000450134277
558,-1.1144247178600273,-0.08505029084221694,1.0715353583356597,128.68955376160227,0.6554999947547913
559,-1.1339844133281,-0.02358592900601204,0.9487041292430983,129.57846391207772,2.224299907684326
560,-1.1483438872948957,0.025168360384258938,0.8132264361198887,130.45720385110127,0.04270000010728836
561,-1.1657667315634603,0.08246706808702665,0.6984054103191831,131.32563481544977,6.235799789428711
562,-1.181340589430004,0.13302663599518316,0.5789968945103324,132.1836196698068,2.3557000160217285
563,-1.1961215528802556,0.18085899819793624,0.46093645902406166,133.03102292841794,6.232100009918213
564,-1.209138991507099,0.22410950167834298,0.34523676445178153,133.86771077648498,1.2336000204086304
565,-1.2256056075086668,0.27624154374940474,0.2233470356184331,134.69355109129773,2.1547000408172607
566,-1.2386559353942739,0.3179460431409112,0.12388005676770314,135.508413463097,5.5817999839782715
567,-1.2520229533066085,0.3592906908847556,0.03033924152517643,136.31216921566798,0.34150001406669617
568,-1.2626357693330352,0.3938082166012432,-0.06259945162447277,137.10469142666,5.025100231170654
569,-1.2770954332247846,0.4360550282564567,-0.1519057653508523,137.88585494762876,1.1377999782562256
570,-1.289074700365746,0.47104923924799624,-0.24450227172086827,138.6555364237987,4.887899875640869
571,-1.2996681068735005,0.5044290425666952,-0.32915498833125023,139.4136143135423,5.348700046539307
572,-1.3139743485378912,0.5437378823771559,-0.4120142622485183,140.15996890757296,4.444900035858154
573,-1.3241827033077849,0.5721497462468258,-0.4733344761129675,140.8944823478481,1.2062000036239624
574,-1.3344214318306467,0.6021409124519369,-0.5446630574588007,141.61703864618087,5.913899898529053
575,-1.344872559244667,0.6315348367097322,-0.602191180990361,142.3275237025556,5.065000057220459
576,-1.3542898513444537,0.6564133381299065,-0.6611864387290313,143.02582532314568,3.7111001014709473
577,-1.3637265596872263,0.6805408842417779,-0.7148452677373579,143.71183323803024,2.7985999584198
578,-1.3716561358278831,0.7021150739713563,-0.7661832766315244,144.38543911860708,5.7769999504089355
579,-1.3831076825433197,0.7311269752004345,-0.8086852103569845,145.04653659469895,5.2164998054504395
580,-1.387402658113669,0.7416699497952383,-0.841607062720827,145.69502127135064,3.4885001182556152
581,-1.3971096001003533,0.7655930582899099,-0.8781440590555452,146.3307907453144,3.9228999614715576
582,-1.403510057276694,0.7810241373608029,-0.9105143937040476,146.95374462122004,2.023200035095215
583,-1.4083820185243865,0.7913211267115267,-0.9338113644033971,147.5637845274291,2.3234000205993652
584,-1.4158997261412467,0.811346027084479,-0.9570743565771481,148.16081413156866,0.019099999219179153
585,-1.4222754533143698,0.8241500031606022,-0.9794771977633657,148.74473915574316,6.192800045013428
586,-1.428491206767947,0.8374510142551592,-0.9961691216842199,149.31546739142215,0.4097999930381775
587,-1.4331796776893213,0.8470693170692051,-1.004651267758207,149.8729087140013,0.147599995136261
588,-1.4375200339000969,0.8563426618666632,-1.015154829832828,150.4169750970336,3.442199945449829
589,-1.442573599993092,0.8656901524281371,-1.021187901249011,150.9475806261301,5.766300201416016
590,-1.4490869396919832,0.8806394469730675,-1.0248591175667068,151.4646415125269,3.084399938583374
591,-1.4487913481870207,0.8768937437059426,-1.0228236842368261,151.96807610631598,5.093900203704834
592,-1.4555506499453603,0.8897306615012837,-1.0218502117308625,152.45780490933905,5.091899871826172
593,-1.4535361767871848,0.8795704676978737,-1.0029513363724665,152.93375058774097,3.3973000049591064
594,-1.4578664115472868,0.8886923805329303,-1.0038245845468456,153.39583798418175,1.7639000415802002
595,-1.460632978104667,0.891499454898667,-0.9944313755315886,153.84399412970487,4.298799991607666
596,-1.462766421859221,0.8929805068415982,-0.9787983351797869,154.27814825525974,2.639899969100952
597,-1.4636177754523456,0.8936715769855242,-0.97696234686234,154.698231802877,4.59630012512207
598,-1.4659039800224245,0.8947042425203449,-0.9572831237478012,155.1041784364948,4.55019998550415
599,-1.4664863166484514,0.8934227824839993,-0.9486587438304356,155.4959240524338,3.6763999462127686
600,-1.465391306317068,0.8852415690330535,-0.923762877205729,155.87340678951992,5.613800048828125
601,-1.4707919947758514,0.8976579094942537,-0.9291448831082101,156.2365670388531,3.137700080871582
602,-1.4686505867144535,0.8875801834297791,-0.9005460865446303,156.5853474532201,1.0805000066757202
603,-1.4703794597376265,0.8894215768915812,-0.8929152436351674,156.91969295615027,0.4693000018596649
604,-1.4684494482163157,0.8797602919019475,-0.8691758445675262,157.2395507506128,4.394700050354004
605,-1.4712890638145317,0.8857044178562691,-0.8623715318626828,157.54487032735418,2.6401000022888184
606,-1.4729555860682217,0.8870530370722456,-0.8541161621188833,157.8356034728737,3.5046000480651855
607,-1.4714603644354114,0.8799327032437537,-0.8307572808299039,158.11170427703752,2.4123001098632812
608,-1.469544878160801,0.8737134902086982,-0.8203021091524568,158.3731291403279,2.108099937438965
609,-1.4714817553050428,0.8758772669093978,-0.8108958754273939,158.61983678072846,3.737600088119507
610,-1.470766615878138,0.8723912224849673,-0.7968845366802314,158.85178824024285,1.3968000411987305
611,-1.4706248806002953,0.8694516878225321,-0.7819415315830419,159.06894689104672,3.7527999877929688
612,-1.4700046690943123,0.8662352817930465,-0.7767474769391053,159.27127844127176,5.684299945831299
613,-1.4700685222625494,0.8639975634246998,-0.761420562998317,159.45875094042066,4.595900058746338
614,-1.4701217208057233,0.8630708386790897,-0.7593220610955738,159.63133478441256,5.8933000564575195
615,-1.468376222083126,0.8567178517914636,-0.7452335175877802,159.78900272025783,5.305099964141846
616,-1.4691882272588643,0.8574664447776826,-0.7413876681842392,159.93172985036165,3.3524999618530273
617,-1.4685042541997333,0.8541203968946413,-0.7317329913758254,160.05949363645567,6.208799839019775
618,-1.4699765429355325,0.8580129851369594,-0.7314964076733138,160.17227390315696,1.1812000274658203
619,-1.4690112531609816,0.8518494822924116,-0.7178305038761892,160.27005284115398,0.09920000284910202
620,-1.4694791387049748,0.8545310767510774,-0.7233026390596153,160.352815010019,4.104300022125244
621,-1.4669171787628545,0.8460550084440253,-0.7102807086999595,160.42054734064607,0.75
622,-1.4668468877325207,0.8458659882724237,-0.7092357819226075,160.4732391373151,5.074100017547607
623,-1.4688677338581977,0.8516243535643809,-0.7153793323682179,160.51088207938048,3.2718000411987305
624,-1.468867733858193,0.8516243535644022,-0.7153793323682157,160.53347022258532,4.479599952697754
625,-1.4688677338581966,0.8516243535644203,-0.7153793323682135,160.541,4.5991997718811035
626,-1.4668468877325274,0.8458659882725081,-0.7092357819226384,160.53347022258532,6.228700160980225
627,-1.46691717876285,0.8460550084440548,-0.7102807087000149,160.51088207938048,0.9132999777793884
628,-1.4694791387049748,0.8545310767510785,-0.7233026390596303,160.4732391373151,0.6225000023841858
629,-1.4690112531609834,0.8518494822924731,-0.7178305038761128,160.42054734064607,5.08620023727417
630,-1.4699765429355272,0.8580129851369545,-0.7314964076733168,160.352815010019,3.6098999977111816
631,-1.4685042541997335,0.8541203968947398,-0.731732991375784,160.27005284115398,5.433700084686279
632,-1.4691882272588732,0.8574664447776099,-0.7413876681841327,160.17227390315693,4.671599864959717
633,-1.468376222083122,0.8567178517915064,-0.7452335175876039,160.05949363645567,0.6743999719619751
634,-1.4701217208057256,0.8630708386790693,-0.7593220610955751,159.93172985036165,3.1136999130249023
635,-1.4700685222625451,0.863997563424711,-0.7614205629983091,159.78900272025783,4.051400184631348
636,-1.470004669094312,0.866235281793044,-0.7767474769390725,159.63133478441256,0.6764000058174133
637,-1.4706248806003166,0.8694516878224262,-0.7819415315835021,159.45875094042066,5.82480001449585
638,-1.4707666158781272,0.8723912224848679,-0.7968845366799945,159.27127844127176,5.300099849700928
639,-1.4714817553050388,0.8758772669094169,-0.8108958754276249,159.06894689104675,0.5152000188827515
640,-1.4695448781608051,0.8737134902085958,-0.8203021091526248,158.85178824024285,2.271199941635132
641,-1.471460364435409,0.8799327032437961,-0.8307572808298647,158.6198367807285,0.6420000195503235
642,-1.4729555860682235,0.8870530370722642,-0.8541161621188497,158.37312914032793,5.085999965667725
643,-1.471289063814532,0.8857044178562922,-0.8623715318626317,158.11170427703752,2.6939001083374023
644,-1.4684494482163162,0.8797602919019215,-0.8691758445675378,157.83560347287374,3.1819000244140625
645,-1.4703794597376305,0.8894215768915459,-0.8929152436351718,157.54487032735418,3.4820001125335693
646,-1.4686505867144508,0.8875801834298097,-0.9005460865446437,157.23955075061286,5.460899829864502
647,-1.470791994775852,0.8976579094942763,-0.9291448831081838,156.91969295615024,5.882299900054932
648,-1.4653913063170696,0.8852415690331058,-0.9237628772058242,156.5853474532201,3.386399984359741
649,-1.4664863166484468,0.8934227824839958,-0.9486587438305344,156.23656703885308,3.47379994392395
650,-1.465903980022424,0.8947042425204098,-0.9572831237477512,155.87340678951995,3.0541999340057373
651,-1.4636177754523483,0.8936715769854815,-0.9769623468623565,155.49592405243382,0.15109999477863312
652,-1.4627664218592147,0.8929805068413714,-0.9787983351797496,155.1041784364948,1.9627000093460083
653,-1.4606329781046552,0.8914994548985986,-0.9944313755316688,154.698231802877,0.4341999888420105
654,-1.4578664115472952,0.888692380533216,-1.0038245845467813,154.27814825525974,0.7742999792098999
655,-1.4535361767871884,0.8795704676978716,-1.002951336372529,153.84399412970492,5.84119987487793
656,-1.455550649945356,0.8897306615012898,-1.0218502117309647,153.3958379841818,1.8909000158309937
657,-1.4487913481870196,0.8768937437059467,-1.0228236842368417,152.93375058774097,5.206399917602539
658,-1.4490869396919877,0.8806394469730856,-1.0248591175666548,152.45780490933902,5.904900074005127
659,-1.4425735999930962,0.8656901524280359,-1.0211879012492433,151.968076106316,6.093299865722656
660,-1.4375200339000955,0.8563426618666836,-1.015154829832962,151.46464151252695,1.5134999752044678
661,-1.4331796776893175,0.8470693170692559,-1.0046512677581545,150.9475806261301,0.9954000115394592
662,-1.4284912067679452,0.8374510142551519,-0.9961691216842519,150.41697509703363,2.3236000537872314
663,-1.4222754533143769,0.8241500031606344,-0.9794771977634648,149.87290871400137,2.9725000858306885
664,-1.4158997261412478,0.811346027084511,-0.9570743565771617,149.31546739142215,2.1691999435424805
665,-1.4083820185243816,0.7913211267115631,-0.9338113644034707,148.74473915574313,2.0195000171661377
666,-1.403510057276701,0.7810241373608104,-0.9105143937040331,148.16081413156869,2.9286000728607178
667,-1.3971096001003616,0.7655930582900906,-0.8781440590552573,147.5637845274292,4.425600051879883
668,-1.387402658113633,0.7416699497953245,-0.8416070627203109,146.95374462122004,6.047299861907959
669,-1.3831076825433002,0.7311269752003015,-0.8086852103570817,146.33079074531446,1.7039999961853027
670,-1.3716561358278798,0.7021150739713393,-0.7661832766316509,145.6950212713507,4.289299964904785
671,-1.3637265596872374,0.680540884241781,-0.714845267737309,145.04653659469898,3.198899984359741
672,-1.3542898513444555,0.6564133381299101,-0.6611864387289242,144.38543911860705,4.437099933624268
673,-1.3448725592446644,0.6315348367097134,-0.6021911809904097,143.7118332380303,4.825399875640869
674,-1.3344214318306429,0.6021409124519073,-0.5446630574587482,143.02582532314577,2.5085999965667725
675,-1.3241827033077855,0.5721497462468316,-0.47333447611286816,142.32752370255565,3.585200071334839
676,-1.3139743485378883,0.543737882377157,-0.41201426224853693,141.61703864618084,5.1570000648498535
677,-1.2996681068735016,0.5044290425666762,-0.3291549883312494,140.8944823478481,5.741499900817871
678,-1.289074700365748,0.4710492392480095,-0.24450227172089772,140.159968907573,0.8953999876976013
679,-1.277095433224786,0.4360550282564818,-0.1519057653509262,139.41361431354233,5.894999980926514
680,-1.2626357693330421,0.39380821660132415,-0.06259945162457921,138.65553642379876,0.06239999830722809
681,-1.2520229533066105,0.35929069088474985,0.03033924152521711,137.88585494762884,2.0789999961853027
682,-1.238655935394248,0.31794604314101726,0.12388005676758244,137.10469142666005,4.592800140380859
683,-1.2256056075086532,0.27624154374937027,0.22334703561809174,136.31216921566795,6.265500068664551
684,-1.2091389915071304,0.22410950167833998,0.34523676445173185,135.50841346309699,2.561800003051758
685,-1.1961215528802565,0.18085899819796514,0.46093645902391306,134.69355109129782,5.957300186157227
686,-1.181340589430006,0.13302663599519185,0.578996894510404,133.867710776485,5.848199844360352
687,-1.1657667315634643,0.08246706808696225,0.6984054103192234,133.031022928418,0.5637000203132629
688,-1.1483438872948948,0.025168360384278166,0.8132264361198959,132.18361966980683,6.072500228881836
689,-1.1339844133281003,-0.023585929006013986,0.9487041292430662,131.3256348154498,5.665299892425537
690,-1.1144247178600284,-0.0850502908422117,1.0715353583356302,130.45720385110124,1.1813000440597534
691,-1.0993097738650701,-0.13668673520531996,1.1982296778413917,129.57846391207778,0.3752000033855438
692,-1.0840481480034028,-0.18701286010025775,1.3147395606012993,128.68955376160238,2.0611000061035156
693,-1.064782184673275,-0.24972932722860122,1.4414231762158505,127.79061376889234,3.942699909210205
694,-1.0474918821639692,-0.30278030738184797,1.5467116484317855,126.88178588699314,3.882200002670288
695,-1.027748954612457,-0.36393407434755365,1.6666460490403205,125.9632136303633,4.485099792480469
696,-1.008085977029113,-0.4223844117181308,1.7703398744816368,125.03504205221029,5.775400161743164
697,-0.9899984756225185,-0.47480097999377324,1.8509628171706418,124.09741772158591,4.677499771118164
698,-0.9686279596842585,-0.5343497921021918,1.938788616994072,123.15048870024148,1.3253999948501587
699,-0.9510717472635847,-0.5825104994135518,2.023703146158658,122.19440451924652,2.078200101852417
700,-0.9275055113212525,-0.6407312506098434,2.0729953567290824,121.22931615537632,4.867000102996826
701,-0.9058079883583161,-0.694501599086279,2.1291834761789286,120.25537600727135,6.1168999671936035
702,-0.883750026810127,-0.7443412123503387,2.156977705005296,119.27273787137142,4.899799823760986
703,-0.8630593696591781,-0.7906483466388868,2.191842122779391,118.2815569176291,5.891900062561035
704,-0.8412750289662416,-0.8376679916999233,2.194289196786263,117.28198966500719,0.6883999705314636
705,-0.819088533714919,-0.880735288174876,2.1935432244790714,116.27419395676203,5.69379997253418
706,-0.7965506043118784,-0.924971129154384,2.176536221991641,115.25832893551888,0.5860000252723694
707,-0.7735329443762867,-0.9674877155431086,2.1449771017925876,114.23455501814098,3.5685999393463135
708,-0.7494298563137207,-1.007816577607754,2.0945951480266696,113.20303387039758,1.1893999576568604
709,-0.7289457530135617,-1.043666158050084,2.0413667338406505,112.16392838143595,5.554100036621094
710,-0.7048235530989948,-1.0848193790116654,1.9738746456484917,111.11740263805838,4.608099937438965
711,-0.6837456992668116,-1.119535736821074,1.906447726260933,110.06362189881143,3.300299882888794
712,-0.6596635289873781,-1.15581880689362,1.8157191777199346,109.00275256788936,1.4918999671936035
713,-0.6380828530383338,-1.1926099025751464,1.736186877917548,107.9349621688581,2.848900079727173
714,-0.6155742589593228,-1.228064614910248,1.6389025274779379,106.86041931819958,5.189799785614014
715,-0.5936213680907162,-1.264434879324802,1.549429603101067,105.77929369868626,0.597599983215332
716,-0.5708359866908882,-1.302851951343775,1.4545510753414987,104.69175603258657,6.042200088500977
717,-0.5483952457607665,-1.339760227040942,1.363149930757881,103.59797805470498,2.4089999198913574
718,-0.5240454578421818,-1.3793647772971778,1.2742458249343986,102.49813248526351,4.755000114440918
719,-0.4983558107815693,-1.4205243144660624,1.1806666799631116,101.39239300262754,5.543600082397461
720,-0.4739282886079232,-1.4568613726977107,1.1017850395008881,100.28093421587968,0.15649999678134918
721,-0.44814890182688955,-1.4969832325187116,1.0336863780427934,99.16393163724666,0.29269999265670776
722,-0.4207566529437444,-1.537148742277097,0.9726283044087422,98.04156165438431,4.764900207519531
723,-0.3920540413810338,-1.5771059181172846,0.9124331293754628,96.91400150252372,4.126299858093262
724,-0.36454809734614574,-1.6120375308466905,0.8710031460280687,95.78142923648412,4.297699928283691
725,-0.33252415518730727,-1.6466709842683038,0.8225665001158373,94.64402370255566,0.10339999943971634
726,-0.30238601296709194,-1.6792862979146967,0.7862382230470887,93.50196451025704,5.251999855041504
727,-0.268895147529762,-1.7077366668953948,0.7564157202170618,92.35543200397424,6.020299911499023
728,-0.2357172836273944,-1.7308912212966898,0.7296624857091847,91.20460723448085,5.798799991607666
729,-0.20170790484762893,-1.750072518502531,0.6987902368258789,90.04967193034877,0.19460000097751617
730,-0.16707186066306204,-1.7662030777742077,0.6695630450007098,88.89080846925062,0.4189999997615814
731,-0.13134474152792716,-1.7743407843005004,0.637254413190284,87.72819984916154,1.3265000581741333
732,-0.09867276468850394,-1.780412567369725,0.6019507303378547,86.56202965945968,5.6743998527526855
733,-0.06178136496690374,-1.7802727392205238,0.5502760732881918,85.39248205193671,0.8736000061035156
734,-0.02873349909338898,-1.7751828636243112,0.5023873706300883,84.21974171171749,5.733099937438965
735,0.005654711988054849,-1.7663072947923135,0.43817597137558495,83.04399382809692,3.531599998474121
736,0.04051690039674789,-1.751906141679657,0.36032441277716487,81.86542406529517,0.3880999982357025
737,0.07188128559400951,-1.7372851767568136,0.28139425173543603,80.68421853314038,6.189899921417236
738,0.10623599107102624,-1.7157372381083262,0.1866517256538591,79.50056375767923,3.6242001056671143
739,0.13698023791391517,-1.6965383638464036,0.0860432736704305,78.31464665172194,3.980299949645996
740,0.16477948110811638,-1.6746939591978678,-0.015181230123032286,77.12665448532715,4.56879997253418
741,0.1977095215147734,-1.648341756373565,-0.14017143682131974,75.93677485622938,5.7733001708984375
742,0.22336448008287063,-1.6259798995691028,-0.2583190310394041,74.74519566021576,1.219499945640564
743,0.2508011558716529,-1.5997586850560148,-0.38520497998394393,73.55210506145475,2.243000030517578
744,0.27540049861092614,-1.5782841788324968,-0.5057897813672693,72.35769146278247,0.6712999939918518
745,0.29912014513587465,-1.5554564321804496,-0.631256168999755,71.16214347595204,5.070000171661377
746,0.32404251020196007,-1.5314949800756854,-0.7607920412922425,69.96564989185016,2.365999937057495
747,0.345302576912085,-1.5132208739283053,-0.8811009638164897,68.7683996506838,5.414899826049805
748,0.3647658772050305,-1.4963506031176705,-0.9903579248682576,67.57058181214465,5.8140997886657715
749,0.3857874762313458,-1.477698318655432,-1.1042942951556332,66.37238552555566,0.8259000182151794
750,0.4044863951644842,-1.4617700653552126,-1.2023561944357684,65.17400000000004,0.531000018119812
751,0.4234782458711028,-1.4455677226959744,-1.3000779766390456,63.97561447444443,3.396899938583374
752,0.4422449067506952,-1.4302267345180284,-1.3881426999352484,62.777418187855254,4.991000175476074
753,0.45959933873241265,-1.4165943962222278,-1.4660817346724704,61.57960034931645,4.185800075531006
754,0.4761231364609636,-1.40174658144432,-1.5318099778463707,60.38235010814992,4.858799934387207
755,0.4942388711773309,-1.3866107249752468,-1.5962076556284897,59.18585652404805,1.3859000205993652
756,0.5096201725248944,-1.371087612723726,-1.642319487893399,57.99030853721762,0.6467999815940857
757,0.5260226413517853,-1.3537891025374025,-1.6805457194260285,56.79589493854533,0.36390000581741333
758,0.5411602869934893,-1.3381088968782355,-1.7111441497638022,55.60280433978432,1.798699975013733
759,0.5564769913004097,-1.3191728951799448,-1.7311198834931631,54.41122514377071,2.9293999671936035
760,0.5743715818185876,-1.2918814618859376,-1.7439594480912781,53.22134551467294,5.294400215148926
761,0.5883311601868464,-1.2729458967483231,-1.7503249201587454,52.03335334827814,4.132400035858154
762,0.6044844598954698,-1.2462603732032198,-1.7480675628461488,50.84743624232085,1.8841999769210815
763,0.6195974493513818,-1.216541155318871,-1.7368390792596327,49.66378146685953,6.19789981842041
764,0.6348748015827524,-1.1867383363934245,-1.721667751672777,48.48257593470492,1.6162999868392944
765,0.6489471346113558,-1.1580928625730766,-1.6995062067503466,47.30400617190334,2.4728000164031982
766,0.6652096111295612,-1.1191512988680092,-1.6700656530823743,46.128258288282595,5.301300048828125
767,0.6803047325448492,-1.0823447252451055,-1.6335011685258745,44.955517948063374,0.15530000627040863
768,0.6929649459817622,-1.0507513384623464,-1.6007207134310188,43.78597034054039,0.6315000057220459
769,0.7074185109616575,-1.0097806997627776,-1.5587409862303006,42.61980015083854,5.532899856567383
770,0.7204097819726996,-0.9732808413599423,-1.5196627794076696,41.4571915307493,5.0218000411987305
771,0.7355372410865455,-0.9250099091760562,-1.46414442112128,40.298328069651475,1.0492000579833984
772,0.7483739889020938,-0.8846706432140058,-1.419402227629007,39.14339276551923,4.17110013961792
773,0.7607838968434164,-0.8443470915992471,-1.3734459221260757,37.99256799602585,1.183899998664856
774,0.7736530261127315,-0.7988950296480579,-1.3215532575189664,36.846035489742874,4.212399959564209
775,0.7855267000204881,-0.753929141853643,-1.2687844876147905,35.70397629744443,3.801800012588501
776,0.7986746882449866,-0.7051476379052407,-1.2135018907430468,34.56657076351597,4.632199764251709
777,0.8106899036627704,-0.6555868346834063,-1.1588024762999714,33.433998497476516,1.69350004196167
778,0.820949859361892,-0.6137650399993396,-1.1126323239357212,32.30643834561576,2.727299928665161
779,0.8318604176210194,-0.5653958650417131,-1.0579619278301133,31.184068362753422,3.421799898147583
780,0.8426324027232196,-0.517273305545755,-1.0060533932772244,30.067065784120388,5.351600170135498
781,0.8521490907612169,-0.47263954536438296,-0.9564061882038936,28.955606997372378,0.8359000086784363
782,0.8625071998525355,-0.4200143674887603,-0.8994205969768784,27.849867514736566,1.5887000560760498
783,0.8714109200568844,-0.3776053926494763,-0.8537367594308949,26.750021945295252,0.8985999822616577
784,0.8798872707686326,-0.330888035198934,-0.8070632848750026,25.656243967413502,0.40790000557899475
785,0.8888914925939869,-0.2822707799964083,-0.7541386917236518,24.56870630131366,5.454500198364258
786,0.8969982090859807,-0.2361722823344581,-0.7074314391152703,23.487580681800495,3.1977999210357666
787,0.9035146530873078,-0.19638327412441298,-0.6648546659658975,22.413037831141978,3.6963000297546387
788,0.9114194263388548,-0.1493843582335536,-0.6187500558887965,21.345247432110718,1.1019999980926514
789,0.9182178045671654,-0.10790340327022926,-0.5746271511210705,20.284378101188793,0.9810000061988831
790,0.9241568988203511,-0.063529494747737,-0.5300165115982512,19.230597361941697,0.31779998540878296
791,0.93034362652282,-0.021378944998526175,-0.4874683863514826,18.18407161856412,3.354599952697754
792,0.9363263317647413,0.020230798219436793,-0.4454534332432447,17.144966129602352,1.2582000494003296
793,0.9409346282640538,0.05978476879324579,-0.4055108779656884,16.113444981859104,0.8184000253677368
794,0.946019977537361,0.09718751396716316,-0.36912111266157976,15.089671064481202,5.381999969482422
795,0.9507071374367716,0.1376942422972673,-0.32776407299267335,14.073806043238179,0.7566999793052673
796,0.9545535743348561,0.17241177865287735,-0.2927882833232048,13.066010334992889,4.865900039672852
797,0.9588434947257684,0.21225993998197865,-0.2520553464994374,12.06644308237096,5.8242998123168945
798,0.962442742674573,0.250283191300625,-0.21496984139316802,11.075262128628665,1.0807000398635864
799,0.9657893545446092,0.286193627647658,-0.17768932201418616,10.092623992728726,2.691499948501587
800,0.9686181426264959,0.3154043644903663,-0.1496867255251966,9.118683844623753,1.478700041770935
801,0.9717338727963357,0.35140198063315203,-0.11317894250113526,8.153595480753694,5.489799976348877
802,0.9740905413101034,0.3813563389965666,-0.0834748651742113,7.197511299758581,1.5616999864578247
803,0.9762983879480202,0.4122177634070864,-0.05273031090658873,6.250582278414029,0.07119999825954437
804,0.9777061719843614,0.43764753075106383,-0.025173105607888973,5.312957947789769,2.6010000705718994
805,0.9792440936906989,0.46583101435187124,0.003420115130421829,4.384786369636771,5.881899833679199
806,0.9804908620751892,0.49407509488854684,0.033741959295727916,3.46621411300692,2.4986000061035156
807,0.9822575809749827,0.5256270119168271,0.06433567201739657,2.5573862311078415,2.6956000328063965
808,0.9832422563915738,0.5498173658498611,0.09054673054506791,1.6584462383976941,1.014299988746643
809,0.9839762413895148,0.5733408478481106,0.11588918305660861,0.7695360879222903,1.8137999773025513
810,0.9851750227677497,0.6013803001103369,0.1435347162961491,359.89079614889886,4.372399806976318
811,0.9854985200258112,0.6226405435639778,0.16501797522604808,359.02236518455027,3.7551000118255615
812,0.9857580368897987,0.6466294209516137,0.1927364705431142,358.16438033019324,4.497300148010254
813,0.9860450819070362,0.667897257122999,0.2148192542951417,357.3169770715822,2.5125999450683594
814,0.9861367644699489,0.6952530610447373,0.24317044124256926,356.4802892235149,0.9399999976158142
815,0.985987435851511,0.7106170782949203,0.2614804202553521,355.6544489087022,0.3903999924659729
816,0.9857173196185514,0.7290111217455293,0.27938773917855,354.8395865369031,2.6431000232696533
817,0.9854443109237341,0.7458020860376895,0.2984522893223716,354.0358307843321,3.604099988937378
818,0.9846594828816865,0.7640695632120702,0.3199330390610489,353.24330857334,0.6818000078201294
819,0.9843359230069967,0.7829563614611972,0.3393479434402435,352.4621450523713,0.298799991607666
820,0.9838145391554666,0.8018546413680911,0.3600606881084589,351.6924635762013,1.648900032043457
821,0.9830780381703212,0.8186340043044128,0.3796949293111059,350.93438568645774,0.4927999973297119
822,0.9827006521750303,0.8310912891086683,0.39031452448772325,350.1880310924271,5.130300045013428
823,0.9817363349555843,0.8503743105475275,0.41182241116189056,349.45351765215196,4.590700149536133
824,0.9803942914995049,0.8660938111260843,0.4306445222445577,348.7309613538192,2.152100086212158
825,0.979154559610557,0.8757716962306296,0.44214214315744566,348.0204762974444,5.303400039672852
826,0.9781211090639083,0.8900171909040533,0.4565481684485678,347.3221746768543,5.112299919128418
827,0.9770949464087814,0.9042324887962112,0.47237180807189416,346.6361667619698,2.7416999340057373
828,0.9760567399629786,0.9156137257553714,0.48624580287397295,345.96256088139296,5.575399875640869
829,0.9749229791064014,0.9293978458897428,0.49847829255461845,345.3014634053011,1.545699954032898
830,0.9735862291995128,0.9370504296243013,0.5093701708599626,344.6529787286494,1.3669999837875366
831,0.972519978890828,0.9501921016860544,0.5213758654558951,344.01720925468567,3.4179000854492188
832,0.970812070067956,0.9592591304652239,0.5333095746602271,343.3942553787799,0.9083999991416931
833,0.9698664316896997,0.9697497419021921,0.5427045971262778,342.78421547257085,5.9695000648498535
834,0.9681818733838019,0.9792574464756494,0.5533603561057676,342.18718586843136,3.440700054168701
835,0.966872231794503,0.9881647853016773,0.5619305351396922,341.6032608442569,2.3912999629974365
836,0.9655605752211668,0.9970595375903294,0.5714655029833132,341.0325326085778,2.287400007247925
837,0.9638990962850714,1.004927818849031,0.5794156612857109,340.47509128599876,5.5802998542785645
838,0.9627388617074177,1.0155512373422182,0.5910813863926871,339.93102490296644,5.742599964141846
839,0.9615581001803296,1.02256268976529,0.5954831163249354,339.4004193738699,1.7235000133514404
840,0.9598193428717018,1.0278791190785441,0.6018937111814139,338.8833584874731,5.262599945068359
841,0.9585361750055389,1.036013863024195,0.6077127098433794,338.379923893684,6.15880012512207
842,0.956985860702894,1.0428106843564113,0.6158616364683992,337.890195090661,0.11219999939203262
843,0.9559793482576154,1.047704243654342,0.6202560218829354,337.41424941225904,0.24789999425411224
844,0.9544310342591134,1.0561017177658967,0.6257160541708695,336.9521620158182,4.262599945068359
845,0.9531350697813717,1.058996294647568,0.6299579715865289,336.50400587029515,3.922300100326538
846,0.9518524048541457,1.0660272841500367,0.6374142453281093,336.0698517447403,2.3958001136779785
847,0.9501712231076606,1.0670467126175092,0.6365494441479032,335.64976819712297,0.15320000052452087
848,0.9496379109633484,1.0754358622077616,0.6423338823839051,335.2438215635052,4.277900218963623
849,0.947979677948285,1.0781455365677632,0.6451053268038436,334.8520759475663,3.928100109100342
850,0.9468501726352302,1.07994819066813,0.6465824188934652,334.4745932104801,6.0640997886657715
851,0.9457070414807336,1.087861799212412,0.6524685480975784,334.1114329611469,0.5019999742507935
852,0.944354871709525,1.0897941438041967,0.6555007933901622,333.7626525467799,1.7964999675750732
853,0.9435628196119693,1.0926692950010912,0.6555331713138676,333.42830704384977,2.3443000316619873
854,0.9426222726032584,1.1022425540101535,0.6624217352248903,333.10844924938715,3.800100088119507
855,0.941298811138046,1.1007333121030627,0.6628104187903501,332.80312967264587,5.308300018310547
856,0.9400027936414145,1.1013583631915815,0.6624945713114313,332.51239652712627,4.021900177001953
857,0.9389250602306213,1.1035974359668872,0.6651835649296389,332.2362957229625,4.025199890136719
858,0.9387926688457607,1.1097586975865676,0.6685060288498405,331.9748708596721,0.955299973487854
859,0.9371649127061783,1.1091307285664924,0.6670999066138309,331.72816321927155,1.5226999521255493
860,0.9371901139003004,1.111299413630391,0.6682001325825611,331.49621175975716,1.5241999626159668
861,0.9364156845052186,1.1146193913101436,0.6708893781418344,331.2790531089533,4.5518999099731445
862,0.9353689335588182,1.118545310268927,0.6725766484792571,331.0767215587282,5.014599800109863
863,0.9348554379508555,1.1179355382991547,0.6718630326009395,330.88924905957936,0.879800021648407
864,0.9340574611616764,1.1148710591456508,0.6669113995015405,330.71666521558745,1.1208000183105469
865,0.9336918758934429,1.118709820325621,0.6700946594771146,330.5589972797422,0.3425000011920929
866,0.9331704254750508,1.1189401813646238,0.6704272940721036,330.41627014963836,5.972499847412109
867,0.9328386753691518,1.1208756085483547,0.6696184781847127,330.28850636354434,1.6583000421524048
868,0.9325798592355972,1.123878153945092,0.6734921013918774,330.17572609684305,5.175000190734863
869,0.9316744727232693,1.1235118291689934,0.6742793828257757,330.07794715884603,2.67930006980896
870,0.9315829871075682,1.125838993264663,0.6743100856978965,329.995184989981,3.0669000148773193
871,0.9319285324810371,1.1265916656388575,0.6735612078549056,329.92745265935395,5.662199974060059
872,0.9313667925579904,1.124343582081991,0.6743218019052943,329.8747608626849,4.792300224304199
873,0.93136679255799,1.1243435820819987,0.6743218019052248,329.83711792061956,0.3682999908924103
874,0.9313667925579912,1.1243435820819896,0.6743218019051868,329.8145297774147,4.0346999168396
875,0.9313667925579886,1.124343582081993,0.6743218019052666,329.807,0.48249998688697815
876,0.9313667925579877,1.124343582081997,0.6743218019053487,329.8145297774147,4.51639986038208
877,0.9319285324810203,1.126591665639097,0.6735612078551089,329.83711792061956,3.8754000663757324
878,0.9315829871075584,1.125838993264716,0.6743100856982562,329.8747608626849,2.2079999446868896
879,0.9316744727232653,1.123511829169151,0.6742793828258713,329.9274526593539,1.4744999408721924
880,0.932579859235594,1.1238781539450395,0.673492101391922,329.99518498998106,5.520100116729736
881,0.9328386753691489,1.1208756085483207,0.6696184781847004,330.07794715884603,4.32859992980957
882,0.9331704254750558,1.1189401813646251,0.6704272940721316,330.17572609684305,2.0671000480651855
883,0.9336918758934475,1.1187098203256582,0.6700946594770733,330.28850636354434,4.450900077819824
884,0.9340574611616694,1.1148710591455924,0.6669113995015108,330.41627014963836,5.818999767303467
885,0.9348554379508436,1.1179355382990817,0.6718630326005038,330.5589972797422,4.650899887084961
886,0.9353689335588197,1.118545310268878,0.6725766484788583,330.71666521558745,0.4763999879360199
887,0.9364156845052175,1.114619391310143,0.6708893781418045,330.88924905957936,5.215700149536133
888,0.9371901139003032,1.1112994136303893,0.6682001325825643,331.07672155872825,1.413699984550476
889,0.9371649127061843,1.109130728566511,0.6670999066138364,331.27905310895324,3.7077999114990234
890,0.9387926688457605,1.109758697586565,0.6685060288498771,331.4962117597571,3.1858999729156494
891,0.9389250602306161,1.103597435966934,0.6651835649296697,331.72816321927155,4.929999828338623
892,0.9400027936414366,1.1013583631915367,0.6624945713111677,331.97487085967214,6.099100112915039
893,0.9412988111380461,1.1007333121030796,0.6628104187901385,332.2362957229625,4.217599868774414
894,0.9426222726032546,1.1022425540101806,0.662421735225253,332.51239652712627,2.8980000019073486
895,0.943562819611973,1.092669295001067,0.6555331713138316,332.8031296726458,0.5333999991416931
896,0.944354871709525,1.0897941438041951,0.6555007933901356,333.10844924938715,2.466900110244751
897,0.9457070414807346,1.0878617992123847,0.6524685480975574,333.4283070438497,0.05139999836683273
898,0.9468501726352337,1.0799481906681465,0.6465824188934071,333.7626525467799,3.842900037765503
899,0.947979677948257,1.0781455365677692,0.6451053268039262,334.11143296114693,6.116700172424316
900,0.9496379109633397,1.0754358622080769,0.6423338823846333,334.47459321048007,1.6132999658584595
901,0.950171223107654,1.067046712617432,0.636549444148222,334.85207594756616,4.668300151824951
902,0.9518524048541529,1.0660272841500118,0.6374142453280448,335.2438215635052,3.4052999019622803
903,0.9531350697813672,1.0589962946475764,0.6299579715864921,335.64976819712297,0.10100000351667404
904,0.9544310342591177,1.0561017177659076,0.6257160541708537,336.0698517447403,2.3736000061035156
905,0.9559793482576204,1.0477042436543522,0.6202560218829739,336.5040058702951,4.5808000564575195
906,0.9569858607028877,1.0428106843563976,0.6158616364683562,336.95216201581826,0.482699990272522
907,0.9585361750055433,1.0360138630242968,0.6077127098434376,337.41424941225904,2.670599937438965
908,0.959819342871712,1.0278791190786323,0.6018937111812983,337.8901950906609,3.8517000675201416
909,0.9615581001803437,1.0225626897652182,0.5954831163244934,338.379923893684,5.311600208282471
910,0.9627388617074161,1.0155512373422249,0.5910813863926211,338.8833584874732,6.1016998291015625
911,0.9638990962850708,1.0049278188490482,0.5794156612857907,339.4004193738699,5.0040998458862305
912,0.9655605752211698,0.9970595375903595,0.5714655029834349,339.9310249029664,1.5640000104904175
913,0.966872231794508,0.9881647853016637,0.5619305351397292,340.4750912859987,6.036399841308594
914,0.9681818733837944,0.9792574464756375,0.5533603561054578,341.03253260857775,4.908199787139893
915,0.9698664316896746,0.9697497419021401,0.5427045971258624,341.6032608442568,2.08240008354187
916,0.970812070067955,0.9592591304654818,0.5333095746606055,342.18718586843136,2.8515000343322754
917,0.9725199788908292,0.9501921016860334,0.5213758654558184,342.7842154725709,5.874499797821045
918,0.9735862291995115,0.9370504296242957,0.5093701708598354,343.3942553787799,1.9737999439239502
919,0.9749229791063988,0.9293978458897006,0.49847829255461135,344.01720925468555,2.8907999992370605
920,0.9760567399629775,0.915613725755366,0.4862458028739905,344.6529787286493,1.0526000261306763
921,0.9770949464087836,0.9042324887961924,0.4723718080718306,345.30146340530104,2.9235000610351562
922,0.9781211090639185,0.8900171909041397,0.45654816844851037,345.96256088139296,6.158100128173828
923,0.9791545596105561,0.8757716962305646,0.4421421431576958,346.6361667619697,4.829400062561035
924,0.9803942914995125,0.8660938111259116,0.4306445222445985,347.32217467685433,2.1547000408172607
925,0.9817363349555871,0.8503743105475601,0.4118224111619389,348.02047629744436,4.530900001525879
926,0.9827006521750267,0.8310912891086673,0.39031452448768017,348.73096135381905,5.558700084686279
927,0.9830780381703181,0.8186340043044291,0.3796949293111435,349.4535176521518,5.679999828338623
928,0.9838145391554688,0.8018546413681211,0.3600606881084705,350.1880310924271,6.152299880981445
929,0.9843359230069839,0.7829563614610003,0.339347943440006,350.9343856864577,3.202500104904175
930,0.984659482881648,0.764069563212015,0.3199330390610863,351.69246357620125,4.806099891662598
931,0.9854443109237122,0.7458020860376561,0.2984522893222532,352.4621450523713,3.6654999256134033
932,0.9857173196185506,0.7290111217455744,0.27938773917857795,353.24330857333996,0.7989000082015991
933,0.9859874358515104,0.7106170782949227,0.26148042025538704,354.03583078433195,1.3432999849319458
934,0.9861367644699498,0.695253061044823,0.24317044124258236,354.839586536903,1.1187000274658203
935,0.9860450819070388,0.6678972571229989,0.21481925429513346,355.6544489087023,5.148799896240234
936,0.9857580368897957,0.6466294209516177,0.19273647054313225,356.480289223515,4.968100070953369
937,0.9854985200258355,0.6226405435638213,0.16501797522581352,357.316977071582,2.083899974822998
938,0.9851750227677408,0.6013803001106549,0.14353471629638975,358.164380330193,1.7312999963760376
939,0.9839762413895338,0.573340847848129,0.11588918305672466,359.02236518455015,0.9172000288963318
940,0.9832422563915744,0.5498173658498432,0.09054673054510343,359.89079614889874,1.8451999425888062
941,0.9822575809749869,0.5256270119168023,0.06433567201754188,0.7695360879222335,0.09929999709129333
942,0.9804908620751872,0.49407509488852014,0.033741959295605785,1.6584462383977652,1.448699951171875
943,0.9792440936907025,0.4658310143518529,0.0034201151304827115,2.5573862311077917,2.849299907684326
944,0.9777061719843803,0.4376475307508711,-0.02517310560799977,3.4662141130067283,3.1221001148223877
945,0.976298387948035,0.4122177634071601,-0.052730310906964215,4.384786369636572,4.336100101470947
946,0.9740905413100835,0.38135633899674776,-0.0834748651739124,5.312957947789833,4.978700160980225
947,0.9717338727963305,0.35140198063317063,-0.11317894250112054,6.2505822784141,3.459399938583374
948,0.9686181426264933,0.3154043644904083,-0.14968672552515566,7.197511299758517,4.090000152587891
949,0.9657893545446131,0.28619362764762274,-0.17768932201420043,8.153595480753488,2.482800006866455
950,0.9624427426745684,0.25028319130064286,-0.21496984139324934,9.118683844623689,3.519200086593628
951,0.9588434947257662,0.21225993998198023,-0.25205534649949934,10.092623992728512,1.5104000568389893
952,0.9545535743348564,0.17241177865305687,-0.2927882833230517,11.075262128628594,1.4696999788284302
953,0.950707137436766,0.13769424229703764,-0.32776407299304827,12.066443082371038,0.9437999725341797
954,0.9460199775373515,0.09718751396699425,-0.36912111266148157,13.06601033499296,0.599399983882904
955,0.9409346282640535,0.0597847687932407,-0.4055108779658045,14.073806043237965,2.3041000366210938
956,0.9363263317647429,0.020230798219422825,-0.44545343324319125,15.089671064480989,3.8364999294281006
957,0.93034362652282,-0.02137894499854348,-0.48746838635161127,16.113444981859026,2.1668999195098877
958,0.9241568988203537,-0.06352949474774815,-0.5300165115982053,17.144966129602437,4.848999977111816
959,0.9182178045671718,-0.10790340327019,-0.574627151121383,18.184071618564055,4.871099948883057
960,0.9114194263388453,-0.14938435823360963,-0.6187500558885537,19.230597361941626,6.097499847412109
961,0.9035146530872996,-0.19638327412439627,-0.6648546659658611,20.284378101188715,4.396399974822998
962,0.8969982090859809,-0.23617228233445875,-0.7074314391151878,21.34524743211049,1.0644999742507935
963,0.888891492593986,-0.2822707799964618,-0.7541386917235958,22.41303783114175,2.040800094604492
964,0.8798872707686323,-0.3308880351988878,-0.8070632848749415,23.487580681800573,4.2778000831604
965,0.8714109200568867,-0.3776053926494943,-0.8537367594307216,24.56870630131374,0.4487999975681305
966,0.8625071998525341,-0.42001436748878324,-0.8994205969768847,25.65624396741343,2.2964999675750732
967,0.8521490907612244,-0.4726395453640405,-0.9564061882033361,26.750021945295025,1.7305999994277954
968,0.8426324027232032,-0.517273305545605,-1.0060533932769544,27.849867514736495,4.36870002746582
969,0.8318604176210344,-0.5653958650417088,-1.0579619278301955,28.9556069973723,2.1939001083374023
970,0.8209498593618927,-0.6137650399993392,-1.1126323239357168,30.06706578412031,1.36080002784729
971,0.8106899036627754,-0.6555868346833699,-1.1588024762998597,31.184068362753507,6.220099925994873
972,0.798674688244991,-0.7051476379052964,-1.213501890743148,32.306438345615845,5.974400043487549
973,0.7855267000204956,-0.7539291418536397,-1.2687844876146686,33.43399849747628,3.6217000484466553
974,0.773653026112719,-0.7988950296478091,-1.321553257518959,34.56657076351573,5.99459981918335
975,0.7607838968434073,-0.8443470915991845,-1.373445922126274,35.70397629744435,4.386000156402588
976,0.7483739889020901,-0.8846706432141177,-1.4194022276291958,36.84603548974296,4.490499973297119
977,0.7355372410865465,-0.9250099091760735,-1.4641444211212853,37.99256799602577,3.0302999019622803
978,0.7204097819726955,-0.9732808413599303,-1.519662779407666,39.14339276551915,2.756700038909912
979,0.7074185109616569,-1.0097806997628191,-1.558740986230346,40.2983280696514,1.444000005722046
980,0.6929649459817611,-1.0507513384623408,-1.6007207134310588,41.45719153074922,3.6763999462127686
981,0.6803047325448474,-1.082344725245093,-1.6335011685257341,42.6198001508383,2.52239990234375
982,0.6652096111295349,-1.1191512988680001,-1.670065653082738,43.78597034054047,2.422800064086914
983,0.6489471346113511,-1.1580928625731928,-1.6995062067498472,44.95551794806346,1.901900053024292
984,0.6348748015827491,-1.1867383363936579,-1.7216677516728722,46.12825828828251,3.2741000652313232
985,0.6195974493513822,-1.216541155318852,-1.7368390792596338,47.3040061719031,1.9342000484466553
986,0.6044844598954688,-1.2462603732032633,-1.7480675628462545,48.48257593470484,3.8210999965667725
987,0.5883311601868458,-1.272945896748381,-1.7503249201588702,49.66378146685945,2.6939001083374023
988,0.5743715818185893,-1.291881461885947,-1.7439594480915308,50.84743624232077,1.3295999765396118
989,0.5564769913003932,-1.3191728951799433,-1.7311198834936776,52.033353348278055,2.975800037384033
990,0.541160286993488,-1.3381088968781323,-1.7111441497633122,53.221345514673025,5.232600212097168
991,0.5260226413517672,-1.3537891025374917,-1.6805457194262778,54.41122514377062,2.277899980545044
992,0.5096201725248922,-1.3710876127237108,-1.6423194878934757,55.60280433978407,2.687299966812134
993,0.4942388711773346,-1.386610724975238,-1.5962076556284808,56.795894938545246,4.4415998458862305
994,0.4761231364609628,-1.4017465814443277,-1.5318099778463299,57.99030853721771,3.306299924850464
995,0.4595993387324151,-1.4165943962221903,-1.466081734672367,59.18585652404796,3.9231998920440674
996,0.4422449067506964,-1.4302267345180006,-1.3881426999352116,60.382350108149836,3.7648000717163086
997,0.4234782458711032,-1.445567722696108,-1.3000779766389423,61.579600349316365,4.231900215148926
998,0.4044863951644765,-1.4617700653551688,-1.2023561944355574,62.777418187855176,2.0731000900268555
999,0.3857874762313419,-1.477698318655558,-1.1042942951557164,63.97561447444418,3.1552000045776367
