frame,psi1,psi2,psi3,csv_gt_angle,inplane_angle_rad
0,-0.23596760435679096,1.4795021683467766,0.3882611272920278,65.174,0.5972999930381775
1,-0.21558041035129263,1.4937503793864129,0.3355382790264873,66.3723855255557,5.399799823760986
2,-0.19375897492706953,1.5070517811915518,0.2787102278850839,67.57058181214477,3.1321001052856445
3,-0.16963941683010222,1.5211655782124756,0.21694511119235016,68.76839965068365,2.317699909210205
4,-0.14719835809912174,1.535199159043059,0.16141219804836462,69.96564989185009,6.278299808502197
5,-0.12460515422972071,1.5446473477042497,0.0954463442008115,71.16214347595204,2.6526999473571777
6,-0.1002155987311064,1.558546096839999,0.03647078380858733,72.35769146278237,4.134300231933594
7,-0.07807288966738221,1.569047894225392,-0.02239384988357161,73.55210506145472,2.3225998878479004
8,-0.05096106681281818,1.5774064872930846,-0.09948162240279845,74.74519566021581,3.8647000789642334
9,-0.02777256013972415,1.5879787956970737,-0.15598336392822995,75.93677485622933,2.219599962234497
10,-0.0028208182181885494,1.5921989348024814,-0.23227653349299207,77.12665448532701,1.2000000476837158
11,0.024542687704282348,1.597797173524083,-0.3070579957994978,78.31464665172189,0.6075000166893005
12,0.04876199163665847,1.6031484524854676,-0.3737866452514136,79.50056375767925,5.600800037384033
13,0.07603689228967703,1.6050967746569045,-0.45066840019289833,80.68421853314047,1.0867999792099
14,0.10275901553316388,1.6062394554682038,-0.5252794037001884,81.86542406529516,0.35350000858306885
15,0.1283816977397885,1.6075861043675646,-0.5934456134409493,83.0439938280968,4.42579984664917
16,0.15735849635549015,1.6025517774298235,-0.6749547789063504,84.21974171171746,6.245699882507324
17,0.18431529069768943,1.5961691999237804,-0.7472472431118924,85.39248205193658,3.8466999530792236
18,0.21338986189960876,1.5910290554322128,-0.8186140890027009,86.56202965945964,5.737599849700928
19,0.2426493574356934,1.5783838072231762,-0.8939257577357602,87.72819984916156,1.6100000143051147
20,0.27183983778306825,1.5673406871553035,-0.9628902491073978,88.89080846925071,5.309500217437744
21,0.3015058832274091,1.5553816517584775,-1.0262290440248578,90.04967193034861,4.5472002029418945
22,0.3324203433741522,1.539544569650356,-1.0893502753423947,91.20460723448076,2.2932000160217285
23,0.36170484639797484,1.5167102656132037,-1.1497621433920813,92.35543200397422,1.8485000133514404
24,0.39404231483401103,1.4930992358397015,-1.2103992684840157,93.5019645102571,0.9460999965667725
25,0.4231517028987527,1.4691871910987828,-1.2563901098599768,94.64402370255561,2.994999885559082
26,0.45480676317420554,1.4394326858083752,-1.3027234892019883,95.78142923648416,2.8680999279022217
27,0.48613494566570326,1.4071736327048265,-1.3457373275248263,96.91400150252367,1.6171000003814697
28,0.5170527757965178,1.3730795557867892,-1.3791904137499678,98.04156165438417,1.593500018119812
29,0.5467294651536418,1.34024291334492,-1.410748239467999,99.16393163724659,5.687600135803223
30,0.5792292260817776,1.3026233983509388,-1.4387596530102167,100.28093421587968,4.448599815368652
31,0.6096202019496604,1.2627707520453895,-1.4614139411721492,101.39239300262761,0.08659999817609787
32,0.6390399475911555,1.222271112015388,-1.473905051149677,102.49813248526348,4.150599956512451
33,0.6690741894516794,1.1791749018724837,-1.4848893707981778,103.59797805470487,3.5527000427246094
34,0.6975641333752758,1.136090251450342,-1.4912847842135364,104.69175603258654,0.19689999520778656
35,0.7260726545040351,1.0937771871398712,-1.4939501885879323,105.7792936986863,4.252500057220459
36,0.752719215970426,1.0522951860228955,-1.491532628612823,106.86041931819952,6.2642998695373535
37,0.7818348431143242,1.008325200628174,-1.4875297866737713,107.9349621688581,1.0484000444412231
38,0.8065660260848228,0.9681717190821154,-1.4784760548999911,109.00275256788944,1.3007999658584595
39,0.8345905722397812,0.9211289100014235,-1.4656894471901882,110.06362189881128,2.5627999305725098
40,0.8574438573864064,0.8819496265021439,-1.454016541522681,111.1174026380583,3.963399887084961
41,0.8829912981907797,0.8413578315760939,-1.4405486839944517,112.16392838143592,1.9259999990463257
42,0.9072235346869056,0.7989278283443776,-1.423508259993963,113.2030338703976,2.883500099182129
43,0.9297940229793528,0.7585219594606456,-1.4074940355880112,114.23455501814092,0.9930999875068665
44,0.9514104797149023,0.7195364142840365,-1.3880268332327999,115.25832893551889,1.4735000133514404
45,0.9725492750044554,0.6796467882259005,-1.3703092654706053,116.27419395676199,1.5819000005722046
46,0.9920700616836301,0.641710198182551,-1.346519776317464,117.28198966500705,2.8761000633239746
47,1.0125587507810796,0.6043401606942411,-1.3304269768986345,118.28155691762903,0.39480000734329224
48,1.03249629678316,0.56277758430205,-1.305431173941619,119.27273787137139,0.6990000009536743
49,1.0538245830946567,0.5223466276282641,-1.2868885495536206,120.25537600727141,4.777200222015381
50,1.069402048366012,0.4870416113095416,-1.2603987438592807,121.2293161553763,4.546800136566162
51,1.0883490291643156,0.44530394787819316,-1.2356438499675302,122.1944045192464,0.5480999946594238
52,1.1037256008267653,0.4099672855030012,-1.2109262338689113,123.15048870024145,3.380500078201294
53,1.1208497102974533,0.3691977489288056,-1.1834859459800808,124.09741772158591,0.5407999753952026
54,1.1376118749516029,0.3279024156431212,-1.1521002590064466,125.03504205221024,4.097599983215332
55,1.1516477224613144,0.29214322040681806,-1.1223212263148428,125.9632136303633,2.2151999473571777
56,1.1673713263861585,0.24762656735565183,-1.0870414409921005,126.8817858869932,4.4618000984191895
57,1.1792637191659578,0.2082039707668974,-1.0503615678837557,127.7906137688922,5.353300094604492
58,1.1908358175175209,0.1676583926602307,-1.0137005943475166,128.6895537616023,1.9844000339508057
59,1.2057017999711914,0.128746052645627,-0.975998013706762,129.57846391207772,0.682699978351593
60,1.215856506858039,0.08612597458615504,-0.9309099378633257,130.45720385110127,1.1146999597549438
61,1.2279917769077686,0.044644861897186146,-0.889004899736005,131.3256348154498,0.7240999937057495
62,1.2381974859196887,0.0037010787673125586,-0.843475600117926,132.18361966980686,2.425299882888794
63,1.247962574670483,-0.03330721655533606,-0.7993904248891434,133.03102292841794,0.9531999826431274
64,1.2551813681253836,-0.07333709692908387,-0.7502669412758185,133.867710776485,4.209700107574463
65,1.2653705722002333,-0.11716281315099338,-0.6966804601966938,134.69355109129776,4.812300205230713
66,1.2722981978084975,-0.15494947158444747,-0.6479862763718338,135.50841346309699,5.948500156402588
67,1.2794405662370159,-0.19323373550243994,-0.5976106753061146,136.31216921566798,0.7810999751091003
68,1.2840129068054467,-0.22949712863522925,-0.5464803300815355,137.10469142666,1.1633000373840332
69,1.2913167368466407,-0.26719400434637974,-0.49174255623894814,137.88585494762876,2.390199899673462
70,1.2964888431203325,-0.3013507617607297,-0.43758614344719804,138.6555364237987,1.0654000043869019
71,1.3001246623241811,-0.34394278318889837,-0.3751554465628424,139.41361431354233,0.3028999865055084
72,1.3062525027278264,-0.38012898152712643,-0.31497959696569755,140.15996890757293,3.0095999240875244
73,1.3099057316196068,-0.41071826372790965,-0.2635109795874104,140.8944823478481,2.8236000537872314
74,1.312923434674026,-0.4488571743215508,-0.20079741176799237,141.6170386461809,5.540500164031982
75,1.316035119132227,-0.4826066268148761,-0.1435007532233607,142.32752370255562,6.249300003051758
76,1.3183493257094236,-0.5141981415835934,-0.08459518600745956,143.02582532314568,4.612100124359131
77,1.3207263484837655,-0.5484193966747143,-0.021146531245376642,143.71183323803024,3.9823999404907227
78,1.3215829898051723,-0.5798501671224271,0.03835600058125231,144.38543911860705,3.861999988555908
79,1.3249101386592994,-0.6114335759735423,0.10073064929395283,145.04653659469895,5.635499954223633
80,1.3241667365504675,-0.6367763768004427,0.1508342249058905,145.6950212713507,1.5317000150680542
81,1.3261586624759065,-0.6675490139980464,0.21477617160444662,146.3307907453144,2.9337000846862793
82,1.3263436006843017,-0.6937083792251043,0.2676829152273541,146.95374462122004,2.065000057220459
83,1.3255164481154287,-0.7218316450106887,0.3263702998522594,147.56378452742916,1.1871999502182007
84,1.325864234623007,-0.7483810174879592,0.3826789207599587,148.16081413156866,1.024399995803833
85,1.326113643740097,-0.773504338697825,0.438329279091242,148.74473915574316,5.777500152587891
86,1.3256590920566826,-0.799625085331466,0.4960499354479253,149.3154673914222,2.882200002670288
87,1.3249029172202988,-0.8225767654107813,0.5471282789031807,149.8729087140013,4.368800163269043
88,1.3233917363511938,-0.8460483144211134,0.5999830951124094,150.41697509703357,3.9869000911712646
89,1.322744196816984,-0.8691337532153901,0.6519200216729042,150.9475806261301,5.089600086212158
90,1.323121711557201,-0.8873691660917385,0.6944416656142328,151.4646415125269,0.7936999797821045
91,1.3192358584472934,-0.9067172452074883,0.7374647084854967,151.968076106316,3.6273999214172363
92,1.3203441677297965,-0.9226591778235742,0.7775266376108176,152.45780490933905,2.803800106048584
93,1.3149647147404149,-0.9409951484009081,0.8184183103331432,152.93375058774097,2.152899980545044
94,1.3136636762160345,-0.9599065278856934,0.8628635805895052,153.39583798418175,4.09119987487793
95,1.3116606502371528,-0.9785379503613397,0.9072673135807514,153.84399412970487,4.251800060272217
96,1.309964360874645,-0.9908179476883734,0.9371512753544238,154.27814825525974,0.9355999827384949
97,1.3065639280316934,-1.0058082388983942,0.9705492979082833,154.69823180287702,5.906599998474121
98,1.305345921392487,-1.0176377339987155,0.9989602211895207,155.1041784364948,5.892899990081787
99,1.301892974264199,-1.0325656679905975,1.0338673351867615,155.4959240524338,3.03629994392395
100,1.2979460827253384,-1.0441597818135002,1.0602693281444278,155.87340678951992,4.975299835205078
101,1.2981731078492817,-1.0567166251307762,1.091635153992284,156.2365670388531,1.215399980545044
102,1.2933938253407538,-1.0672099153557395,1.1169119600567081,156.5853474532201,3.293100118637085
103,1.2931083745659595,-1.071849002531725,1.1288079194179148,156.91969295615024,6.24459981918335
104,1.287606208550516,-1.0865957736335885,1.161481762388947,157.23955075061284,5.892600059509277
105,1.2869458441944628,-1.0924937872249016,1.1771282950580373,157.54487032735418,3.1851999759674072
106,1.2849810596410896,-1.103639201776078,1.2029026923967219,157.83560347287371,0.9157999753952026
107,1.2814033782183991,-1.1112695480270727,1.2205416415909813,158.11170427703752,3.112799882888794
108,1.277305086242526,-1.119209991036113,1.2380007282607461,158.37312914032793,2.150099992752075
109,1.2763453733796217,-1.1263928120274458,1.2548408115210452,158.61983678072846,4.797500133514404
110,1.2736773387297078,-1.1315751749680258,1.2675859813739083,158.85178824024285,2.2304000854492188
111,1.2722575693667233,-1.1348158815275695,1.272971745077158,159.06894689104672,4.632699966430664
112,1.2691275228748002,-1.1421837844217118,1.2908158538953165,159.27127844127176,5.851500034332275
113,1.268000530677277,-1.1450158717347967,1.2969920945585678,159.45875094042066,3.139899969100952
114,1.2667392984542192,-1.1482960283086185,1.3041329991561241,159.63133478441256,3.3015999794006348
115,1.2641116241125732,-1.1510911378791895,1.3082107749128595,159.78900272025783,1.1660000085830688
116,1.2635058036292819,-1.155463927350789,1.318860175721261,159.93172985036165,0.5002999901771545
117,1.2612825913332721,-1.159058351134387,1.3279676817811257,160.05949363645567,2.6047000885009766
118,1.2608240971489482,-1.163096166387814,1.3370623842207094,160.17227390315696,0.36419999599456787
119,1.2595118129389458,-1.1639972613736924,1.339009395803538,160.27005284115398,2.004199981689453
120,1.259965667181373,-1.1638662827247543,1.339311152421946,160.352815010019,0.7972000241279602
121,1.256722495172144,-1.167025717358214,1.3436858245001428,160.42054734064607,3.135999917984009
122,1.255949327622098,-1.16862374448243,1.3482771902796988,160.4732391373151,5.562399864196777
123,1.2573179299426864,-1.1692623794796666,1.3500135378757756,160.51088207938048,2.625200033187866
124,1.2573126193914557,-1.16926738004502,1.3500030584922744,160.53347022258532,3.069200038909912
125,1.2573217452131458,-1.169257455855611,1.35002098901078,160.541,2.5680999755859375
126,1.2559591109043826,-1.1685473247710938,1.3483093746406842,160.53347022258532,3.0278000831604004
127,1.2567173602638266,-1.1669708872619087,1.3437574558533667,160.51088207938048,5.994999885559082
128,1.2599506035823396,-1.1638826825863207,1.3393087295784811,160.4732391373151,4.167900085449219
129,1.2595202386842381,-1.1639204352351045,1.3390939069328853,160.42054734064607,4.3480000495910645
130,1.2608277046346583,-1.1630276212754034,1.3370731091702845,160.352815010019,1.7246999740600586
131,1.2612900105658265,-1.159103158157442,1.327956806119888,160.27005284115398,1.277400016784668
132,1.2635049605406277,-1.1554395453647273,1.318881283394657,160.17227390315696,1.649399995803833
133,1.264143047014268,-1.151100930502743,1.3082432103743868,160.05949363645567,2.0596001148223877
134,1.2667205059252888,-1.1482933822716581,1.3041972827647041,159.93172985036165,5.2708001136779785
135,1.267997362112845,-1.1450020431018606,1.2971013595221408,159.78900272025783,0.6686999797821045
136,1.269135826563728,-1.1421852031413071,1.290805795510047,159.63133478441256,2.0025999546051025
137,1.2722562184100101,-1.134820193399891,1.2730461078775992,159.45875094042066,5.77400016784668
138,1.2736781472691265,-1.1316198405491003,1.2675125242207939,159.27127844127176,5.496200084686279
139,1.2763075784824554,-1.1264812979650813,1.2547728389321169,159.06894689104675,4.503799915313721
140,1.277286113486234,-1.1191904967600332,1.2380637140540325,158.85178824024285,1.6567000150680542
141,1.2814147408402925,-1.1112063565388293,1.2207123714169266,158.61983678072846,1.2344000339508057
142,1.284972169266993,-1.1036747848617847,1.2028229997800584,158.37312914032793,2.4200000762939453
143,1.286953695266617,-1.0924623155697417,1.1772195151333222,158.11170427703752,4.616499900817871
144,1.2876342191904058,-1.0865367833541821,1.1617386340322513,157.83560347287374,4.4816999435424805
145,1.293108515879749,-1.0718577699440044,1.1288274291185263,157.54487032735418,5.8155999183654785
146,1.2934009709451193,-1.0671852561456963,1.116871734868247,157.23955075061284,0.7602999806404114
147,1.2982005274954962,-1.0566475957724157,1.0918327627666464,156.91969295615027,0.3319999873638153
148,1.297960681191416,-1.0440882256234778,1.0603266397259057,156.5853474532201,3.517899990081787
149,1.3018807777567893,-1.032573581318511,1.033731793366684,156.2365670388531,2.2121999263763428
150,1.3053518863805242,-1.017647918604971,0.999049937840597,155.87340678951995,5.3649001121521
151,1.3065624384414123,-1.0058049747663678,0.9705589373153379,155.4959240524338,3.90939998626709
152,1.3099409007600595,-0.9908130004166685,0.9369497517726516,155.1041784364948,2.422800064086914
153,1.311664549906291,-0.9785362118233493,0.9074405320756183,154.69823180287702,5.903500080108643
154,1.3136397838910843,-0.959962779934274,0.8628586475285391,154.27814825525974,6.0131001472473145
155,1.3149573260297833,-0.9409857355362703,0.8184356248801341,153.84399412970487,1.157099962234497
156,1.320327471335103,-0.9227049722166297,0.7775386804771635,153.39583798418175,2.8373000621795654
157,1.3192298932673896,-0.9067179248294853,0.7374934001691822,152.93375058774097,4.423600196838379
158,1.3231373390373187,-0.887295336831128,0.6943460075799898,152.45780490933905,0.6044999957084656
159,1.3227346134184956,-0.869074316048619,0.6521294658537128,151.968076106316,5.314199924468994
160,1.3233767879428457,-0.8460600071227894,0.600134778673577,151.4646415125269,1.0615999698638916
161,1.3249119858019272,-0.8225918699050975,0.5469049761706061,150.94758062613013,3.19320011138916
162,1.3256562435879335,-0.7996193710280919,0.4960714331681901,150.4169750970336,4.2932000160217285
163,1.3261127995480202,-0.7734976380274862,0.43856630502217303,149.8729087140013,5.400000095367432
164,1.3258677036674793,-0.7484108485365212,0.3828424504778893,149.3154673914222,5.69980001449585
165,1.3254944608737993,-0.7218356554217279,0.32632335161615195,148.74473915574316,4.76609992980957
166,1.3263577108485447,-0.6937505705093774,0.2678327390805502,148.16081413156866,3.149899959564209
167,1.3261296636592217,-0.6675694444984932,0.21477515824307453,147.56378452742916,3.6760001182556152
168,1.3241610896861917,-0.6367662551298067,0.15080087504148712,146.95374462122004,1.5848000049591064
169,1.3249059256908393,-0.611409335246001,0.1008669710645989,146.33079074531437,5.14169979095459
170,1.3215848754439479,-0.5798545198744172,0.03819667000079599,145.6950212713507,2.3361001014709473
171,1.3206980811155091,-0.5484068754107218,-0.021053680315853696,145.04653659469895,5.613699913024902
172,1.3183522922357156,-0.5141824440487951,-0.08445923360745183,144.38543911860708,1.4631999731063843
173,1.3160371190464792,-0.4826032381650192,-0.14347544726893213,143.71183323803027,3.9493000507354736
174,1.3129304699257158,-0.44886279162874354,-0.2007818026353661,143.02582532314568,0.4011000096797943
175,1.3099176674375628,-0.41071830249770724,-0.2632456304038961,142.32752370255562,3.025899887084961
176,1.3062809034022709,-0.3801159348302466,-0.3150983467789006,141.61703864618093,3.2274999618530273
177,1.3000964988492971,-0.34393673415034476,-0.3752376799723075,140.8944823478481,1.503499984741211
178,1.2964987309623495,-0.30133912319917155,-0.43740716159985377,140.15996890757293,0.39250001311302185
179,1.2912901969852566,-0.26716416092440826,-0.4916894002136839,139.41361431354233,3.653599977493286
180,1.2840255185557772,-0.22949596968656089,-0.5463015850322793,138.6555364237987,4.606200218200684
181,1.2794022828303186,-0.19322803643556424,-0.5978291737062454,137.88585494762873,1.5108000040054321
182,1.2723002167276842,-0.1549726735099208,-0.6481629430369233,137.10469142666005,3.9110000133514404
183,1.2653653260943079,-0.11712585500370376,-0.6965964254003191,136.312169215668,0.9023000001907349
184,1.2551723828448802,-0.073277316330206,-0.7503981992050727,135.50841346309699,4.77370023727417
185,1.2479569263921255,-0.03328725386352587,-0.799228755198069,134.6935510912978,1.3916000127792358
186,1.23819963903711,0.0037532356762006412,-0.8436617939186767,133.86771077648504,0.5054000020027161
187,1.2279925604034005,0.04463052733887572,-0.888973089843582,133.03102292841788,4.334400177001953
188,1.2158592562521795,0.0861267495279433,-0.9309031657422334,132.18361966980686,4.757999897003174
189,1.2056958315676258,0.12870914802970532,-0.975911613354337,131.32563481544977,3.252000093460083
190,1.1908419339811531,0.1676707176785899,-1.0137204443845313,130.45720385110124,6.021200180053711
191,1.179270344919663,0.20826119549586675,-1.0503851373750468,129.57846391207778,0.9686999917030334
192,1.1673512850631393,0.24758025782983056,-1.0872233375232256,128.6895537616023,3.9639999866485596
193,1.151644458677725,0.29213243270296696,-1.1223121764515953,127.7906137688922,3.7204999923706055
194,1.1376017451975327,0.32792377826333685,-1.1522917893831524,126.88178588699323,0.8655999898910522
195,1.1208570691023731,0.3692238994792845,-1.1832974757046455,125.96321363036331,0.2985000014305115
196,1.1037303834521746,0.40998930265437844,-1.2108590943571982,125.03504205221026,5.858399868011475
197,1.0883617461055215,0.4453067176150105,-1.2355905341865299,124.09741772158596,0.620199978351593
198,1.069389582032143,0.4869779123847341,-1.260564681716403,123.15048870024143,4.832900047302246
199,1.0538112766926382,0.5222856987196076,-1.2869933063276706,122.1944045192464,3.430500030517578
200,1.0325370015277435,0.5628385668604066,-1.3053881430693066,121.2293161553763,4.274899959564209
201,1.0125480806040987,0.604340740054187,-1.330546618419356,120.25537600727141,1.1921000480651855
202,0.9920503012908912,0.6416890082553647,-1.3464728938222565,119.27273787137139,0.04349999874830246
203,0.9725608604403709,0.6796954899787767,-1.3705232367707791,118.28155691762905,2.38319993019104
204,0.9514141686326482,0.7195353374421888,-1.3880012093649485,117.28198966500706,4.082300186157227
205,0.9297783611546199,0.7585773401151215,-1.4077272860944248,116.27419395676199,0.7160999774932861
206,0.9071935951411685,0.7989636128607546,-1.423629765855027,115.25832893551893,5.642899990081787
207,0.8829927016700292,0.8413575547234191,-1.4405101021347542,114.23455501814095,3.3966000080108643
208,0.8574440515221666,0.881957327344973,-1.454008143572025,113.20303387039759,1.8716000318527222
209,0.834588135472269,0.9211253691823804,-1.465716439206603,112.16392838143594,4.594799995422363
210,0.8065817658756018,0.9682558344202548,-1.4783937892153876,111.11740263805828,4.711900234222412
211,0.7818521835222892,1.0084141991161866,-1.4875099683031643,110.06362189881126,0.6876000165939331
212,0.7527192836415222,1.0522946125338688,-1.4915291267932287,109.00275256788944,0.967199981212616
213,0.7260872421971396,1.0938085077163726,-1.494115179035301,107.93496216885812,5.869800090789795
214,0.6975431790643029,1.1360780901647185,-1.4911985416819125,106.86041931819952,3.6784000396728516
215,0.6690975733519111,1.1791814254462623,-1.4849928143262592,105.77929369868632,2.882699966430664
216,0.6390454820886657,1.2222910513299552,-1.4739682812512434,104.69175603258655,4.125899791717529
217,0.609623529595863,1.262735392971101,-1.4613292495982737,103.59797805470488,5.371799945831299
218,0.579227113770856,1.3026690362353028,-1.4388975282628689,102.49813248526354,4.266900062561035
219,0.5467375347611259,1.3402040036715028,-1.410574206598064,101.39239300262761,4.265900135040283
220,0.5170390667221446,1.3730824718415222,-1.3791764757463307,100.28093421587967,5.101099967956543
221,0.48610434586810214,1.4071827103655457,-1.345758244403794,99.1639316372466,5.150199890136719
222,0.4548262009986706,1.4394387328696088,-1.3027941738035602,98.04156165438417,6.012599945068359
223,0.4231740174201558,1.4691777657239644,-1.2562136302020526,96.91400150252366,4.135900020599365
224,0.39404173507157586,1.4930982957157193,-1.2103993180257897,95.78142923648417,4.15310001373291
225,0.36172337587510317,1.5166791159195723,-1.1497305065775956,94.64402370255563,4.142300128936768
226,0.33241967491308083,1.5395229891314046,-1.089289817749756,93.5019645102571,0.03590000048279762
227,0.3015081027263236,1.555341675374055,-1.0262353944595726,92.35543200397424,2.065000057220459
228,0.27183898810644225,1.5673365492480726,-0.9628852728897682,91.20460723448079,4.592599868774414
229,0.24264823813259812,1.5783995137786426,-0.894033283012477,90.04967193034862,5.0524001121521
230,0.21337085173027343,1.5909812222950392,-0.8185252692118439,88.89080846925071,1.6684999465942383
231,0.18428810666181392,1.5961434749368801,-0.7471786372937251,87.72819984916156,3.8912999629974365
232,0.15734642893078762,1.6025795753191405,-0.674658177511674,86.56202965945963,2.6586999893188477
233,0.12837666253848296,1.6075837577286451,-0.5933856195519034,85.39248205193661,1.7726000547409058
234,0.10273485880109419,1.6062661656175181,-0.5247901882730328,84.21974171171746,4.55620002746582
235,0.07603041110534195,1.6050724453672085,-0.45092161763785027,83.0439938280968,2.89490008354187
236,0.048755927360165714,1.603149373211748,-0.37348392916414647,81.86542406529519,1.9127000570297241
237,0.02452880604774912,1.597738481546702,-0.3066271693214761,80.6842185331405,2.246799945831299
238,-0.00281188076842104,1.5922357340901443,-0.2324897581533029,79.50056375767926,0.6226999759674072
239,-0.02776418211272123,1.5879869053263451,-0.1560268229061179,78.31464665172193,4.917200088500977
240,-0.050931169231738224,1.577417698737655,-0.09949657818239806,77.12665448532704,4.685699939727783
241,-0.07804708540952085,1.569087304703931,-0.022470845738872522,75.9367748562293,5.384799957275391
242,-0.10021657514928269,1.55854508244464,0.03647453512319604,74.74519566021583,3.7228000164031982
243,-0.12461474854800013,1.5446321786207677,0.09546303410391327,73.55210506145472,1.1878999471664429
244,-0.1471986034673018,1.5352007903931102,0.16142087586447923,72.35769146278236,1.368299961090088
245,-0.16966275864401026,1.5211857474334736,0.2170900228660681,71.16214347595205,3.022200107574463
246,-0.19372784478026212,1.5070490838420634,0.27870692885794324,69.9656498918501,1.1055999994277954
247,-0.21557871143627874,1.4937508903026857,0.33579137064970294,68.76839965068365,5.384399890899658
248,-0.23598804262288708,1.4794801002130054,0.3884497557547522,67.57058181214481,1.7275999784469604
249,-0.25864479106095906,1.4627465830865944,0.44181408936889693,66.37238552555571,0.6820999979972839
250,-0.27870526304844945,1.447821668207828,0.4950849404927895,65.17400000000002,4.352799892425537
251,-0.3002073996310379,1.429330439990883,0.5438963396340717,63.97561447444432,1.1993000507354736
252,-0.32060198265941814,1.413310142135189,0.6017831107950732,62.77741818785523,0.5914000272750854
253,-0.3404712052170337,1.3967933763784504,0.6514476917867384,61.57960034931634,1.080299973487854
254,-0.3594892125933612,1.3790611780552848,0.7009689433458394,60.382350108149936,0.23340000212192535
255,-0.38023438626937983,1.3602610295036268,0.7525997219420788,59.18585652404798,1.4706000089645386
256,-0.39839268070476025,1.3413205952780345,0.7954688419713718,57.99030853721764,1.8514000177383423
257,-0.4171223466990566,1.3229542065859503,0.8474337904099853,56.79589493854531,1.03410005569458
258,-0.4341502862028459,1.3058149442008893,0.8946412798640284,55.602804339784214,6.276800155639648
259,-0.45168091168481517,1.2862592815278602,0.938085632749421,54.41122514377068,1.1857999563217163
260,-0.47261455804100716,1.2616588243180864,0.9815805650333113,53.22134551467304,3.2147998809814453
261,-0.4882689952970898,1.242487278840122,1.0225263469199368,52.033353348278155,0.9878000020980835
262,-0.506333704536021,1.2211414914196645,1.0701644587407226,50.84743624232074,3.6070001125335693
263,-0.5228770575808918,1.198842371318855,1.1112251803080906,49.66378146685955,3.228600025177002
264,-0.5404253524867313,1.1751822838140527,1.146938004382454,48.482575934704855,4.7519001960754395
265,-0.5560091963434463,1.153783849312058,1.1855039182200204,47.3040061719032,3.9702000617980957
266,-0.5736950537428906,1.128761756029633,1.2271607074848274,46.12825828828257,3.1624999046325684
267,-0.591147200057569,1.1018976174251123,1.2554002620210678,44.95551794806343,2.915299892425537
268,-0.6053355514798162,1.0796185579842883,1.2830962986203613,43.78597034054037,4.305699825286865
269,-0.6213418963300964,1.053463212889548,1.312221009111844,42.619800150838486,4.670199871063232
270,-0.6363827311671993,1.0285374488599281,1.3371988852268983,41.45719153074932,4.740499973297119
271,-0.6532984371037013,0.9998248028742747,1.3618531808096084,40.29832806965142,1.728700041770935
272,-0.6678617481570875,0.9733561242926367,1.3830721175402894,39.14339276551925,1.503499984741211
273,-0.681976305227855,0.9479528057883418,1.4029561339605217,37.992567996025784,4.138299942016602
274,-0.6971808364480873,0.918336851625918,1.4139516731218535,36.8460354897429,4.702400207519531
275,-0.7113307359332759,0.8903387401068107,1.4255537684111124,35.703976297444406,5.658999919891357
276,-0.7270199095037212,0.8595161904282377,1.4355341197284426,34.566570763515855,2.2697999477386475
277,-0.7415849000149998,0.8286555458836095,1.4411047202268275,33.43399849747633,0.5160999894142151
278,-0.7547539736232197,0.8004296261431683,1.4461121528156713,32.30643834561586,1.2599999904632568
279,-0.7685202273878529,0.7698541327695372,1.4433468064449162,31.184068362753436,3.5095999240875244
280,-0.782230916000991,0.7389539041768295,1.4440490513011637,30.067065784120324,4.396699905395508
281,-0.794753297061376,0.7102107942933974,1.4401062574343797,28.955606997372435,1.215000033378601
282,-0.8088175151040867,0.6754269545921232,1.4297708618091438,27.849867514736545,0.34470000863075256
283,-0.8216498365763173,0.6444749857052438,1.4161864706454828,26.750021945295117,4.2758002281188965
284,-0.8340476200732709,0.6128905511876171,1.4046112904056345,25.65624396741348,2.382499933242798
285,-0.8470894642108361,0.5794859536376141,1.38510512765319,24.568706301313718,5.00029993057251
286,-0.8591202678170743,0.548266992176869,1.3703445332849717,23.487580681800473,5.110799789428711
287,-0.8704874184089108,0.5162979932228967,1.3452353277990157,22.413037831141914,4.472499847412109
288,-0.8833614867457956,0.48201339157957673,1.323453754445055,21.345247432110583,4.916500091552734
289,-0.8948073207818242,0.45009689337428566,1.2962470988832346,20.284378101188736,0.12790000438690186
290,-0.9057579547890087,0.416204688366861,1.2680024290425278,19.230597361941754,5.643400192260742
291,-0.9170546737664226,0.3830238312421016,1.23759034030612,18.184071618564097,4.565400123596191
292,-0.928298229757414,0.34940764633850324,1.2067342285044786,17.144966129602402,4.554900169372559
293,-0.9382169125386667,0.3174890227951189,1.174135384093765,16.11344498185911,3.2551000118255615
294,-0.9486130309157602,0.28432602491489295,1.1407458423528194,15.089671064481102,0.6233000159263611
295,-0.9590697432691432,0.24895973282853173,1.0995493759641874,14.073806043238022,2.181999921798706
296,-0.9685793144560914,0.2172919293711627,1.063823612601983,13.066010334992974,1.121000051498413
297,-0.9787497132649117,0.18143000790730565,1.021420375909211,12.06644308237098,3.7404000759124756
298,-0.9879536655152066,0.14712960608313316,0.983252070469538,11.075262128628616,3.3513998985290527
299,-0.9974183255876478,0.11308487489864061,0.9387985139000027,10.092623992728626,1.6088999509811401
300,-1.0055895958153969,0.08164341476347428,0.8978590966636062,9.118683844623732,5.133299827575684
301,-1.0146525188949704,0.0462387767127556,0.852023515992731,8.153595480753609,0.3206999897956848
302,-1.0228787553128267,0.013376928742164798,0.8078938269559991,7.197511299758602,2.6700000762939453
303,-1.0305456286313144,-0.01917128539725156,0.7637808641222793,6.2505822784141145,2.968100070953369
304,-1.0373366286278962,-0.04997724178064836,0.7203315751400456,5.3129579477897835,4.380000114440918
305,-1.0441473733761872,-0.08112127310229804,0.6788893249467078,4.384786369636721,0.17170000076293945
306,-1.05073709987229,-0.11378033626390603,0.6312693686720839,3.4662141130068065,0.19169999659061432
307,-1.058618897844416,-0.15041429910377677,0.5802641320798303,2.557386231107799,3.728100061416626
308,-1.0644829974631278,-0.18122500713553383,0.5341438216822151,1.6584462383977439,1.648300051689148
309,-1.069902420551595,-0.21065674066765697,0.49052285393826045,0.7695360879222761,0.361299991607666
310,-1.076567832959563,-0.2467899484381043,0.4388028058185977,359.89079614889874,1.0022000074386597
311,-1.0815373597691467,-0.2763808462095096,0.3934392499667376,359.02236518455027,2.2492001056671143
312,-1.0863630421904589,-0.30920558224885203,0.3424766129347868,358.1643803301932,0.6187000274658203
313,-1.0910185518134314,-0.3398341842966354,0.29589235174463363,357.3169770715821,5.183599948883057
314,-1.0957249255537547,-0.3748587498526926,0.24558289544920686,356.480289223515,1.5443999767303467
315,-1.099187018756136,-0.4001110013265818,0.20456797235668314,355.65444890870225,2.539099931716919
316,-1.1027265214013993,-0.4289298457828995,0.16122949486797855,354.839586536903,2.800299882888794
317,-1.1058075507322966,-0.4579832449751639,0.11396491226241681,354.035830784332,4.451600074768066
318,-1.1084363273427134,-0.4863396712777029,0.07070375374989366,353.24330857334,3.781599998474121
319,-1.1112375238831989,-0.5163454418146128,0.02239352916616555,352.4621450523713,3.1705000400543213
320,-1.113803999247951,-0.5469725893259896,-0.025471242111574775,351.6924635762013,3.1619999408721924
321,-1.1159838551921448,-0.574590154532083,-0.06981312607070153,350.93438568645774,3.213099956512451
322,-1.1177684505989571,-0.5990239488683339,-0.10830361205280437,350.1880310924271,4.838099956512451
323,-1.1190901680305798,-0.6301673763960866,-0.1571165904148736,349.4535176521519,2.2146999835968018
324,-1.1200875112850084,-0.6578031000356347,-0.20246560094224722,348.7309613538191,5.389999866485596
325,-1.1206599858708284,-0.6800958518792319,-0.23790643454474192,348.0204762974444,4.356900215148926
326,-1.121194005403848,-0.7077490663430838,-0.28286681918685364,347.32217467685433,4.493000030517578
327,-1.1218985214578292,-0.7331743598784173,-0.3223442694440881,346.6361667619698,2.0153000354766846
328,-1.1217533558927097,-0.7570026435931597,-0.363073682022285,345.96256088139296,5.222499847412109
329,-1.1217493538712462,-0.7832188768238427,-0.40542877934244087,345.3014634053011,1.5430999994277954
330,-1.120953940385677,-0.8035971490437684,-0.4395489183702814,344.6529787286494,3.637500047683716
331,-1.12082615683871,-0.8294493782776772,-0.4799444529838415,344.01720925468567,3.1040000915527344
332,-1.1197842854421725,-0.8492984646190975,-0.5132790004209722,343.3942553787799,2.1445000171661377
333,-1.1187359591496786,-0.8728885666234019,-0.5536829053655306,342.7842154725709,3.197700023651123
334,-1.1170469736431203,-0.8950918995259648,-0.5883549367946473,342.18718586843136,0.33709999918937683
335,-1.1158282191740614,-0.9147116572689928,-0.620172311360816,341.60326084425685,3.666800022125244
336,-1.1143148786373747,-0.9352626609671922,-0.6544244061086976,341.0325326085778,2.1696999073028564
337,-1.1123465271121111,-0.9560835450317606,-0.6886661913397578,340.4750912859987,2.7720000743865967
338,-1.1108193879847719,-0.9753838104040831,-0.7194582375767473,339.93102490296644,2.0434999465942383
339,-1.1091571471523207,-0.9943981444141252,-0.7510543019900153,339.4004193738699,5.901599884033203
340,-1.1064170034503449,-1.0101195124128546,-0.776210640903193,338.8833584874731,3.4660000801086426
341,-1.1043975196528848,-1.0297630523558305,-0.8074883129716046,338.379923893684,5.944499969482422
342,-1.1020753274781943,-1.0449471999443305,-0.8325140186337854,337.890195090661,2.5755999088287354
343,-1.0994281858254338,-1.0615120816385333,-0.8629383721972491,337.41424941225904,5.885900020599365
344,-1.097330839903145,-1.0802037968738993,-0.8898105786592388,336.95216201581826,1.9753999710083008
345,-1.094826360340681,-1.0920247707213053,-0.910267749703234,336.50400587029515,3.751699924468994
346,-1.09198617710264,-1.1093525676166935,-0.9402680306207506,336.0698517447403,3.374799966812134
347,-1.0892028756032346,-1.1198188075533317,-0.9573468292470871,335.64976819712297,4.191699981689453
348,-1.0876308802344667,-1.134244019086579,-0.980393860682492,335.2438215635052,1.2825000286102295
349,-1.0846791181893871,-1.1480116582389925,-1.0027052701513053,334.8520759475662,3.0288000106811523
350,-1.081429276076003,-1.1589039013426934,-1.0240935672488183,334.47459321048007,3.878999948501587
351,-1.079256940372064,-1.1736545841656165,-1.0457847027640312,334.1114329611469,5.469799995422363
352,-1.0764963179121907,-1.1827329589494544,-1.0617752929836373,333.7626525467799,3.949199914932251
353,-1.0742652163815092,-1.19433350803447,-1.0806457095724915,333.4283070438497,4.430200099945068
354,-1.0720743837835687,-1.2068934210261673,-1.0992947911998432,333.10844924938715,5.531799793243408
355,-1.0693425551802764,-1.2146702670514369,-1.1134502830077322,332.80312967264587,1.777899980545044
356,-1.0666761644249942,-1.2221461020953777,-1.1265181030410154,332.51239652712627,0.2632000148296356
357,-1.0643096810476569,-1.2308517023166636,-1.1415368581666658,332.2362957229625,4.018199920654297
358,-1.0627995026230137,-1.2402573078433308,-1.1557738297045492,331.97487085967214,0.006500000134110451
359,-1.0602061918147174,-1.2474342534468061,-1.1668952452835035,331.72816321927155,1.5098999738693237
360,-1.0591321857773641,-1.2529320924622354,-1.1775927361738898,331.49621175975716,6.207600116729736
361,-1.057425788376661,-1.2599580780833615,-1.1879104450051547,331.2790531089533,2.40339994430542
362,-1.0549585982110112,-1.2681475844782162,-1.2010403272908867,331.07672155872825,3.6182000637054443
363,-1.0530277947437376,-1.273628084756626,-1.2119372257335617,330.88924905957936,3.0165998935699463
364,-1.0517112589438669,-1.27538020174087,-1.21510280863393,330.71666521558745,6.2093000411987305
365,-1.051050342055432,-1.2813897256655156,-1.2224077291924136,330.5589972797422,5.604100227355957
366,-1.0491528002829942,-1.2844814200372838,-1.2304949527792757,330.41627014963836,1.7870999574661255
367,-1.0485838308855189,-1.2887346354138853,-1.2347181696264453,330.28850636354434,0.16459999978542328
368,-1.0474447682003676,-1.2939150384932327,-1.2429072139837793,330.17572609684305,5.1691999435424805
369,-1.0454023792853355,-1.2960133200854076,-1.2480453887124152,330.07794715884603,3.924299955368042
370,-1.0448506620825513,-1.300588062037138,-1.2557801925933698,329.995184989981,1.0788999795913696
371,-1.0458108950014953,-1.2994210173736265,-1.2519060876164112,329.92745265935395,1.6359000205993652
372,-1.0444729217084228,-1.30083165195215,-1.2565266249029095,329.8747608626849,5.138500213623047
373,-1.0444463396499613,-1.300853394832517,-1.2566244278142473,329.83711792061956,5.420400142669678
374,-1.0444527076051775,-1.3008576846835782,-1.2566296196108535,329.8145297774147,6.185699939727783
375,-1.0444449206484705,-1.3008748931781116,-1.256680967387253,329.807,5.171599864959717
376,-1.044460454397999,-1.3008238753381414,-1.2564815799839926,329.8145297774147,2.218600034713745
377,-1.045819089313162,-1.2993884166332024,-1.2517214441848097,329.83711792061956,1.7222000360488892
378,-1.0448555164035922,-1.3005985448260962,-1.2558023418667468,329.8747608626849,4.663700103759766
379,-1.0454098230142965,-1.2959826966777268,-1.2479255399091311,329.9274526593539,4.917600154876709
380,-1.0474271164695208,-1.2939192816919638,-1.242915623726743,329.995184989981,3.456899881362915
381,-1.0485905673392344,-1.288722680945519,-1.2346338219893438,330.07794715884603,4.548299789428711
382,-1.0491395176116523,-1.2845254627060787,-1.2306307656125188,330.17572609684305,4.471099853515625
383,-1.051069016970813,-1.2813553312223587,-1.222242554546581,330.28850636354434,6.167399883270264
384,-1.0517082054865412,-1.275393856243272,-1.2152000221802142,330.41627014963836,0.6176999807357788
385,-1.0530233679593912,-1.2736518475109944,-1.2119935903138122,330.5589972797422,1.2609000205993652
386,-1.054960649399544,-1.2681305450344325,-1.2009872443900813,330.71666521558745,5.591100215911865
387,-1.057426331100358,-1.2599657378487987,-1.1879319303252718,330.88924905957936,1.423699975013733
388,-1.059138021501666,-1.2529042870310005,-1.177473435772923,331.07672155872825,5.258500099182129
389,-1.0602046393888611,-1.247439696322692,-1.1668977190054883,331.2790531089533,0.6830000281333923
390,-1.0627957306257583,-1.2402662014507724,-1.1557743730451158,331.49621175975716,4.815999984741211
391,-1.0643119029851145,-1.2308576802824995,-1.1413912321985573,331.72816321927155,2.292099952697754
392,-1.066675139611629,-1.2221379679859006,-1.1266417190684546,331.9748708596721,0.18400000035762787
393,-1.0693512244723005,-1.2146991013994781,-1.1137216909432819,332.2362957229625,2.022200107574463
394,-1.07206591736008,-1.206872420053411,-1.09911179964447,332.51239652712627,3.3738999366760254
395,-1.074268335832411,-1.1943015952426717,-1.0802851063721333,332.8031296726458,6.181600093841553
396,-1.0764825700621627,-1.1827618707679999,-1.0619389514728812,333.10844924938715,0.349700003862381
397,-1.0792346215038786,-1.1736722288845751,-1.0457269074185302,333.4283070438497,5.6118998527526855
398,-1.0814498356900395,-1.1588454987709904,-1.0239954435808185,333.7626525467799,4.340400218963623
399,-1.084660522104819,-1.148053651930441,-1.0027666675558027,334.1114329611469,2.8777999877929688
400,-1.0876269229189686,-1.1342478354553256,-0.9804596201083772,334.47459321048007,2.637500047683716
401,-1.0891723756225145,-1.1198683130283569,-0.957443876188761,334.8520759475662,2.5601000785827637
402,-1.0919855386838346,-1.109364934896763,-0.9403052074298165,335.2438215635052,5.9868998527526855
403,-1.0948281033722305,-1.0920396954033413,-0.910320727819568,335.64976819712297,3.1519999504089355
404,-1.0973143653858912,-1.0802012953094426,-0.889756893870682,336.0698517447403,4.190999984741211
405,-1.0994463446140732,-1.0614913187836745,-0.8629289174085358,336.50400587029515,2.8238000869750977
406,-1.1020451192395615,-1.044976323556997,-0.8324546740855217,336.9521620158182,0.2619999945163727
407,-1.1043933475640324,-1.0297901450072744,-0.8076353632240485,337.4142494122591,6.172299861907959
408,-1.1064316706968504,-1.0101096019188,-0.7762007566264981,337.89019509066094,5.395500183105469
409,-1.1091568902070135,-0.9943896160779545,-0.7510271961992838,338.379923893684,5.378499984741211
410,-1.1108226754090456,-0.9753482261042837,-0.7193107548005051,338.8833584874731,5.1234002113342285
411,-1.1123578915736352,-0.9560452360361368,-0.6885336980300661,339.4004193738699,1.142199993133545
412,-1.114333943418302,-0.9352555045051612,-0.6544172151097137,339.9310249029664,0.8827999830245972
413,-1.115840320949427,-0.9147193693446517,-0.6203368317391519,340.4750912859987,2.8452000617980957
414,-1.117045892064796,-0.895089574721265,-0.5883370511428627,341.0325326085778,6.004300117492676
415,-1.1187162368447616,-0.8728642828109614,-0.5535191827684824,341.60326084425685,1.8187999725341797
416,-1.119792211119057,-0.8492847251759795,-0.5132815697529539,342.18718586843136,6.088500022888184
417,-1.1208363675478428,-0.8294419395687325,-0.47983946153537,342.78421547257085,5.631100177764893
418,-1.1209748283192518,-0.8035361525294874,-0.43937974347696573,343.39425537878,0.9236000180244446
419,-1.1217684697751598,-0.7831932702073214,-0.40547721422168703,344.0172092546856,1.301300048828125
420,-1.1217591023056073,-0.7570131496955993,-0.36269133458553726,344.6529787286494,0.7856000065803528
421,-1.1219004240296717,-0.7331685835964702,-0.3223378720419668,345.30146340530104,4.700799942016602
422,-1.1211792091499155,-0.7077382211791371,-0.2827001975821239,345.96256088139296,2.0264999866485596
423,-1.1206709016216432,-0.6801054346611471,-0.2379078906249919,346.6361667619698,0.3255999982357025
424,-1.1200841974074138,-0.6578314910853008,-0.20237334331392579,347.3221746768543,4.272500038146973
425,-1.1190826474153315,-0.6301545123020975,-0.15730353487672752,348.02047629744436,3.884999990463257
426,-1.1177693630665153,-0.5990271928967839,-0.10832417734361238,348.7309613538191,5.070199966430664
427,-1.1159865842804084,-0.5745385821986833,-0.06977488581528585,349.4535176521519,3.64739990234375
428,-1.11380573504417,-0.5469277631062766,-0.025364232991344726,350.1880310924271,4.259500026702881
429,-1.1112285650748799,-0.5163544128106228,0.022333850625792392,350.9343856864577,6.021399974822998
430,-1.1084361009742738,-0.48634567569549275,0.07081454770727538,351.69246357620125,0.24150000512599945
431,-1.105809077303979,-0.4580210873256066,0.11358626009639705,352.4621450523713,1.8559999465942383
432,-1.102721835756602,-0.428959964712769,0.16117946950691625,353.24330857333996,4.951499938964844
433,-1.0991931113320117,-0.40003403849334906,0.20468173726789052,354.035830784332,4.795100212097168
434,-1.0957329324236202,-0.3749030227172661,0.24571680757399317,354.839586536903,0.3312999904155731
435,-1.091019448262771,-0.33973962320704054,0.29587448852527,355.65444890870225,5.603300094604492
436,-1.0863761142752972,-0.30911661235161564,0.3425342368650468,356.48028922351494,5.722899913787842
437,-1.0815476288571517,-0.27639154052103565,0.3933764013539371,357.3169770715821,0.2329999953508377
438,-1.0765589496432224,-0.246752740888169,0.438853650066907,358.1643803301932,4.083099842071533
439,-1.0698917166584456,-0.21064998071634702,0.49064369262907415,359.0223651845502,4.091800212860107
440,-1.064463308110543,-0.18113293624920757,0.5344155532500421,359.8907961488988,1.4703999757766724
441,-1.0586031185923892,-0.1504050620574786,0.5803068382566678,0.7695360879222477,2.7720999717712402
442,-1.050733221325395,-0.11363718264270903,0.6314598517478304,1.6584462383977154,3.4291999340057373
443,-1.0441446240517978,-0.08127561839590138,0.6786802157483056,2.557386231107799,5.283899784088135
444,-1.0373282896662783,-0.04995640219358734,0.7204103273749883,3.4662141130068065,4.61899995803833
445,-1.0305412520976862,-0.01908586354429578,0.7637961508791007,4.384786369636657,4.963200092315674
446,-1.0228442235027613,0.013465797764514582,0.808307956785989,5.312957947789791,5.10260009765625
447,-1.0146209487727929,0.04632874565422917,0.8523095052044332,6.250582278414051,1.0354000329971313
448,-1.0056178679783927,0.08157595578316156,0.897512560044917,7.197511299758538,4.760499954223633
449,-0.9974506922499164,0.1130835335102592,0.9385176181084656,8.153595480753651,4.770899772644043
450,-0.9879509781278552,0.1471390007593005,0.9833031169586299,9.118683844623696,1.4950000047683716
451,-0.978747278918529,0.1814336102795941,1.0214804301317004,10.092623992728598,0.7408000230789185
452,-0.9685350143679559,0.21735763376521283,1.0639832251379802,11.075262128628616,0.11680000275373459
453,-0.9591131863414162,0.24890988338287204,1.099484255061004,12.06644308237098,4.623899936676025
454,-0.9486085031737458,0.28431519347786327,1.140754742172889,13.06601033499291,2.8338000774383545
455,-0.9381830922782682,0.3174789372200772,1.1741393902619877,14.073806043238065,1.5312999486923218
456,-0.9282684496877986,0.34942787888986115,1.2065060074647183,15.089671064481074,2.9626998901367188
457,-0.9170470024847737,0.3830594173502195,1.23721798115544,16.113444981859047,5.665599822998047
458,-0.9057525356546934,0.4162135964772684,1.2680185026374455,17.14496612960238,2.11680006980896
459,-0.8948086419579913,0.45008538343646154,1.2962524717212103,18.18407161856407,0.09679999947547913
460,-0.8833345930226907,0.4820683328338572,1.323419167268388,19.23059736194172,1.9263999462127686
461,-0.87046667519309,0.5163356942722723,1.345166108223237,20.284378101188736,0.8152999877929688
462,-0.8591260527195151,0.5482317606912503,1.3706110509665452,21.34524743211059,5.02839994430542
463,-0.8470557133207341,0.5795703007675939,1.384881620255837,22.41303783114185,0.12460000067949295
464,-0.8340461559378726,0.6129556577703524,1.4045125152633464,23.487580681800523,6.022600173950195
465,-0.8216107092691906,0.6445117131745647,1.4161095547289542,24.56870630131369,4.410699844360352
466,-0.8087991701414619,0.6754933121938534,1.429907704363373,25.656243967413452,1.0092999935150146
467,-0.7947303604100261,0.71024186115626,1.440136754396003,26.750021945295117,1.200600028038025
468,-0.7822024449257412,0.7390294659634148,1.444047705619157,27.849867514736516,5.742199897766113
469,-0.7685246528866102,0.7698156870575408,1.443186764784623,28.95560699737232,4.5954999923706055
470,-0.7547842825940565,0.8003653241699197,1.4461837571507397,30.06706578412033,4.6890997886657715
471,-0.7415850062029473,0.8286521348702185,1.440976183394214,31.18406836275345,2.667799949645996
472,-0.7270254777294771,0.8595190785369188,1.435826491945335,32.30643834561579,5.33459997177124
473,-0.711343867256643,0.8903179697398148,1.4257864554571291,33.43399849747638,1.4668999910354614
474,-0.6971825149700535,0.9183415002884051,1.414176863154812,34.56657076351583,2.5857999324798584
475,-0.6819756049847799,0.9479567046231889,1.4030964938976875,35.70397629744438,3.5552000999450684
476,-0.6678528265383499,0.9733712577778394,1.3830448854000659,36.8460354897429,2.6545000076293945
477,-0.653294177452028,0.999817792172019,1.3615604529846337,37.992567996025784,1.9714000225067139
478,-0.6363657755993435,1.0285354676999185,1.3370458890423338,39.14339276551918,2.3859000205993652
479,-0.621345105944696,1.0534624507997359,1.3123974704530994,40.29832806965142,0.24809999763965607
480,-0.6053366160495076,1.0796248177493895,1.2830420425970828,41.45719153074924,2.0655999183654785
481,-0.5911329121740576,1.1018834144320548,1.2551134435680458,42.61980015083841,3.414599895477295
482,-0.5736662971402293,1.128753276145905,1.2270206760433093,43.785970340540416,4.469399929046631
483,-0.5560244602573872,1.1537730239623956,1.1854600472322454,44.955517948063395,2.4249000549316406
484,-0.5404368095576645,1.1751500649262179,1.1467306109043953,46.12825828828254,0.8661999702453613
485,-0.5228958637443128,1.1988381701351951,1.1112301961678395,47.3040061719032,0.22689999639987946
486,-0.5063338689423719,1.2211592520581378,1.0702312135318808,48.482575934704855,1.9074000120162964
487,-0.48825572021432295,1.2424650159000015,1.0224677232221406,49.663781466859476,3.4351999759674072
488,-0.4726159308127845,1.2616365729142613,0.9814436862107169,50.847436242320796,2.573199987411499
489,-0.4516803406713,1.2862567931368558,0.9381719121359047,52.03335334827808,2.775099992752075
490,-0.43415171963170174,1.3058167299000272,0.8946574429398928,53.22134551467296,3.4932000637054443
491,-0.4171392117080293,1.322967344080257,0.8472293071088537,54.411225143770736,2.0004000663757324
492,-0.3984005887696952,1.3413238874138806,0.7953346708744382,55.60280433978418,4.406599998474121
493,-0.3802283310210506,1.360257397532975,0.7527129564895297,56.795894938545274,0.5960999727249146
494,-0.35949052979143736,1.3790598075782574,0.7009203641795471,57.99030853721764,3.1512999534606934
495,-0.34048558072564544,1.3967873624296805,0.6514156568649467,59.18585652404799,3.467600107192993
496,-0.3206048938691686,1.4133190218185248,0.6016887032187499,60.38235010814986,2.1240999698638916
497,-0.30020511564114366,1.4293339736531594,0.5439013641515423,61.579600349316394,4.411300182342529
498,-0.2786954607183073,1.4478455931338703,0.495143433841379,62.7774181878552,1.1023999452590942
499,-0.25862019951967763,1.4627645143989807,0.4417928822960539,63.975614474444285,1.3206000328063965
500,-0.2359536623886961,1.479527290848853,0.38835839048919385,65.17399999999998,5.996399879455566
501,-0.21558875600296182,1.4937476869206188,0.3357659265126629,66.37238552555569,1.2585999965667725
502,-0.19375444223546437,1.50704850924319,0.2786972039281844,67.57058181214477,3.933199882507324
503,-0.1696399173579304,1.5211351291037265,0.21688051001685107,68.76839965068366,4.515999794006348
504,-0.1472010053764373,1.5352047432176574,0.16141512311346315,69.9656498918501,3.9681999683380127
505,-0.12460320685717148,1.5446497655367157,0.09540916155545555,71.16214347595198,6.131100177764893
506,-0.10020797466105319,1.5585697876860722,0.03646240996694143,72.3576914627824,1.7555999755859375
507,-0.07805221780873865,1.5690567427404192,-0.02244463368427198,73.5521050614547,5.143199920654297
508,-0.050930477510999675,1.5774165964267723,-0.09949672633692036,74.74519566021578,2.544100046157837
509,-0.02777593865313729,1.5879769162847246,-0.15598990596314333,75.93677485622932,1.2487000226974487
510,-0.002811029308373199,1.5922526142877413,-0.2325083150267993,77.12665448532701,1.256600022315979
511,0.02453613076419781,1.5977743607348822,-0.3068834396590679,78.3146466517218,1.1725000143051147
512,0.04875597531778511,1.6031495945260696,-0.373486530692122,79.50056375767926,2.7325000762939453
513,0.07602799098912348,1.6050868764390744,-0.4508079436049512,80.6842185331405,2.6598000526428223
514,0.1027441021612182,1.6062700752600487,-0.5248720895993864,81.8654240652951,3.9755001068115234
515,0.12839407710143774,1.6076103093601715,-0.5934732595096427,83.04399382809686,0.02710000053048134
516,0.15736249878485337,1.6025407447486686,-0.6749805262799744,84.21974171171743,4.249499797821045
517,0.18431561336176655,1.5961487897971223,-0.7474115120127034,85.39248205193657,2.163800001144409
518,0.2133886247863341,1.5910210830582987,-0.8186451243917549,86.56202965945963,2.805799961090088
519,0.2426515401961094,1.578410219294511,-0.893903974817306,87.72819984916156,0.2727000117301941
520,0.2718400109410364,1.5673912896725122,-0.9629433650847237,88.89080846925064,1.3006000518798828
521,0.3015029072168607,1.5553404885701498,-1.0262377845685031,90.04967193034862,4.701200008392334
522,0.33239798091337847,1.539492738640037,-1.0892551805166633,91.2046072344807,0.6004999876022339
523,0.3617049750216494,1.5167100726971205,-1.1497623661701928,92.35543200397417,1.4141000509262085
524,0.39403674726731924,1.4931127544986633,-1.2102873318788487,93.50196451025715,1.9767999649047852
525,0.423160726757792,1.4691938680411052,-1.2564240945495526,94.6440237025556,1.5372999906539917
526,0.454806671156487,1.4394327949695513,-1.302723361605054,95.78142923648414,5.645500183105469
527,0.4861051013341635,1.4072065332613184,-1.3458067395438265,96.91400150252367,5.135799884796143
528,0.5170477576997412,1.3731725249214672,-1.3795876438754502,98.04156165438418,2.512399911880493
529,0.5467236771013341,1.3402595579153975,-1.410782861261691,99.16393163724652,1.6475000381469727
530,0.5792222697975414,1.3026718412461737,-1.4389309544041204,100.28093421587971,3.697999954223633
531,0.6096227536156025,1.2627449263124826,-1.4613568055536212,101.39239300262756,0.8345000147819519
532,0.6390362703127458,1.2222849289684634,-1.4739350425340185,102.49813248526345,5.700799942016602
533,0.6690981446590707,1.1791876001928552,-1.4850259290125019,103.59797805470485,4.486000061035156
534,0.6975475110293964,1.1360612350195496,-1.491131138971713,104.69175603258651,4.433300018310547
535,0.7260878078732511,1.0938095104304113,-1.494116579190505,105.77929369868627,1.7553999423980713
536,0.752723684123106,1.0523308362216022,-1.4915896418425383,106.86041931819953,0.8532000184059143
537,0.7818412302774642,1.0083833142890377,-1.4875728274689883,107.93496216885812,5.424300193786621
538,0.8065846056199558,0.9682309521026339,-1.4784267365340031,109.00275256788939,2.608599901199341
539,0.8345656902829522,0.9211370103050424,-1.4656446425313716,110.0636218988113,2.606300115585327
540,0.8574614068162256,0.8819811612077791,-1.4539803062927852,111.11740263805825,0.8016999959945679
541,0.8829925847925599,0.8413538349320137,-1.4405087883549175,112.16392838143591,2.8231000900268555
542,0.9072048733793042,0.7989296747854657,-1.4235588357860287,113.2030338703976,1.0462000370025635
543,0.9297886282603217,0.7585733709743295,-1.4076615356808637,114.23455501814092,5.990900039672852
544,0.9514132465195575,0.7195353076263488,-1.3880061282684633,115.2583289355189,2.1891000270843506
545,0.9725265595483346,0.6796761666692365,-1.3704783632300852,116.27419395676199,1.8902000188827515
546,0.9920550207715763,0.6416939956174987,-1.346479213866896,117.28198966500706,1.329300045967102
547,1.012568654349537,0.6043702565336954,-1.3306178502911197,118.28155691762899,1.7175999879837036
548,1.0325344104645977,0.5628365567373015,-1.3053966168029567,119.27273787137143,1.645799994468689
549,1.0537877728686653,0.5222705640594731,-1.2869344750574208,120.25537600727137,4.9807000160217285
550,1.0693705345227842,0.4869786075456406,-1.2605356831531538,121.22931615537627,4.0543999671936035
551,1.08835053342157,0.44530341080206354,-1.2356364050118385,122.1944045192464,4.093500137329102
552,1.1037091148612634,0.4099361819353573,-1.2111430632132452,123.15048870024144,0.5070000290870667
553,1.1208479760597383,0.369254201357695,-1.1832768984816298,124.09741772158586,4.254300117492676
554,1.1375996440090637,0.3279225537025265,-1.152280127269984,125.03504205221026,0.4945000112056732
555,1.1516416908249811,0.2921251834198578,-1.1223070914958728,125.96321363036331,1.4185999631881714
556,1.1673667032451451,0.24758759312690867,-1.0870407393391441,126.88178588699316,1.5276999473571777
557,1.1792543147182855,0.2082242598842469,-1.0504922641438692,127.79061376889223,3.0053000450134277
558,1.1908423229142828,0.16767702528608963,-1.013708184107005,128.68955376160227,0.6554999947547913
559,1.205694472002991,0.1287153836611256,-0.9759655703388038,129.57846391207772,2.224299907684326
560,1.2158581702637774,0.08605487730885368,-0.9309198119152534,130.45720385110127,0.04270000010728836
561,1.2279949341765615,0.04468952111521902,-0.8890692128482495,131.32563481544977,6.235799789428711
562,1.2381981414578904,0.0037493282869073595,-0.8436425859579356,132.1836196698068,2.3557000160217285
563,1.2479589286503223,-0.03335419580165384,-0.7992360396978855,133.03102292841794,6.232100009918213
564,1.2551775916812258,-0.07326038827837289,-0.7503695834618386,133.86771077648498,1.2336000204086304
565,1.2653581965710572,-0.11711898655191337,-0.6966499407756269,134.69355109129773,2.1547000408172607
566,1.2722934323983368,-0.15496220580092362,-0.6481801661115256,135.508413463097,5.5817999839782715
567,1.2794397567358184,-0.19323161546735265,-0.5976426226239396,136.31216921566798,0.34150001406669617
568,1.2840362601391784,-0.22951325886605448,-0.5465049494941956,137.10469142666,5.025100231170654
569,1.2913129057579833,-0.26719373388817785,-0.4917289840233567,137.88585494762876,1.1377999782562256
570,1.2964929869498345,-0.30135026021078887,-0.43738422091553153,138.6555364237987,4.887899875640869
571,1.3001423670300623,-0.3439614640435533,-0.3753077812356934,139.4136143135423,5.348700046539307
572,1.3062651398607614,-0.38014441424134726,-0.31522150066923216,140.15996890757296,4.444900035858154
573,1.3099061272270702,-0.4107066912728647,-0.2634827873642398,140.8944823478481,1.2062000036239624
574,1.3129146594364716,-0.4488586029800109,-0.2010176651738031,141.61703864618087,5.913899898529053
575,1.3160295795183334,-0.4826022217446724,-0.1435766037457606,142.3275237025556,5.065000057220459
576,1.318350728629321,-0.5141843463322591,-0.08446985426066025,143.02582532314568,3.7111001014709473
577,1.320725329240762,-0.5484026026779777,-0.021136290327044116,143.71183323803024,2.7985999584198
578,1.3215862404268155,-0.5798824596367051,0.038215808809641184,144.38543911860708,5.7769999504089355
579,1.3248797861147228,-0.6114268925446786,0.10084066566128441,145.04653659469895,5.2164998054504395
580,1.3241760087942844,-0.6367822485125523,0.15085636370022731,145.69502127135064,3.4885001182556152
581,1.3261374936542116,-0.6675895568521342,0.21480651872990866,146.3307907453144,3.9228999614715576
582,1.3263518715086564,-0.6937539921137373,0.2677980296173041,146.95374462122004,2.023200035095215
583,1.325510581388375,-0.7218573979958747,0.32642162318154394,147.5637845274291,2.3234000205993652
584,1.3258692391939704,-0.7483793649309858,0.3827089047485471,148.16081413156866,0.019099999219179153
585,1.326119680848037,-0.7735046256604476,0.4385600222251705,148.74473915574316,6.192800045013428
586,1.3256671700118519,-0.7995774162622625,0.4960301693113281,149.31546739142215,0.4097999930381775
587,1.3249052638890912,-0.8225937055698851,0.5470929819488691,149.8729087140013,0.147599995136261
588,1.323382618457842,-0.8460295529444155,0.6001229888581435,150.4169750970336,3.442199945449829
589,1.322735512249372,-0.8690672378614176,0.6521280262833979,150.9475806261301,5.766300201416016
590,1.3231331651011748,-0.8873642557407956,0.694330108314493,151.4646415125269,3.084399938583374
591,1.3192505579306102,-0.9066478664340244,0.7375098700938014,151.96807610631598,5.093900203704834
592,1.3203329348839958,-0.9226668801032841,0.7776810393971103,152.45780490933905,5.091899871826172
593,1.3149589767298104,-0.9409787587197648,0.8184263968713501,152.93375058774097,3.3973000049591064
594,1.313653318535362,-0.9599106432875962,0.8628786933607804,153.39583798418175,1.7639000415802002
595,1.3116574604974494,-0.9785358279011406,0.9074269890383247,153.84399412970487,4.298799991607666
596,1.3099413915800737,-0.9908347086956408,0.9368803301981005,154.27814825525974,2.639899969100952
597,1.3065792319292682,-1.005836821829311,0.9706146781378718,154.698231802877,4.59630012512207
598,1.305345921560113,-1.0176402051553264,0.9989697254708237,155.1041784364948,4.55019998550415
599,1.3019023895103303,-1.0325027152967372,1.033903624683381,155.4959240524338,3.6763999462127686
600,1.2979780801956473,-1.0440878669887725,1.060437928874203,155.87340678951992,5.613800048828125
601,1.298192969455959,-1.056671685602192,1.0918000994863524,156.2365670388531,3.137700080871582
602,1.2934141801450094,-1.0671520299540518,1.1170423603766082,156.5853474532201,1.0805000066757202
603,1.2931086319072733,-1.0718563485378891,1.1288254242159714,156.91969295615027,0.4693000018596649
604,1.287599191974509,-1.086617417534064,1.1615602262482085,157.2395507506128,4.394700050354004
605,1.2869432573701634,-1.0924847860234492,1.1771945457538338,157.54487032735418,2.6401000022888184
606,1.2849777643776823,-1.1036525503293164,1.2028716714917023,157.8356034728737,3.5046000480651855
607,1.2814284504335778,-1.1111962197523741,1.220728908355142,158.11170427703752,2.4123001098632812
608,1.2772869945467462,-1.119186686256915,1.2380612117049679,158.3731291403279,2.108099937438965
609,1.2763196428867132,-1.126482550657358,1.2546431798048259,158.61983678072846,3.737600088119507
610,1.2736377170830202,-1.1316650481820902,1.2673926179229917,158.85178824024285,1.3968000411987305
611,1.2722890315152815,-1.1348061240715501,1.2730607954722126,159.06894689104672,3.7527999877929688
612,1.269152363363081,-1.1421773543827107,1.2909068518199154,159.27127844127176,5.684299945831299
613,1.2680387728539029,-1.1449451686074896,1.2971226838987062,159.45875094042066,4.595900058746338
614,1.2667371220003818,-1.1482946358045967,1.3041404701405368,159.63133478441256,5.8933000564575195
615,1.264130596717586,-1.1511020847710802,1.3081443654494394,159.78900272025783,5.305099964141846
616,1.263499793741481,-1.1554144815868346,1.3188692457535238,159.93172985036165,3.3524999618530273
617,1.2612640372440413,-1.1591549834007289,1.3279023683504518,160.05949363645567,6.208799839019775
618,1.2607972156704144,-1.1630806436046615,1.337093349476794,160.17227390315696,1.1812000274658203
619,1.2595160397502252,-1.163927965824378,1.3390978971702439,160.27005284115398,0.09920000284910202
620,1.2599669648546705,-1.1638649288225766,1.3393019862726436,160.352815010019,4.104300022125244
621,1.2567451441341122,-1.166927893652877,1.3437394067135262,160.42054734064607,0.75
622,1.2559394367803507,-1.1685697912938604,1.3483073902085676,160.4732391373151,5.074100017547607
623,1.2573252213373862,-1.1693155819206293,1.3499581157918281,160.51088207938048,3.2718000411987305
624,1.2573010532382713,-1.169291676868593,1.349988881617074,160.53347022258532,4.479599952697754
625,1.2573159287230058,-1.1692643739470614,1.3500108116751057,160.541,4.5991997718811035
626,1.2559610848761233,-1.168606964776461,1.3482993127600433,160.53347022258532,6.228700160980225
627,1.2567183935217041,-1.1670247274964127,1.3436757776971175,160.51088207938048,0.9132999777793884
628,1.2599378057856694,-1.163956407123198,1.3392311598913562,160.4732391373151,0.6225000023841858
629,1.2595032859537112,-1.163954973834935,1.3390868915875265,160.42054734064607,5.08620023727417
630,1.260832245387969,-1.163072921595208,1.3370888639522065,160.352815010019,3.6098999977111816
631,1.2612838644488316,-1.1590547628665997,1.3279555336348883,160.27005284115398,5.433700084686279
632,1.2635052849531894,-1.155442617006686,1.3188827963975809,160.17227390315693,4.671599864959717
633,1.264130758559407,-1.1511022802350988,1.3081440283565122,160.05949363645567,0.6743999719619751
634,1.2667371783566286,-1.1482946490664565,1.3041401899450293,159.93172985036165,3.1136999130249023
635,1.2680394685423064,-1.1449686667103647,1.2970930607897297,159.78900272025783,4.051400184631348
636,1.2691466506281919,-1.1421867389991367,1.2908906587593727,159.63133478441256,0.6764000058174133
637,1.27227359015442,-1.134825534671573,1.2729561594379737,159.45875094042066,5.82480001449585
638,1.2736522709810798,-1.1316642191609456,1.267416377971015,159.27127844127176,5.300099849700928
639,1.2763290348206573,-1.1264073807114718,1.2548040455321199,159.06894689104675,0.5152000188827515
640,1.277311416802808,-1.1191463174393934,1.238098545198039,158.85178824024285,2.271199941635132
641,1.2814308811874306,-1.1111840775695987,1.220759536130731,158.6198367807285,0.6420000195503235
642,1.284985111296882,-1.10366001514382,1.2027680087352515,158.37312914032793,5.085999965667725
643,1.2869208812226485,-1.092549556537737,1.1769835994905145,158.11170427703752,2.6939001083374023
644,1.2876050142301432,-1.0865786761540006,1.1616027200978054,157.83560347287374,3.1819000244140625
645,1.2931119813227456,-1.0718065230100056,1.1289044823433163,157.54487032735418,3.4820001125335693
646,1.293398202581618,-1.067178297517928,1.116953133351379,157.23955075061286,5.460899829864502
647,1.2982023987770932,-1.0566407665602051,1.091854687781298,156.91969295615024,5.882299900054932
648,1.2979774476093056,-1.0441048073782406,1.0604247609662816,156.5853474532201,3.386399984359741
649,1.3018980945928413,-1.03250119404419,1.0338629511172175,156.23656703885308,3.47379994392395
650,1.3053764953865625,-1.0176191369109093,0.9992373305345763,155.87340678951995,3.0541999340057373
651,1.3065873154538208,-1.0058281682514232,0.9706763825702532,155.49592405243382,0.15109999477863312
652,1.3099440138642475,-0.9908343166961735,0.9369139328201957,155.1041784364948,1.9627000093460083
653,1.3116591628344465,-0.9785382728660071,0.9072538068218605,154.698231802877,0.4341999888420105
654,1.3136481503818467,-0.9599296213963963,0.8628426780960771,154.27814825525974,0.7742999792098999
655,1.3149523433730461,-0.9410022816393503,0.818454643799682,153.84399412970492,5.84119987487793
656,1.3203376910186948,-0.9226260235524609,0.7776590334570035,153.3958379841818,1.8909000158309937
657,1.3192412373862505,-0.9066908195772674,0.7374532504898379,152.93375058774097,5.206399917602539
658,1.3231201443728235,-0.8873615779188698,0.6944751475929654,152.45780490933902,5.904900074005127
659,1.3227447657189044,-0.8691257444843314,0.6519262365011862,151.968076106316,6.093299865722656
660,1.3233922378641652,-0.8460458963844713,0.5999932647564924,151.46464151252695,1.5134999752044678
661,1.3249057715577675,-0.8225427843913715,0.5471429390410595,150.9475806261301,0.9954000115394592
662,1.325661350401337,-0.7995846220547677,0.4960472528607459,150.41697509703363,2.3236000537872314
663,1.3261225749594372,-0.773504557531912,0.4385412625300495,149.87290871400137,2.9725000858306885
664,1.3258568670008568,-0.7484068707668579,0.38287571641915596,149.31546739142215,2.1691999435424805
665,1.3255030215189616,-0.7218674629646952,0.3264992756037576,148.74473915574313,2.0195000171661377
666,1.32634389542563,-0.6937072303305823,0.2676853915355979,148.16081413156869,2.9286000728607178
667,1.326138918581297,-0.6675928668251526,0.21480888671868947,147.5637845274292,4.425600051879883
668,1.3241811372249057,-0.6367431924456556,0.15074037515956748,146.95374462122004,6.047299861907959
669,1.3249129548524794,-0.6114485073318033,0.10078099544071092,146.33079074531446,1.7039999961853027
670,1.3215615566667047,-0.5798766801973297,0.038232072938572795,145.6950212713507,4.289299964904785
671,1.3207026756918099,-0.5484202785451394,-0.021176097873891225,145.04653659469898,3.198899984359741
672,1.3183547242265055,-0.5141896759471155,-0.08462321989619663,144.38543911860705,4.437099933624268
673,1.3160453087328734,-0.48263116299808784,-0.1436253333341728,143.7118332380303,4.825399875640869
674,1.312911863615992,-0.4488925567921047,-0.2010073126707295,143.02582532314577,2.5085999965667725
675,1.3099283032948736,-0.410694338854004,-0.2632856350033513,142.32752370255565,3.585200071334839
676,1.3062590403377508,-0.3801373590334069,-0.31521673565261366,141.61703864618084,5.1570000648498535
677,1.3001057028594167,-0.3439649952396309,-0.3751520545292966,140.8944823478481,5.741499900817871
678,1.2965058135729834,-0.30133358257226345,-0.43744474501339037,140.159968907573,0.8953999876976013
679,1.2913111376305313,-0.26719409690422213,-0.49172187956663393,139.41361431354233,5.894999980926514
680,1.284036440111013,-0.2295142115193038,-0.5464873905960195,138.65553642379876,0.06239999830722809
681,1.2794047292632085,-0.19322323522705712,-0.5978433611886065,137.88585494762884,2.0789999961853027
682,1.272283699678145,-0.1549337252473786,-0.648062168750503,137.10469142666005,4.592800140380859
683,1.2653718103418288,-0.11714310624250508,-0.6964720998714491,136.31216921566795,6.265500068664551
684,1.2551823757205554,-0.07334219477899045,-0.7502695362909421,135.50841346309699,2.561800003051758
685,1.2479612823149866,-0.03331226890894818,-0.799380187297196,134.69355109129782,5.957300186157227
686,1.23819477541915,0.003721701388654461,-0.8435090599496389,133.867710776485,5.848199844360352
687,1.2279935678688934,0.04469280456713178,-0.889102092276391,133.031022928418,0.5637000203132629
688,1.215858366678934,0.0860520543925278,-0.9308994465142238,132.18361966980683,6.072500228881836
689,1.2057052397223373,0.1287875699257859,-0.9758363109269497,131.3256348154498,5.665299892425537
690,1.1908362275200874,0.16764259840953846,-1.0136497036290852,130.45720385110124,1.1813000440597534
691,1.1792645762913658,0.2082177225417385,-1.0503493806439936,129.57846391207778,0.3752000033855438
692,1.1673520805286544,0.24757439556566424,-1.0872346437085543,128.68955376160238,2.0611000061035156
693,1.1516305715090671,0.29213616881728044,-1.1224150374156745,127.79061376889234,3.942699909210205
694,1.1376067654194701,0.327911609236415,-1.152095876864568,126.88178588699314,3.882200002670288
695,1.1208612394626876,0.36924666302221804,-1.183229520866631,125.9632136303633,4.485099792480469
696,1.1037172287241503,0.4099250293818957,-1.2110119988413304,125.03504205221029,5.775400161743164
697,1.0883670076606133,0.44534485352581454,-1.2354731936562138,124.09741772158591,4.677499771118164
698,1.069389229040111,0.4869761220534635,-1.2605598757031848,123.15048870024148,1.3253999948501587
699,1.0537927342311104,0.5222800955653969,-1.2869493696017855,122.19440451924652,2.078200101852417
700,1.0325270603977357,0.5628491292133895,-1.3055402420188615,121.22931615537632,4.867000102996826
701,1.0125392654408336,0.6043286909985478,-1.330523552840049,120.25537600727135,6.1168999671936035
702,0.9920658865007504,0.6417082476480926,-1.3465096643690844,119.27273787137142,4.899799823760986
703,0.9725579244649534,0.6796635265874809,-1.3703103960434901,118.2815569176291,5.891900062561035
704,0.9514272574752215,0.7196031838100276,-1.3882168740710628,117.28198966500719,0.6883999705314636
705,0.9297866467526569,0.7585797799684799,-1.4076783838185174,116.27419395676203,5.69379997253418
706,0.9072032329020838,0.7989576000537321,-1.4235913703432141,115.25832893551888,0.5860000252723694
707,0.8829852817809829,0.8413664872039386,-1.440568261992246,114.23455501814098,3.5685999393463135
708,0.8574537099231115,0.8819912282978175,-1.453943461443282,113.20303387039758,1.1893999576568604
709,0.8345822733058252,0.9211193787829286,-1.4657665755597316,112.16392838143595,5.554100036621094
710,0.8065603041750233,0.9681998306416565,-1.478487542021177,111.11740263805838,4.608099937438965
711,0.7818353867326654,1.0083264480203806,-1.487595061032385,110.06362189881143,3.300299882888794
712,0.7527375524961788,1.0523663093432676,-1.4915712087223398,109.00275256788936,1.4918999671936035
713,0.726090137022484,1.093845784141733,-1.4940374441447668,107.9349621688581,2.848900079727173
714,0.697565138601308,1.1360811685067815,-1.4913156926214792,106.86041931819958,5.189799785614014
715,0.6690814359159912,1.1791777405319233,-1.4848936016685599,105.77929369868626,0.597599983215332
716,0.6390382119323716,1.2222844882031292,-1.4739360863038373,104.69175603258657,6.042200088500977
717,0.6096202248804211,1.2627729013824025,-1.4614355643127355,103.59797805470498,2.4089999198913574
718,0.5792224494373839,1.3026710783882658,-1.438928390290697,102.49813248526351,4.755000114440918
719,0.5467256032841757,1.340256083588172,-1.4107639973315012,101.39239300262754,5.543600082397461
720,0.5170305577150752,1.3730926030478323,-1.3792286484135867,100.28093421587968,0.15649999678134918
721,0.4861324002286241,1.4071723696014544,-1.3457396065476548,99.16393163724666,0.29269999265670776
722,0.45483880266431986,1.4394496750800392,-1.3026612924285237,98.04156165438431,4.764900207519531
723,0.42314018996656755,1.4691682409386564,-1.2561975983550153,96.91400150252372,4.126299858093262
724,0.3940365491405093,1.4931115710358853,-1.2102868812750978,95.78142923648412,4.297699928283691
725,0.3617140830103389,1.5167236635982155,-1.1497286330214915,94.64402370255566,0.10339999943971634
726,0.33241973943424014,1.5395197669938283,-1.0892956556589874,93.50196451025704,5.251999855041504
727,0.30150923493478904,1.5553876049260067,-1.026241394306721,92.35543200397424,6.020299911499023
728,0.2718385195825037,1.5673497524549371,-0.9629246334632421,91.20460723448085,5.798799991607666
729,0.24265586459426755,1.5784520892187344,-0.8939928349790501,90.04967193034877,0.19460000097751617
730,0.2133902041157934,1.591029640618587,-0.8186093728057969,88.89080846925062,0.4189999997615814
731,0.1842928281555113,1.5961094958815665,-0.7474716754930658,87.72819984916154,1.3265000581741333
732,0.1573529974909474,1.6025841313875873,-0.6746710613222777,86.56202965945968,5.6743998527526855
733,0.1283600505079324,1.6075954895595534,-0.5931978133737692,85.39248205193671,0.8736000061035156
734,0.10273722499335496,1.6062305793429386,-0.524728349499433,84.21974171171749,5.733099937438965
735,0.07603733542644223,1.6050789369756404,-0.45052083493603673,83.04399382809692,3.531599998474121
736,0.04875694798686755,1.603129889536257,-0.3732223243608324,81.86542406529517,0.3880999982357025
737,0.024530698178423627,1.5977940577487757,-0.3066619249788752,80.68421853314038,6.189899921417236
738,-0.002824231106238889,1.5922466605063765,-0.23221925511615915,79.50056375767923,3.6242001056671143
739,-0.02777307511825122,1.5879794371905747,-0.1559864103560881,78.31464665172194,3.980299949645996
740,-0.05096169849869036,1.577387201905283,-0.09937644456482145,77.12665448532715,4.56879997253418
741,-0.07805334150379438,1.5690547620852155,-0.022447185887182173,75.93677485622938,5.7733001708984375
742,-0.10021350311436017,1.5585073475117774,0.03638871882467706,74.74519566021576,1.219499945640564
743,-0.12460029601399093,1.5445964127984562,0.09532019030509879,73.55210506145475,2.243000030517578
744,-0.14720775249620113,1.5352550833946068,0.16165050784020807,72.35769146278247,0.6712999939918518
745,-0.1696354978844766,1.5211779475394036,0.2170539908989878,71.16214347595204,5.070000171661377
746,-0.19372789822835174,1.507048270206819,0.2787072741657622,69.96564989185016,2.365999937057495
747,-0.21559820484077952,1.4937493432415072,0.3356111844311816,68.7683996506838,5.414899826049805
748,-0.23597561560481878,1.4794945626908709,0.38824990681261745,67.57058181214465,5.8140997886657715
749,-0.25865022268307086,1.4627283265711695,0.4418988863927202,66.37238552555566,0.8259000182151794
750,-0.27869601205508804,1.4478469908940301,0.49514854682911846,65.17400000000004,0.531000018119812
751,-0.3002044146934912,1.4293164191223604,0.5438711012320552,63.97561447444443,3.396899938583374
752,-0.32057963284693747,1.4133538421200587,0.6017679357528233,62.777418187855254,4.991000175476074
753,-0.3404733911251609,1.3968150133067931,0.6513353754014974,61.57960034931645,4.185800075531006
754,-0.35949531982419136,1.3790365788246746,0.7010218012985724,60.38235010814992,4.858799934387207
755,-0.3802225866528033,1.3602510240974082,0.7527719447161068,59.18585652404805,1.3859000205993652
756,-0.3983844650553708,1.3413319057133706,0.7955462986365152,57.99030853721762,0.6467999815940857
757,-0.41712742056189756,1.322972362496818,0.8472958644055479,56.79589493854533,0.36390000581741333
758,-0.43415222512665724,1.3058005183922017,0.8945861965468954,55.60280433978432,1.798699975013733
759,-0.45168867718399963,1.2862549915788029,0.9380077494156797,54.41122514377071,2.9293999671936035
760,-0.472614023502455,1.2616583487772546,0.9815795983779401,53.22134551467294,5.294400215148926
761,-0.4882663098818875,1.2424791495673604,1.0223230400772327,52.03335334827814,4.132400035858154
762,-0.5063331332712968,1.221155545364382,1.0702855137614293,50.84743624232085,1.8841999769210815
763,-0.5228961082278288,1.1988372024701444,1.1112234382057513,49.66378146685953,6.19789981842041
764,-0.5404270690670545,1.1751916383427585,1.1469659116031867,48.48257593470492,1.6162999868392944
765,-0.5560027561150429,1.153774940347109,1.1852495352487453,47.30400617190334,2.4728000164031982
766,-0.5736953499700793,1.1287618723615274,1.2271318608471764,46.128258288282595,5.301300048828125
767,-0.5911313050996874,1.101874978711733,1.255151610247485,44.955517948063374,0.15530000627040863
768,-0.6053434557335533,1.079617400771592,1.2831961464809558,43.78597034054039,0.6315000057220459
769,-0.6213460704806851,1.0534638491291408,1.312413988444052,42.61980015083854,5.532899856567383
770,-0.6363716032082759,1.028540165929149,1.3369994432611987,41.4571915307493,5.0218000411987305
771,-0.6533011669686688,0.9998052706435445,1.361709174054423,40.298328069651475,1.0492000579833984
772,-0.6678563654033478,0.9733669024563875,1.383122640214222,39.14339276551923,4.17110013961792
773,-0.6819754748308196,0.9479580411868539,1.4031129806873492,37.99256799602585,1.183899998664856
774,-0.6971960986651988,0.9183155714461501,1.4140887606795085,36.846035489742874,4.212399959564209
775,-0.7113422926786696,0.8903196352972869,1.4257977510512165,35.70397629744443,3.801800012588501
776,-0.727037585710866,0.8594885922254469,1.4357040280827418,34.56657076351597,4.632199764251709
777,-0.7415812042677665,0.8286523564012932,1.4409387405660463,33.433998497476516,1.69350004196167
778,-0.7547852752806259,0.8003583075361406,1.4460661103412853,32.30643834561576,2.727299928665161
779,-0.7684906117908391,0.7698798254997172,1.443104665888001,31.184068362753422,3.421799898147583
780,-0.7821893111170523,0.7390399395009112,1.444036272948583,30.067065784120388,5.351600170135498
781,-0.794750289885958,0.7101786867395291,1.4399410557512686,28.955606997372378,0.8359000086784363
782,-0.8088023850544914,0.6754480873875713,1.4297898375928602,27.849867514736566,1.5887000560760498
783,-0.8216276636287908,0.6445423233261057,1.416171540372031,26.750021945295252,0.8985999822616577
784,-0.8340511586445915,0.612887400984874,1.404640333709007,25.656243967413502,0.40790000557899475
785,-0.8470928021001244,0.5794721365629398,1.3850288211229629,24.56870630131366,5.454500198364258
786,-0.8591022894707581,0.5482532174721558,1.37044574936902,23.487580681800495,3.1977999210357666
787,-0.8704970000362987,0.5163321558961491,1.3449963033169865,22.413037831141978,3.6963000297546387
788,-0.8833319448696104,0.4820666234947185,1.3234944235905912,21.345247432110718,1.1019999980926514
789,-0.8948077696895226,0.4501052289112332,1.2960597841598656,20.284378101188793,0.9810000061988831
790,-0.9057544145895372,0.4162160445335249,1.2680557059385253,19.230597361941697,0.31779998540878296
791,-0.917054042922724,0.38302293011768507,1.2375914556408918,18.18407161856412,3.354599952697754
792,-0.9282708207167387,0.34938013947517643,1.2068197426905325,17.144966129602352,1.2582000494003296
793,-0.9381860417476408,0.31753181670398806,1.1739750795754305,16.113444981859104,0.8184000253677368
794,-0.9486108988095506,0.28433035406539303,1.1407773855656642,15.089671064481202,5.381999969482422
795,-0.9590631116919007,0.24892005546082396,1.0995485995223593,14.073806043238179,0.7566999793052673
796,-0.9685316307908435,0.21735056498412972,1.0639972017319008,13.066010334992889,4.865900039672852
797,-0.9787913061318492,0.18137955163053435,1.0212945704083205,12.06644308237096,5.8242998123168945
798,-0.9879863099463896,0.14707503779289263,0.9831790302182497,11.075262128628665,1.0807000398635864
799,-0.9974738505093741,0.11300054126716227,0.938346380786757,10.092623992728726,2.691499948501587
800,-1.0056184056280277,0.08157093329852587,0.8974953792733956,9.118683844623753,1.478700041770935
801,-1.0146248249194827,0.046355749237489675,0.852313051312565,8.153595480753694,5.489799976348877
802,-1.0228822599998013,0.01338468482801377,0.8078970676565619,7.197511299758581,1.5616999864578247
803,-1.030551624079347,-0.0190673307783318,0.7638003087456487,6.250582278414029,0.07119999825954437
804,-1.0373236051383363,-0.0500548893624917,0.7203693475518049,5.312957947789769,2.6010000705718994
805,-1.0441428309515355,-0.08119850867685392,0.6788669132779465,4.384786369636771,5.881899833679199
806,-1.0507409283371572,-0.1137870371464913,0.6312440858189853,3.46621411300692,2.4986000061035156
807,-1.058607782167217,-0.15042280220471502,0.5802940364908542,2.5573862311078415,2.6956000328063965
808,-1.0644866005159836,-0.18123401412756793,0.5341300298368692,1.6584462383976941,1.014299988746643
809,-1.0698781201538152,-0.21063020627159687,0.49068605734534204,0.7695360879222903,1.8137999773025513
810,-1.0765771770431294,-0.2468201662855519,0.43876460416492735,359.89079614889886,4.372399806976318
811,-1.0815292302616908,-0.27631036972669504,0.39345520730664935,359.02236518455027,3.7551000118255615
812,-1.0864029008433937,-0.3091807404719995,0.34240157906207314,358.16438033019324,4.497300148010254
813,-1.09099782772143,-0.33973639782106424,0.29587270901319507,357.3169770715822,2.5125999450683594
814,-1.0957479549316307,-0.3748511268141363,0.24569227390332238,356.4802892235149,0.9399999976158142
815,-1.099203896981081,-0.40003851695718856,0.20482307994393129,355.6544489087022,0.3903999924659729
816,-1.1027242981821936,-0.42894081442981624,0.16120476592367228,354.8395865369031,2.6431000232696533
817,-1.1058113504123137,-0.45797770081233713,0.11371655374226158,354.0358307843321,3.604099988937378
818,-1.1084363085704223,-0.48634141442680134,0.07076209270981615,353.24330857334,0.6818000078201294
819,-1.1112463586985288,-0.5163777047011973,0.02202826696730661,352.4621450523713,0.298799991607666
820,-1.1138142838687939,-0.5469519880543872,-0.025599667820525966,351.6924635762013,1.648900032043457
821,-1.1159993857008552,-0.5745677802746056,-0.06993217630694677,350.93438568645774,0.4927999973297119
822,-1.1177790566597827,-0.5990618970386724,-0.1084120701553883,350.1880310924271,5.130300045013428
823,-1.119088509307616,-0.6301673271046695,-0.15722716802618267,349.45351765215196,4.590700149536133
824,-1.1200936820506227,-0.6578594925588918,-0.20232413771063393,348.7309613538192,2.152100086212158
825,-1.1206568465517903,-0.6800868591862937,-0.23791940989676472,348.0204762974444,5.303400039672852
826,-1.121198433539235,-0.70775526057117,-0.2828128110831068,347.3221746768543,5.112299919128418
827,-1.121890276095086,-0.733174129361218,-0.3226638887068277,346.6361667619698,2.7416999340057373
828,-1.1217554714949727,-0.7570237891473175,-0.3627260747574664,345.96256088139296,5.575399875640869
829,-1.1217637089689652,-0.7832159779265585,-0.4052532276326444,345.3014634053011,1.545699954032898
830,-1.1209791304632728,-0.8035402061786033,-0.4394350920179235,344.6529787286494,1.3669999837875366
831,-1.1208477530946506,-0.8294356214609647,-0.4797882507920048,344.01720925468567,3.4179000854492188
832,-1.1197859126284158,-0.8492572072299718,-0.5132588038670779,343.3942553787799,0.9083999991416931
833,-1.1187388900819217,-0.8729046583259158,-0.5536780365441838,342.78421547257085,5.9695000648498535
834,-1.1170452462639993,-0.8950889548472467,-0.5883298364707528,342.18718586843136,3.440700054168701
835,-1.1158453181103334,-0.9147245481459095,-0.6203703613223535,341.6032608442569,2.3912999629974365
836,-1.114314262371408,-0.9352143590229437,-0.6542408283905665,341.0325326085778,2.287400007247925
837,-1.11236760628814,-0.9560705585187552,-0.6886677495164799,340.47509128599876,5.5802998542785645
838,-1.1108233773404927,-0.9753442276476182,-0.7193257383573272,339.93102490296644,5.742599964141846
839,-1.1091561363721931,-0.9943934629661991,-0.7510263109797672,339.4004193738699,1.7235000133514404
840,-1.1064116118880376,-1.010127932644664,-0.7762136701155791,338.8833584874731,5.262599945068359
841,-1.1043976665001438,-1.0297566067446702,-0.8074932051291002,338.379923893684,6.15880012512207
842,-1.102042717569441,-1.0449899655763908,-0.8325235360559554,337.890195090661,0.11219999939203262
843,-1.0994267286208317,-1.0615067758043706,-0.8630240127378952,337.41424941225904,0.24789999425411224
844,-1.0973004535608855,-1.0802344077086012,-0.8897659837747294,336.9521620158182,4.262599945068359
845,-1.0948131937824244,-1.0920447519124055,-0.9102899890228785,336.50400587029515,3.922300100326538
846,-1.0919852209010257,-1.1093671523870168,-0.9402919342285807,336.0698517447403,2.3958001136779785
847,-1.0891931550750409,-1.1198184649233216,-0.957376586689661,335.64976819712297,0.15320000052452087
848,-1.0876429007622355,-1.1342200706094938,-0.9804818130600473,335.2438215635052,4.277900218963623
849,-1.0846800128482075,-1.1480140100525895,-1.0026962968565103,334.8520759475663,3.928100109100342
850,-1.081443880652922,-1.1588822145979938,-1.0239607798376822,334.4745932104801,6.0640997886657715
851,-1.079249710812649,-1.1736471804631408,-1.0455399530131302,334.1114329611469,0.5019999742507935
852,-1.0765055487893656,-1.1827413503844293,-1.0620188033319493,333.7626525467799,1.7964999675750732
853,-1.0742807700598969,-1.194328926122442,-1.0806437225787908,333.42830704384977,2.3443000316619873
854,-1.0720762079894333,-1.2068904103141174,-1.0993254957088021,333.10844924938715,3.800100088119507
855,-1.0693435755201155,-1.2146643023698411,-1.113413312152529,332.80312967264587,5.308300018310547
856,-1.066675239145756,-1.2221436925286158,-1.1266127654842235,332.51239652712627,4.021900177001953
857,-1.0643105026783122,-1.2308304511143535,-1.1412370752951537,332.2362957229625,4.025199890136719
858,-1.0627995072738359,-1.2402572537167154,-1.1557738592758116,331.9748708596721,0.955299973487854
859,-1.060205415994912,-1.2474407551107147,-1.1669602156673051,331.72816321927155,1.5226999521255493
860,-1.0591319327041606,-1.2529313106491367,-1.1775791819056731,331.49621175975716,1.5241999626159668
861,-1.0574248959446404,-1.2599442887479038,-1.1877863617428452,331.2790531089533,4.5518999099731445
862,-1.054957223317126,-1.2681465710736735,-1.2009251659233906,331.0767215587282,5.014599800109863
863,-1.0530204260080687,-1.2736631007392603,-1.2120427422572668,330.88924905957936,0.879800021648407
864,-1.0517001564893211,-1.2754214394976615,-1.2152986192571855,330.71666521558745,1.1208000183105469
865,-1.0510577042323805,-1.2813634723059686,-1.2222871730879048,330.5589972797422,0.3425000011920929
866,-1.0491365349511594,-1.284525658883715,-1.2306203104363151,330.41627014963836,5.972499847412109
867,-1.048587095873297,-1.2887117331264184,-1.2346144492468325,330.28850636354434,1.6583000421524048
868,-1.0474257637069562,-1.2939310655013516,-1.2429607252146144,330.17572609684305,5.175000190734863
869,-1.0454242396147302,-1.2959800015705043,-1.2479487945450494,330.07794715884603,2.67930006980896
870,-1.0448334261223042,-1.3006261501250431,-1.255937310038627,329.995184989981,3.0669000148773193
871,-1.0458090676794083,-1.2994120960600144,-1.2518544756309153,329.92745265935395,5.662199974060059
872,-1.0444759638860874,-1.3008386120425606,-1.2565481301029282,329.8747608626849,4.792300224304199
873,-1.0444506165306147,-1.3008586655517524,-1.2566571821410104,329.83711792061956,0.3682999908924103
874,-1.044463539077439,-1.300818481194151,-1.2564908425627914,329.8145297774147,4.0346999168396
875,-1.0444713329358244,-1.3008270314420587,-1.2565215963050749,329.807,0.48249998688697815
876,-1.0444731962734473,-1.300832443001039,-1.25652850773556,329.8145297774147,4.51639986038208
877,-1.0458335582274552,-1.2994004033821265,-1.2518324198766044,329.83711792061956,3.8754000663757324
878,-1.0448323112559403,-1.3006257950453926,-1.2559404918169716,329.8747608626849,2.2079999446868896
879,-1.0454114218151445,-1.2959729517382381,-1.2478848021059759,329.9274526593539,1.4744999408721924
880,-1.047432312824629,-1.2939255648016086,-1.2429429998299755,329.99518498998106,5.520100116729736
881,-1.0485789534723264,-1.2887484309877402,-1.2347718450682048,330.07794715884603,4.32859992980957
882,-1.0491518360966183,-1.2844818024872848,-1.2305260681166668,330.17572609684305,2.0671000480651855
883,-1.051046934131932,-1.2813901592224386,-1.2223330354729391,330.28850636354434,4.450900077819824
884,-1.05170776343947,-1.2754028099298362,-1.2151304428547045,330.41627014963836,5.818999767303467
885,-1.0530214570960796,-1.273655288672581,-1.2119371426897743,330.5589972797422,4.650899887084961
886,-1.0549534183790286,-1.2681510128137128,-1.2010545685405738,330.71666521558745,0.4763999879360199
887,-1.0574277647055934,-1.2599642960894961,-1.187803544159311,330.88924905957936,5.215700149536133
888,-1.0591374654276935,-1.2529093582938402,-1.177632155809967,331.07672155872825,1.413699984550476
889,-1.0602075938771227,-1.247445085894009,-1.1670220892953087,331.27905310895324,3.7077999114990234
890,-1.0627965749352708,-1.2402685703507106,-1.1557655537965992,331.4962117597571,3.1858999729156494
891,-1.064309492447219,-1.2308426089050795,-1.1415114522148095,331.72816321927155,4.929999828338623
892,-1.0666718084289653,-1.2221349144509517,-1.1266328449295593,331.97487085967214,6.099100112915039
893,-1.0693512827350187,-1.214700217298305,-1.1137189518764419,332.2362957229625,4.217599868774414
894,-1.072065569585883,-1.2068678087469353,-1.0989571358160526,332.51239652712627,2.8980000019073486
895,-1.0742589463894003,-1.1943482672595531,-1.0805729898108674,332.8031296726458,0.5333999991416931
896,-1.0765053498831785,-1.1827424063247778,-1.0620160036851922,333.10844924938715,2.466900110244751
897,-1.0792472728738278,-1.1736567400836642,-1.045760598532563,333.4283070438497,0.05139999836683273
898,-1.0814334927631357,-1.1588818325126495,-1.0240952199564828,333.7626525467799,3.842900037765503
899,-1.0846676510094158,-1.1480511095972903,-1.002881221610395,334.11143296114693,6.116700172424316
900,-1.0876525822864789,-1.134202551039566,-0.9803912190008973,334.47459321048007,1.6132999658584595
901,-1.089190855659066,-1.1198295439306727,-0.9573173030092882,334.85207594756616,4.668300151824951
902,-1.0919953932260464,-1.1093196530918192,-0.9402887853198745,335.2438215635052,3.4052999019622803
903,-1.0948312079735354,-1.0920395500612354,-0.9103153454488444,335.64976819712297,0.10100000351667404
904,-1.0973190230065057,-1.0801895264885337,-0.8897542764728642,336.0698517447403,2.3736000061035156
905,-1.0994201861851496,-1.0615085883082291,-0.8629199121023028,336.5040058702951,4.5808000564575195
906,-1.1020418483592405,-1.044989410300686,-0.8325138625886421,336.95216201581826,0.482699990272522
907,-1.104394485659797,-1.029769083485449,-0.8074882301946656,337.41424941225904,2.670599937438965
908,-1.1064175503227422,-1.0101210378206031,-0.7761960214365743,337.8901950906609,3.8517000675201416
909,-1.1091561718387177,-0.9943914509689167,-0.7510231570049933,338.379923893684,5.311600208282471
910,-1.1108091542182892,-0.9754137478841101,-0.7195100005837665,338.8833584874732,6.1016998291015625
911,-1.1123525569442305,-0.9560842638572695,-0.6886849801991086,339.4004193738699,5.0040998458862305
912,-1.1143192242141424,-0.9352285801629603,-0.6542789947329644,339.9310249029664,1.5640000104904175
913,-1.1158455959368128,-0.914724671558064,-0.6203724136298594,340.4750912859987,6.036399841308594
914,-1.117057571682911,-0.8950962516517643,-0.588452760522433,341.03253260857775,4.908199787139893
915,-1.118722502514487,-0.8728765501129016,-0.5535682625817999,341.6032608442568,2.08240008354187
916,-1.1197763283904412,-0.8492400430745409,-0.5132080685603058,342.18718586843136,2.8515000343322754
917,-1.1208311779843652,-0.8294438060397614,-0.47990838114434875,342.7842154725709,5.874499797821045
918,-1.120963517187282,-0.8035919870805582,-0.4396000420664374,343.3942553787799,1.9737999439239502
919,-1.1217671197804238,-0.7831990713921246,-0.405485601028127,344.01720925468555,2.8907999992370605
920,-1.1217503040769066,-0.7570279676455646,-0.3627592509105032,344.6529787286493,1.0526000261306763
921,-1.1218924559180872,-0.7331747576346567,-0.3225229491835796,345.30146340530104,2.9235000610351562
922,-1.121194798316324,-0.7077503531760597,-0.28286198063027096,345.96256088139296,6.158100128173828
923,-1.1206651550823816,-0.6801067331283319,-0.23790588638730675,346.6361667619697,4.829400062561035
924,-1.1200892245691827,-0.6578157408506901,-0.20257582747975156,347.32217467685433,2.1547000408172607
925,-1.1190845738083297,-0.6301152125391066,-0.15718212285900937,348.02047629744436,4.530900001525879
926,-1.1177715221315419,-0.5990299938176545,-0.1082713311504454,348.73096135381905,5.558700084686279
927,-1.1159903493004377,-0.5745500168411147,-0.06992778987742054,349.4535176521518,5.679999828338623
928,-1.1138027286230723,-0.5469412956405143,-0.025455505174714257,350.1880310924271,6.152299880981445
929,-1.111236832585568,-0.5163897286153278,0.022027521270957303,350.9343856864577,3.202500104904175
930,-1.1084367777365058,-0.48634513142954133,0.07087333980537852,351.69246357620125,4.806099891662598
931,-1.1058098248801287,-0.4580253299359694,0.11392818169733061,352.4621450523713,3.6654999256134033
932,-1.1027219162881707,-0.42895390605962386,0.16118438047215014,353.24330857333996,0.7989000082015991
933,-1.0991932622958713,-0.40013091638032916,0.2046957235814938,354.03583078433195,1.3432999849319458
934,-1.0957335997680426,-0.3748067468189734,0.2457063328261247,354.839586536903,1.1187000274658203
935,-1.091003169908102,-0.3398306406913472,0.2958719150392577,355.6544489087023,5.148799896240234
936,-1.0863864013732005,-0.3092067809258251,0.34250149376573663,356.480289223515,4.968100070953369
937,-1.081529197793918,-0.27631062177525206,0.393455362816921,357.316977071582,2.083899974822998
938,-1.0765645756194282,-0.24680559836419722,0.4387652328484448,358.164380330193,1.7312999963760376
939,-1.0699048915586669,-0.21067659312627973,0.49050530332098485,359.02236518455015,0.9172000288963318
940,-1.0644735964545997,-0.18115771373215114,0.5343486841631189,359.89079614889874,1.8451999425888062
941,-1.0586167573690806,-0.15040026256450792,0.5802960421712362,0.7695360879222335,0.09929999709129333
942,-1.0507358123301067,-0.11368604431965297,0.6314172513510542,1.6584462383977652,1.448699951171875
943,-1.0441402544182392,-0.08129191313965393,0.6786903223863062,2.5573862311077917,2.849299907684326
944,-1.0373221522866019,-0.05006561332210164,0.7203627199248687,3.4662141130067283,3.1221001148223877
945,-1.030549928076135,-0.01906899876059562,0.7638037613035719,4.384786369636572,4.336100101470947
946,-1.0228781838269523,0.013375628456673144,0.8078946748848291,5.312957947789833,4.978700160980225
947,-1.014615691497818,0.0463043060700367,0.8522821226561831,6.2505822784141,3.459399938583374
948,-1.0055810699846632,0.08158257392563627,0.8979062905760272,7.197511299758517,4.090000152587891
949,-0.9974709246102792,0.11300884418408406,0.9384536730572961,8.153595480753488,2.482800006866455
950,-0.9879640665319219,0.14709768255919656,0.983080585328221,9.118683844623689,3.519200086593628
951,-0.9787520337626657,0.18143731059755144,1.0214791656345925,10.092623992728512,1.5104000568389893
952,-0.968563855024309,0.21729115450300537,1.063797751746902,11.075262128628594,1.4696999788284302
953,-0.959096382804392,0.24893936029854905,1.099531633151282,12.066443082371038,0.9437999725341797
954,-0.948613762794282,0.284326691883096,1.1407475450843896,13.06601033499296,0.599399983882904
955,-0.9382162528233369,0.3174877359095859,1.1741319577165013,14.073806043237965,2.3041000366210938
956,-0.9282898902632154,0.3493916109069465,1.206761807696496,15.089671064480989,3.8364999294281006
957,-0.9170509606608142,0.3830184542756553,1.2375968279712328,16.113444981859026,2.1668999195098877
958,-0.9057534622957096,0.4162151304707191,1.2680497371993547,17.144966129602437,4.848999977111816
959,-0.8948064793640987,0.45010053949607853,1.296205189478039,18.184071618564055,4.871099948883057
960,-0.8833334444778291,0.4820746785681846,1.3232166147065514,19.230597361941626,6.097499847412109
961,-0.8704985726439824,0.5162636587823012,1.3451184367559512,20.284378101188715,4.396399974822998
962,-0.8591418700870795,0.5482652663829094,1.370403601850504,21.34524743211049,1.0644999742507935
963,-0.847080036710556,0.5795605560700791,1.3849536507014268,22.41303783114175,2.040800094604492
964,-0.8340158455810542,0.6129924974620373,1.4044693003593667,23.487580681800573,4.2778000831604
965,-0.82161205401476,0.6445112892993274,1.4161150601447274,24.56870630131374,0.4487999975681305
966,-0.808837922341694,0.6754296956311935,1.4298806225412868,25.65624396741343,2.2964999675750732
967,-0.7947465555775669,0.7101855101810657,1.4399561916887733,26.750021945295025,1.7305999994277954
968,-0.7821886294368552,0.7390144171533007,1.4438805327719115,27.849867514736495,4.36870002746582
969,-0.7685044471460091,0.7698908757155468,1.4433456410336658,28.9556069973723,2.1939001083374023
970,-0.7547764745385762,0.8003997382345241,1.4462804377015597,30.06706578412031,1.36080002784729
971,-0.7415685779836352,0.8287165794360642,1.4411923799476551,31.184068362753507,6.220099925994873
972,-0.7270106777479756,0.8595353307931456,1.4356448613056843,32.306438345615845,5.974400043487549
973,-0.7113307751111014,0.8903385208005856,1.42555303021959,33.43399849747628,3.6217000484466553
974,-0.697181696122357,0.9183419045075988,1.4141553973544478,34.56657076351573,5.99459981918335
975,-0.6819787136728475,0.9479630278079882,1.4031888108928272,35.70397629744435,4.386000156402588
976,-0.6678529444853658,0.9733609269136471,1.3828209940787224,36.84603548974296,4.490499973297119
977,-0.6532935041337223,0.9998149206652432,1.3615452183130448,37.99256799602577,3.0302999019622803
978,-0.6363793430618271,1.0285335163941556,1.3371761584154072,39.14339276551915,2.756700038909912
979,-0.6213442182942189,1.0534626961826774,1.3124278216672693,40.2983280696514,1.444000005722046
980,-0.6053484390804901,1.0796191091635057,1.2832427805880562,41.45719153074922,3.6763999462127686
981,-0.5911365204293432,1.1018715536316244,1.2552427045762267,42.6198001508383,2.52239990234375
982,-0.5736949653183246,1.1287470169754399,1.2270813378656766,43.78597034054047,2.422800064086914
983,-0.5560104966475665,1.153785168503469,1.1855153764881388,44.95551794806346,1.901900053024292
984,-0.5404365141699315,1.1751502019929922,1.1467281265733786,46.12825828828251,3.2741000652313232
985,-0.5228854832571485,1.1988482864847512,1.1112913676082516,47.3040061719031,1.9342000484466553
986,-0.5063334885944798,1.2211567003128978,1.0702562160208466,48.48257593470484,3.8210999965667725
987,-0.48827564047436683,1.2424599815224242,1.0222513163896403,49.66378146685945,2.6939001083374023
988,-0.47262064402940623,1.2616477075214034,0.9813491939475261,50.84743624232077,1.3295999765396118
989,-0.45167152438625474,1.2862371760352267,0.9381696741589077,52.033353348278055,2.975800037384033
990,-0.43415714425531643,1.3058128962837663,0.8945848395146176,53.221345514673025,5.232600212097168
991,-0.41713299281341043,1.3229579116300734,0.8473123967474387,54.41122514377062,2.277899980545044
992,-0.39838576004574044,1.341323735875522,0.795421778167005,55.60280433978407,2.687299966812134
993,-0.3802209714430495,1.360273873852744,0.7527847006365503,56.795894938545246,4.4415998458862305
994,-0.35949440417389855,1.3790652587810854,0.7007956328390937,57.99030853721771,3.306299924850464
995,-0.3404899318723224,1.3967920079704357,0.6512909413424737,59.18585652404796,3.9231998920440674
996,-0.32058652731129794,1.4133386719393193,0.6016052885120028,60.382350108149836,3.7648000717163086
997,-0.3002245723703435,1.4292879924571107,0.5440517666767329,61.579600349316365,4.231900215148926
998,-0.27872515876099313,1.4477953677361433,0.49523972878718153,62.777418187855176,2.0731000900268555
999,-0.2586501480700556,1.4627246962897231,0.44186582755103043,63.97561447444418,3.1552000045776367
