frame,psi1,psi2,psi3,csv_gt_angle,inplane_angle_rad
0,-0.2348232398315415,1.4781800211169533,-0.3905591984703721,65.174,0.5972999930381775
1,-0.2145288150977821,1.4924304652743265,-0.337822163466455,66.3723855255557,5.399799823760986
2,-0.19280690732892983,1.5057330003986924,-0.28096831804164474,67.57058181214477,3.1321001052856445
3,-0.1687977894618695,1.5198566824906272,-0.21914353346244655,68.76839965068365,2.317699909210205
4,-0.14646014504226457,1.5338883772672331,-0.1634784099479133,69.96564989185009,6.278299808502197
5,-0.123965179916782,1.5433376524797295,-0.09763024286296436,71.16214347595204,2.6526999473571777
6,-0.09968821261434806,1.557236586097148,-0.03845988829074314,72.35769146278237,4.134300231933594
7,-0.07764387225060251,1.5677315643871386,0.020466276687039688,73.55210506145472,2.3225998878479004
8,-0.05064880177805718,1.5760966488442067,0.09748359841108126,74.74519566021581,3.8647000789642334
9,-0.027565132364592442,1.586661257780428,0.15418372324346505,75.93677485622933,2.219599962234497
10,-0.00271494687842132,1.5908841817855246,0.230276900989772,77.12665448532701,1.2000000476837158
11,0.024533053783045156,1.5964819178192131,0.30506667508981494,78.31464665172189,0.6075000166893005
12,0.04865173803285544,1.6018297730102982,0.37179699454630843,79.50056375767925,5.600800037384033
13,0.07581680431870626,1.603779572978645,0.44861305064913976,80.68421853314047,1.0867999792099
14,0.10243311689939247,1.6049212414041452,0.5231774710876139,81.86542406529516,0.35350000858306885
15,0.12795356367813315,1.6062673533917537,0.5913770719759309,83.0439938280968,4.42579984664917
16,0.15682204789593368,1.6012435675172612,0.6727498506826366,84.21974171171746,6.245699882507324
17,0.18367953532673065,1.594862513887527,0.7449890728080163,85.39248205193658,3.8466999530792236
18,0.21264397580167343,1.5897278237557804,0.8164703783899576,86.56202965945964,5.737599849700928
19,0.24180181847314408,1.5770984130647068,0.8917191826852382,87.72819984916156,1.6100000143051147
20,0.27088931398131727,1.566065238582745,0.9607792521294997,88.89080846925071,5.309500217437744
21,0.3004503279719696,1.5541110501667108,1.0243696125518456,90.04967193034861,4.5472002029418945
22,0.33125934676325114,1.5382825925458883,1.08775514015156,91.20460723448076,2.2932000160217285
23,0.3604541385111291,1.5154696157445926,1.148266013884188,92.35543200397422,1.8485000133514404
24,0.39269251066171956,1.4918755903508891,1.2091595690949446,93.5019645102571,0.9460999965667725
25,0.42171443529558333,1.4679732525571378,1.2555225952067437,94.64402370255561,2.994999885559082
26,0.45328086959953723,1.4382329211183165,1.3022481676933495,95.78142923648416,2.8680999279022217
27,0.48452815956403217,1.4059910783272214,1.3456077763826744,96.91400150252367,1.6171000003814697
28,0.5153697188570378,1.3719059786497643,1.3795397880216522,98.04156165438417,1.593500018119812
29,0.5449796238552832,1.3390744601817866,1.411517618430295,99.16393163724659,5.687600135803223
30,0.5774115316852843,1.3014532921445559,1.4400536736425036,100.28093421587968,4.448599815368652
31,0.6077499086423559,1.2616059186088586,1.463119546909606,101.39239300262761,0.08659999817609787
32,0.6371243779985072,1.221095672457865,1.4761441683201206,102.49813248526348,4.150599956512451
33,0.6671213403019962,1.1779903631128976,1.487593607716208,103.59797805470487,3.5527000427246094
34,0.6955849365058696,1.1348933795581113,1.4943975944213141,104.69175603258654,0.19689999520778656
35,0.7240725903392202,1.0925547772366495,1.4975307665757114,105.7792936986863,4.252500057220459
36,0.750707196977467,1.0510435190992387,1.4955285695877294,106.86041931819952,6.2642998695373535
37,0.7798166004996281,1.0070275840196383,1.492002924606641,107.9349621688581,1.0484000444412231
38,0.8045513310584231,0.9668315784595906,1.4833353840620112,109.00275256788944,1.3007999658584595
39,0.8325899437883112,0.9197367829382431,1.4709329342496078,110.06362189881128,2.5627999305725098
40,0.8554625222361035,0.8805119480877833,1.4595163965939282,111.1174026380583,3.963399887084961
41,0.8810328400621521,0.8398509735569997,1.4463734058786715,112.16392838143592,1.9259999990463257
42,0.9053000050595695,0.7973569614488725,1.429556896081319,113.2030338703976,2.883500099182129
43,0.9279103824974807,0.7568932995410014,1.41365090647072,114.23455501814092,0.9930999875068665
44,0.9495703206153366,0.7178412865054989,1.3943124013522918,115.25832893551889,1.4735000133514404
45,0.970761987298345,0.6778931279321757,1.376591501454922,116.27419395676199,1.5819000005722046
46,0.9903361732627063,0.6398885889987145,1.3528500048050573,117.28198966500705,2.8761000633239746
47,1.0108837838023692,0.6024533664429477,1.336648120189038,118.28155691762903,0.39480000734329224
48,1.0308931864720565,0.5608269784975664,1.3115263104402113,119.27273787137139,0.6990000009536743
49,1.0522969754441922,0.5203257439077197,1.2927424738819173,120.25537600727141,4.777200222015381
50,1.0679431723026969,0.4849645370833314,1.2660881800732042,121.2293161553763,4.546800136566162
51,1.0869784546030865,0.44316858739696147,1.240990810249214,122.1944045192464,0.5480999946594238
52,1.1024331202737838,0.40777993585999966,1.2160077824981728,123.15048870024145,3.380500078201294
53,1.1196515638662938,0.3669591863196171,1.1881600401888055,124.09741772158591,0.5407999753952026
54,1.136513510346477,0.3256079872760748,1.156376292499453,125.03504205221024,4.097599983215332
55,1.150638645103269,0.2897997337016473,1.1262618645255789,125.9632136303633,2.2151999473571777
56,1.166478618421561,0.24524600735067026,1.090453426486486,126.8817858869932,4.4618000984191895
57,1.178476046740522,0.20580245600676128,1.053340043322645,127.7906137688922,5.353300094604492
58,1.1901594171709624,0.16524610267325968,1.0161581757485931,128.6895537616023,1.9844000339508057
59,1.2051378043699168,0.12627107909770874,0.9780723895796273,129.57846391207772,0.682699978351593
60,1.2154152138137442,0.08364913664829354,0.9324873227290721,130.45720385110127,1.1146999597549438
61,1.227675197984572,0.042144686418776875,0.8900798649717823,131.3256348154498,0.7240999937057495
62,1.2380059958182423,0.0011904254870627048,0.8440958280755956,132.18361966980686,2.425299882888794
63,1.2478878222290533,-0.03584220797645652,0.7996466836565784,133.03102292841794,0.9531999826431274
64,1.2552308402276318,-0.07585580271420532,0.7500743575841428,133.867710776485,4.209700107574463
65,1.2655638352144856,-0.11969250756327783,0.6960448816735245,134.69355109129776,4.812300205230713
66,1.2726160168270622,-0.1574692713664778,0.6469808689291883,135.50841346309699,5.948500156402588
67,1.2798870529821789,-0.19574593469328747,0.5962424953393417,136.31216921566798,0.7810999751091003
68,1.2845798649418554,-0.23198015051206372,0.5447913012101258,137.10469142666,1.1633000373840332
69,1.2920163416924142,-0.2696848192434293,0.48978671684621017,137.88585494762876,2.390199899673462
70,1.2973080616006956,-0.30384006586649026,0.43543928273416044,138.6555364237987,1.0654000043869019
71,1.301090983834247,-0.3463737831542076,0.37267109210562965,139.41361431354233,0.3028999865055084
72,1.307352440442958,-0.38257269662341875,0.3123451195427227,140.15996890757293,3.0095999240875244
73,1.3111171643414077,-0.4131516646657438,0.26073788676315607,140.8944823478481,2.8236000537872314
74,1.3142735157999557,-0.4512491574201399,0.19784215339300296,141.6170386461809,5.540500164031982
75,1.3175115502084709,-0.48497285080350183,0.14041772914861153,142.32752370255562,6.249300003051758
76,1.3199437173728545,-0.5165451336496429,0.08146002528151941,143.02582532314568,4.612100124359131
77,1.3224506048445148,-0.5507410726703224,0.017959700378074584,143.71183323803024,3.9823999404907227
78,1.3234252806166042,-0.5821321535433307,-0.04157677621255157,144.38543911860705,3.861999988555908
79,1.326880101669175,-0.6137197676449623,-0.10393897295040251,145.04653659469895,5.635499954223633
80,1.326230460898791,-0.6390129047113496,-0.15403547015345723,145.6950212713507,1.5317000150680542
81,1.3283478233497907,-0.6697779197643814,-0.21789254231283992,146.3307907453144,2.9337000846862793
82,1.328635130321555,-0.6959049485413387,-0.2707963446182809,146.95374462122004,2.065000057220459
83,1.3279172003735564,-0.7239795775244093,-0.3294041159362455,147.56378452742916,1.1871999502182007
84,1.328374014347038,-0.7505048784967165,-0.38563120427033964,148.16081413156866,1.024399995803833
85,1.328727828246264,-0.7756096269274617,-0.44115852485019985,148.74473915574316,5.777500152587891
86,1.328380366395931,-0.8017008768097879,-0.4987786228842311,149.3154673914222,2.882200002670288
87,1.3277187669543027,-0.8246210345043615,-0.5497437505853419,149.8729087140013,4.368800163269043
88,1.3263038292467277,-0.8480500283931437,-0.6024506682644558,150.41697509703357,3.9869000911712646
89,1.3257546198020653,-0.8711070006378675,-0.6542569260617797,150.9475806261301,5.089600086212158
90,1.3262140805200653,-0.8893402817162205,-0.6966778736234039,151.4646415125269,0.7936999797821045
91,1.322399625692315,-0.908610696015833,-0.7395984567354673,151.968076106316,3.6273999214172363
92,1.3235846194637317,-0.9245723082621787,-0.7795333320684562,152.45780490933905,2.803800106048584
93,1.3182678668131227,-0.9428067642075019,-0.8202973577367301,152.93375058774097,2.152899980545044
94,1.3170496836894963,-0.9616890572246001,-0.864593210331898,153.39583798418175,4.09119987487793
95,1.3151262972664954,-0.9802814708777963,-0.9088306820599739,153.84399412970487,4.251800060272217
96,1.313481268728077,-0.9925334902269703,-0.9386177560260018,154.27814825525974,0.9355999827384949
97,1.3101386313039063,-1.007457931828463,-0.9719063894942274,154.69823180287702,5.906599998474121
98,1.3089722396943488,-1.0192654986004317,-1.000223963100893,155.1041784364948,5.892899990081787
99,1.3055781585669475,-1.034130636678702,-1.0349755458613037,155.4959240524338,3.03629994392395
100,1.3016713239285462,-1.0456544945173059,-1.061274502916278,155.87340678951992,4.975299835205078
101,1.3019618833946272,-1.0582163477169984,-1.0925164158943654,156.2365670388531,1.215399980545044
102,1.2972154731646213,-1.0686304231547645,-1.1176496995129126,156.5853474532201,3.293100118637085
103,1.296951887146624,-1.0732684076374015,-1.1295185576403732,156.91969295615024,6.24459981918335
104,1.2915003774890805,-1.0879140102497062,-1.162030980706397,157.23955075061284,5.892600059509277
105,1.2908676978426779,-1.0938060792670743,-1.1776069207211144,157.54487032735418,3.1851999759674072
106,1.2889508760683421,-1.1049150009539377,-1.2032785824776957,157.83560347287371,0.9157999753952026
107,1.2853971532538846,-1.1124842024975419,-1.2208149581542256,158.11170427703752,3.112799882888794
108,1.2813224854608056,-1.1203507285193837,-1.2381509931720895,158.37312914032793,2.150099992752075
109,1.2803953248466895,-1.1275159632871203,-1.2549260033275909,158.61983678072846,4.797500133514404
110,1.2777434680067192,-1.1326544730512598,-1.267568162911743,158.85178824024285,2.2304000854492188
111,1.2763330248162816,-1.1358672068240698,-1.2729765213613717,159.06894689104672,4.632699966430664
112,1.273228734337338,-1.143182397403824,-1.2906822737904473,159.27127844127176,5.851500034332275
113,1.2721112397512886,-1.1459951715566554,-1.2968411834453615,159.45875094042066,3.139899969100952
114,1.2708615504298546,-1.1492530038735884,-1.3039511826319412,159.63133478441256,3.3015999794006348
115,1.268236250770097,-1.151998156143465,-1.3080138153139185,159.78900272025783,1.1660000085830688
116,1.2676507473628098,-1.156360171492717,-1.3186029506479475,159.93172985036165,0.5002999901771545
117,1.2654376121576538,-1.1599193838737925,-1.3276265409839652,160.05949363645567,2.6047000885009766
118,1.2649981060615003,-1.1639463673285673,-1.3366748919444489,160.17227390315696,0.36419999599456787
119,1.263684774007535,-1.1648278627367268,-1.3386216233062047,160.27005284115398,2.004199981689453
120,1.264140211571639,-1.1647061202190943,-1.338921454894464,160.352815010019,0.7972000241279602
121,1.2608986917602798,-1.1678029491478807,-1.3432611420064446,160.42054734064607,3.135999917984009
122,1.2601313090250799,-1.1693899984172467,-1.3478024944616576,160.4732391373151,5.562399864196777
123,1.2615088491095092,-1.17005108158519,-1.3495544046700934,160.51088207938048,2.625200033187866
124,1.2615035363785718,-1.1700559273874445,-1.3495440843983835,160.53347022258532,3.069200038909912
125,1.2615126619844002,-1.1700462699346326,-1.3495615923502031,160.541,2.5680999755859375
126,1.2601408667691778,-1.1693141936332558,-1.3478296136986776,160.53347022258532,3.0278000831604004
127,1.2608933669366484,-1.167748423464566,-1.3433271736904315,160.51088207938048,5.994999885559082
128,1.2641251423071362,-1.1647221563519308,-1.338919478955439,160.4732391373151,4.167900085449219
129,1.26369297965566,-1.1647517942234584,-1.338700278239749,160.42054734064607,4.3480000495910645
130,1.2650014814437691,-1.163878250706587,-1.3366814178005662,160.352815010019,1.7246999740600586
131,1.2654452141435362,-1.1599641068399185,-1.3276192215985487,160.27005284115398,1.277400016784668
132,1.2676498261478943,-1.1563359567402058,-1.3186221752505178,160.17227390315696,1.649399995803833
133,1.2682678310054467,-1.1520086765226696,-1.308048928183137,160.05949363645567,2.0596001148223877
134,1.270842718427483,-1.1492501357886,-1.3040124259190726,159.93172985036165,5.2708001136779785
135,1.2721080682835642,-1.1459815808414398,-1.296946475424054,159.78900272025783,0.6686999797821045
136,1.273237068479825,-1.1431839418565042,-1.2906729474736123,159.63133478441256,2.0025999546051025
137,1.2763317281277644,-1.135871595920127,-1.273048684988668,159.45875094042066,5.77400016784668
138,1.2777443959055477,-1.1326987991857131,-1.267499731773433,159.27127844127176,5.496200084686279
139,1.2803576785382926,-1.1276030940361297,-1.254862711755369,159.06894689104675,4.503799915313721
140,1.2813034228609879,-1.1203310849085755,-1.2382096147382582,158.85178824024285,1.6567000150680542
141,1.2854084369004632,-1.1124218825354801,-1.2209772894638382,158.61983678072846,1.2344000339508057
142,1.288942037281493,-1.1049500412296316,-1.203202583913155,158.37312914032793,2.4200000762939453
143,1.290875542721629,-1.0937750385748195,-1.1776928962920103,158.11170427703752,4.616499900817871
144,1.2915284475313527,-1.087856418596013,-1.162278253025848,157.83560347287374,4.4816999435424805
145,1.2969520707257296,-1.0732771713779552,-1.1295380295940822,157.54487032735418,5.8155999183654785
146,1.2972225113070093,-1.0686059963328807,-1.117610387751508,157.23955075061284,0.7602999806404114
147,1.3019893109641276,-1.0581485731312044,-1.0927042749691485,156.91969295615027,0.3319999873638153
148,1.3016857209125374,-1.0455839406847485,-1.0613293741974519,156.5853474532201,3.517899990081787
149,1.3055658619705761,-1.0341380327310041,-1.0348443891404777,156.2365670388531,2.2121999263763428
150,1.3089783237861652,-1.019275799288566,-1.000310416824839,155.87340678951995,5.3649001121521
151,1.3101371349619548,-1.007454668522674,-0.9719153097390711,155.4959240524338,3.90939998626709
152,1.3134575217948423,-0.9925279878841133,-0.9384250860832067,155.1041784364948,2.422800064086914
153,1.315130328094214,-0.9802799398041051,-0.9089957805822583,154.69823180287702,5.903500080108643
154,1.3170258593291,-0.9617444524400501,-0.8645905478643896,154.27814825525974,6.0131001472473145
155,1.3182604304971757,-0.9427972422388058,-0.820312575357845,153.84399412970487,1.157099962234497
156,1.3235680246991828,-0.9246174167042949,-0.7795456251322322,153.39583798418175,2.8373000621795654
157,1.3223936541300398,-0.9086112277551308,-0.7396250937062558,152.93375058774097,4.423600196838379
158,1.3262295064773237,-0.8892670074746389,-0.6965810325123462,152.45780490933905,0.6044999957084656
159,1.3257448332511206,-0.8710483255402731,-0.6544590145581408,151.968076106316,5.314199924468994
160,1.3262888609809338,-0.8480618537590858,-0.6026010567808234,151.4646415125269,1.0615999698638916
161,1.327727857613256,-0.8246356178350747,-0.5495261987013896,150.94758062613013,3.19320011138916
162,1.3283774888044357,-0.8016951886496969,-0.4987992104396282,150.4169750970336,4.2932000160217285
163,1.328726982861842,-0.7756035641068285,-0.44139075451525406,149.8729087140013,5.400000095367432
164,1.3283776105268041,-0.7505349094862878,-0.3857922692960687,149.3154673914222,5.69980001449585
165,1.3278952389832166,-0.7239830908859144,-0.32935652208871496,148.74473915574316,4.76609992980957
166,1.3286494208361979,-0.6959474607119955,-0.2709457602290781,148.16081413156866,3.149899959564209
167,1.3283189004700449,-0.6697976383508344,-0.21788917090452195,147.56378452742916,3.6760001182556152
168,1.326224780038089,-0.639002611014857,-0.15400105032083675,146.95374462122004,1.5848000049591064
169,1.3268758866058035,-0.6136958936500984,-0.10406865170383636,146.33079074531437,5.14169979095459
170,1.3234270997525204,-0.5821361607402625,-0.04142330413523846,145.6950212713507,2.3361001014709473
171,1.322422326063921,-0.5507282486527403,0.017873985691303752,145.04653659469895,5.613699913024902
172,1.319946687208523,-0.5165298822647234,0.08132908397935003,144.38543911860708,1.4631999731063843
173,1.31751356560649,-0.4849695940891065,0.14039335111789814,143.71183323803027,3.9493000507354736
174,1.314280570519763,-0.4512548661216369,0.1978265453422132,143.02582532314568,0.4011000096797943
175,1.3111291822195057,-0.4131526028687015,0.26047852920681286,142.32752370255562,3.025899887084961
176,1.3073808393971542,-0.3825597961567846,0.31246241152306853,141.61703864618093,3.2274999618530273
177,1.3010627072432708,-0.3463670870862784,0.37275161979353,140.8944823478481,1.503499984741211
178,1.2973179534867103,-0.3038292111727359,0.43526391567418204,140.15996890757293,0.39250001311302185
179,1.2919896890922373,-0.26965493014252095,0.48973636835124684,139.41361431354233,3.653599977493286
180,1.2845924507256787,-0.2319796666087085,0.5446151769430023,138.6555364237987,4.606200218200684
181,1.279848699553087,-0.19573912435018245,0.5964569976956474,137.88585494762873,1.5108000040054321
182,1.2726180905628677,-0.15749176072367474,0.6471540971697959,137.10469142666005,3.9110000133514404
183,1.265558439254599,-0.11965598762659747,0.6959624901838347,136.312169215668,0.9023000001907349
184,1.2552217143597286,-0.07579602812771875,0.7502050514355106,135.50841346309699,4.77370023727417
185,1.2478821129317565,-0.035822649334176074,0.7994905059815309,134.6935510912978,1.3916000127792358
186,1.2380080015533406,0.0012426113428321054,0.8442780343692913,133.86771077648504,0.5054000020027161
187,1.2276760849216302,0.042130289365181824,0.8900494715283025,133.03102292841788,4.334400177001953
188,1.2154179966124292,0.08364982904849425,0.9324815040086829,132.18361966980686,4.757999897003174
189,1.205131880480286,0.12623432379330288,0.9779860670216559,131.32563481544977,3.252000093460083
190,1.190165470234257,0.1652583916065706,1.0161777983888418,130.45720385110124,6.021200180053711
191,1.178482623828993,0.2058592947814676,1.0533686423001216,129.57846391207778,0.9686999917030334
192,1.1664588160729177,0.2452005450603645,1.0906308491160166,128.6895537616023,3.9639999866485596
193,1.1506353996633238,0.28978901643346006,1.126252139122446,127.7906137688922,3.7204999923706055
194,1.1365033769716135,0.3256298383358852,1.1565651245822721,126.88178588699323,0.8655999898910522
195,1.1196587391824127,0.3669847044725035,1.187975172933633,125.96321363036331,0.2985000014305115
196,1.1024378365269893,0.4078016319299134,1.2159434440868797,125.03504205221026,5.858399868011475
197,1.0869911043303588,0.4431711416508871,1.2409384728457065,124.09741772158596,0.620199978351593
198,1.0679309973852793,0.4849015785292596,1.2662495277293588,123.15048870024143,4.832900047302246
199,1.0522839070631365,0.520265446614215,1.2928438306526402,122.1944045192464,3.430500030517578
200,1.0309335765163368,0.5608874382923593,1.3114859969243176,121.2293161553763,4.274899959564209
201,1.010873176729695,0.6024542385691012,1.3367643848080566,120.25537600727141,1.1921000480651855
202,0.9903164725304152,0.6398674979847583,1.352802550517124,119.27273787137139,0.04349999874830246
203,0.9707734578086069,0.6779421034046271,1.3768006174845568,118.28155691762905,2.38319993019104
204,0.949574003486339,0.7178401354516205,1.394287766161985,117.28198966500706,4.082300186157227
205,0.927894605329691,0.7569491245910303,1.4138752952696154,116.27419395676199,0.7160999774932861
206,0.9052699668682613,0.7973931674447339,1.4296707049362136,115.25832893551893,5.642899990081787
207,0.8810342470632889,0.8398506071078882,1.4463365806224353,114.23455501814095,3.3966000080108643
208,0.855462693702566,0.8805195976291076,1.4595081933905087,113.20303387039759,1.8716000318527222
209,0.8325875271747533,0.9197333421114857,1.4709590404162052,112.16392838143594,4.594799995422363
210,0.8045669029950026,0.9669149261255551,1.4832587441617255,111.11740263805828,4.711900234222412
211,0.7798337837857446,1.0071159266465133,1.4919871123718809,110.06362189881126,0.6876000165939331
212,0.7507072634792684,1.0510429414158342,1.4955251355337402,109.00275256788944,0.967199981212616
213,0.7240871993679785,1.0925860644635634,1.4976942302281246,107.93496216885812,5.869800090789795
214,0.6955639531242365,1.1348815389239524,1.494311500420303,106.86041931819952,3.6784000396728516
215,0.667144770477445,1.1779965468928495,1.487697434194435,105.77929369868632,2.882699966430664
216,0.6371299345474137,1.2211155710907522,1.476207868299134,104.69175603258655,4.125899791717529
217,0.6077532682187139,1.2615701564165764,1.4630360480300875,103.59797805470488,5.371799945831299
218,0.5774093417185622,1.3014997860058317,1.4401887330845622,102.49813248526354,4.266900062561035
219,0.5449876388524733,1.3390350916700657,1.41134672432532,101.39239300262761,4.265900135040283
220,0.5153560312775171,1.3719090376814718,1.3795249199768012,100.28093421587967,5.101099967956543
221,0.4844976658139793,1.4060003095853564,1.3456253024287999,99.1639316372466,5.150199890136719
222,0.4533002835856793,1.438238892141142,1.3023194798295779,98.04156165438417,6.012599945068359
223,0.42173656827386,1.4679632243717844,1.255351600910147,96.91400150252366,4.135900020599365
224,0.3926919329773534,1.4918746666383538,1.2091595601052485,95.78142923648417,4.15310001373291
225,0.36047264471069246,1.5154378553788619,1.148237131073052,94.64402370255563,4.142300128936768
226,0.3312586906012022,1.538260711691885,1.0876968024160838,93.5019645102571,0.03590000048279762
227,0.3004525331426512,1.5540713876755121,1.0243744718963705,92.35543200397424,2.065000057220459
228,0.27088846479469436,1.56606113296755,0.9607741825319552,91.20460723448079,4.592599868774414
229,0.2418007682955855,1.5771140748736343,0.891824083972903,90.04967193034862,5.0524001121521
230,0.21262501570478098,1.5896803444713166,0.8163811811878562,88.89080846925071,1.6684999465942383
231,0.18365246631841003,1.5948369679004477,0.7449200107843628,87.72819984916156,3.8912999629974365
232,0.15680985524069235,1.6012707930185717,0.6724583415999968,86.56202965945963,2.6586999893188477
233,0.12794852074044075,1.60626489932906,0.5913180150549073,85.39248205193661,1.7726000547409058
234,0.10240875035185076,1.6049476573051888,0.5226970174345047,84.21974171171746,4.55620002746582
235,0.07581055798874799,1.6037551430988533,0.44886013297098953,83.0439938280968,2.89490008354187
236,0.04864548657612771,1.6018307366263964,0.37150061792969613,81.86542406529519,1.9127000570297241
237,0.024518961404829214,1.5964230334918472,0.30464332393521687,80.6842185331405,2.246799945831299
238,-0.00270591359414332,1.5909209657113006,0.23048684205285289,79.50056375767926,0.6226999759674072
239,-0.027556776625439643,1.5866693912392629,0.15422739044455164,78.31464665172193,4.917200088500977
240,-0.0506190829034169,1.5761080409375312,0.09750082435021125,77.12665448532704,4.685699939727783
241,-0.07761818410695825,1.567770782410055,0.020543768705591558,75.9367748562293,5.384799957275391
242,-0.09968918493875005,1.557235584795179,-0.038463612497449624,74.74519566021583,3.7228000164031982
243,-0.12397470709881865,1.5433227774717189,-0.09764701270569524,73.55210506145472,1.1878999471664429
244,-0.14646039350743276,1.533889969181768,-0.1634871290007782,72.35769146278236,1.368299961090088
245,-0.1688210694556471,1.5198770936725483,-0.21928483253754735,71.16214347595205,3.022200107574463
246,-0.19277597727799392,1.5057301203729823,-0.2809646909518768,69.9656498918501,1.1055999994277954
247,-0.2145272572989842,1.492431266042645,-0.33806713126463245,68.76839965068365,5.384399890899658
248,-0.234843645969646,1.4781584407126458,-0.3907422187715794,67.57058181214481,1.7275999784469604
249,-0.25739445776107717,1.4614147638457282,-0.4442228676981844,66.37238552555571,0.6820999979972839
250,-0.27736497908703506,1.4464822187006592,-0.49743687307816187,65.17400000000002,4.352799892425537
251,-0.29876689594664557,1.427980067886951,-0.546354019983307,63.97561447444432,1.1993000507354736
252,-0.319073208997902,1.411948552700831,-0.6040415190344921,62.77741818785523,0.5914000272750854
253,-0.33885302303022163,1.395418421909999,-0.6536523220756805,61.57960034931634,1.080299973487854
254,-0.3577882074385504,1.3776731554565034,-0.7030385750835799,60.382350108149936,0.23340000212192535
255,-0.37844183574398416,1.358855999986619,-0.7545554919143532,59.18585652404798,1.4706000089645386
256,-0.39652068790322736,1.3399039569433089,-0.7973316799238245,57.99030853721764,1.8514000177383423
257,-0.41517302868271,1.3215234268062082,-0.8489942517045065,56.79589493854531,1.03410005569458
258,-0.43213169447268,1.3043688775144573,-0.8959090648940846,55.602804339784214,6.276800155639648
259,-0.4495901125702714,1.2847973049271744,-0.9391306051396942,54.41122514377068,1.1857999563217163
260,-0.4704350219928025,1.260169136700091,-0.9825207697615783,53.22134551467304,3.2147998809814453
261,-0.48602950721106564,1.2409855263211853,-1.0231529115056819,52.033353348278155,0.9878000020980835
262,-0.5040254410425848,1.219624361292012,-1.0703834831617172,50.84743624232074,3.6070001125335693
263,-0.5205083399580125,1.1973094415224652,-1.11108643912967,49.66378146685955,3.228600025177002
264,-0.5379890686562063,1.1736279776510017,-1.1465787494212076,48.482575934704855,4.7519001960754395
265,-0.5535182540386369,1.1522173940806704,-1.1847417930027484,47.3040061719032,3.9702000617980957
266,-0.5711434551085252,1.1271765959358178,-1.2259598678896726,46.12825828828257,3.1624999046325684
267,-0.5885321211213245,1.1002886935323866,-1.2540172515061339,44.95551794806343,2.915299892425537
268,-0.6026732973559457,1.0779956687403427,-1.2814150866728498,43.78597034054037,4.305699825286865
269,-0.6186281879783976,1.0518219236450312,-1.3102141635789573,42.619800150838486,4.670199871063232
270,-0.6336207282081756,1.0268811810486789,-1.3349068997922684,41.45719153074932,4.740499973297119
271,-0.6504838753535838,0.9981420092605433,-1.3592895120524207,40.29832806965142,1.728700041770935
272,-0.6650052339440932,0.9716593091833841,-1.380214672312393,39.14339276551925,1.503499984741211
273,-0.679079859627114,0.9462416307792376,-1.3998090912401204,37.992567996025784,4.138299942016602
274,-0.6942407595338788,0.9166024992896876,-1.410678219085795,36.8460354897429,4.702400207519531
275,-0.7083530760221173,0.8885861405731293,-1.4220881125254103,35.703976297444406,5.658999919891357
276,-0.7240007091338381,0.8577400802348619,-1.431904730666434,34.566570763515855,2.2697999477386475
277,-0.7385307273261836,0.8268593790152361,-1.4373455035604181,33.43399849747633,0.5160999894142151
278,-0.7516695591920486,0.7986202426386533,-1.4421908453339871,32.30643834561586,1.2599999904632568
279,-0.7654047890744686,0.7680184812967594,-1.4394136624500777,31.184068362753436,3.5095999240875244
280,-0.7790882364852,0.7371025321411175,-1.4399774001620678,30.067065784120324,4.396699905395508
281,-0.7915861014823425,0.7083398264934561,-1.4359782943514654,28.955606997372435,1.215000033378601
282,-0.8056262311398726,0.6735353142277589,-1.4256457895753076,27.849867514736545,0.34470000863075256
283,-0.8184351529177721,0.6425567069481657,-1.4121604481706735,26.750021945295117,4.2758002281188965
284,-0.830815762283392,0.6109557341664414,-1.4005727298655328,25.65624396741348,2.382499933242798
285,-0.8438385811481675,0.5775227581833466,-1.3811926742013307,24.568706301313718,5.00029993057251
286,-0.8558562645780079,0.546283891301965,-1.3664393919373967,23.487580681800473,5.110799789428711
287,-0.867211786229887,0.5142910098016726,-1.3415226667065148,22.413037831141914,4.472499847412109
288,-0.8800744424477379,0.47998156087167315,-1.319820061210349,21.345247432110583,4.916500091552734
289,-0.8915115482414517,0.44803539383091673,-1.2928039943616207,20.284378101188736,0.12790000438690186
290,-0.9024616952325828,0.4141254086440499,-1.2646925142530565,19.230597361941754,5.643400192260742
291,-0.9137557812126882,0.38091631700156786,-1.2344626205704625,18.184071618564097,4.565400123596191
292,-0.9249995729799256,0.3472741045974642,-1.2037595325681907,17.144966129602402,4.554900169372559
293,-0.9349235450438038,0.3153310949043105,-1.171341330886063,16.11344498185911,3.2551000118255615
294,-0.9453263932790221,0.2821441445965634,-1.1381091126534908,15.089671064481102,0.6233000159263611
295,-0.95579378827756,0.24674783567404313,-1.0971661853083345,14.073806043238022,2.181999921798706
296,-0.9653147858546136,0.21505286474887003,-1.0616256617223014,13.066010334992974,1.121000051498413
297,-0.9755028342422907,0.17916252397598442,-1.0194416867330158,12.06644308237098,3.7404000759124756
298,-0.9847290901596777,0.14484526730618968,-0.9813832897699344,11.075262128628616,3.3513998985290527
299,-0.9942146254848722,0.11076556317877233,-0.9371804577605392,10.092623992728626,1.6088999509811401
300,-1.002409662920449,0.07929865310872274,-0.8964352115988894,9.118683844623732,5.133299827575684
301,-1.0115027744773366,0.04386566445641792,-0.8507902223897632,8.153595480753609,0.3206999897956848
302,-1.0197591377657815,0.010976227364012308,-0.8068398881372054,7.197511299758602,2.6700000762939453
303,-1.0274605748551635,-0.021595975904788543,-0.7628938311946162,6.2505822784141145,2.968100070953369
304,-1.034287717422784,-0.05242304735380193,-0.7196133685347537,5.3129579477897835,4.380000114440918
305,-1.041138053154909,-0.08358400316097726,-0.6782678344033294,4.384786369636721,0.17170000076293945
306,-1.0477728116959393,-0.11626353179679264,-0.63082122332097,3.4662141130068065,0.19169999659061432
307,-1.0557057745190315,-0.15292293852403335,-0.5799346442495275,2.557386231107799,3.728100061416626
308,-1.0616177054618885,-0.18375316946597425,-0.5339619492645755,1.6584462383977439,1.648300051689148
309,-1.0670857854426732,-0.21320159798599866,-0.4904614128645277,0.7695360879222761,0.361299991607666
310,-1.073813017639104,-0.24935217050022287,-0.43881469441524323,359.89079614889874,1.0022000074386597
311,-1.0788366861389052,-0.2789587319488524,-0.39356110257966936,359.02236518455027,2.2492001056671143
312,-1.0837277358636115,-0.31179435802849703,-0.34272109729931477,358.1643803301932,0.6187000274658203
313,-1.0884451680296832,-0.34243354019637456,-0.2962112224073323,357.3169770715821,5.183599948883057
314,-1.0932273214243091,-0.3774554321414969,-0.24589218867807947,356.480289223515,1.5443999767303467
315,-1.096745341200598,-0.4027198382310802,-0.20498037130876717,355.65444890870225,2.539099931716919
316,-1.1003513470766286,-0.4315379723528859,-0.16165733684231484,354.839586536903,2.800299882888794
317,-1.1035027981020806,-0.4605934108367094,-0.11447758671408867,354.035830784332,4.451600074768066
318,-1.1062036585104877,-0.4889400983284477,-0.07122275457232209,353.24330857334,3.781599998474121
319,-1.109082805857275,-0.5189430724233227,-0.022976009244719903,352.4621450523713,3.1705000400543213
320,-1.111731333359883,-0.5495599821276608,0.02487640276605735,351.6924635762013,3.1619999408721924
321,-1.1139869017522628,-0.577170066495032,0.06919580597667803,350.93438568645774,3.213099956512451
322,-1.1158403709440383,-0.6015935820762519,0.10767831779234656,350.1880310924271,4.838099956512451
323,-1.1172548795451607,-0.6327091900910149,0.15649760153161557,349.4535176521519,2.2146999835968018
324,-1.118336505327649,-0.6603236461131482,0.20181755703686938,348.7309613538191,5.389999866485596
325,-1.118978634530145,-0.682592861101764,0.23726162178325605,348.0204762974444,4.356900215148926
326,-1.1196007251283406,-0.7102171820451506,0.28221167906133415,347.32217467685433,4.493000030517578
327,-1.1203864894419868,-0.735614856713587,0.3217286380569248,346.6361667619698,2.0153000354766846
328,-1.1203214979324507,-0.7594147747812603,0.36240529947491684,345.96256088139296,5.222499847412109
329,-1.1204057014519713,-0.7855960769142997,0.404772581045237,345.3014634053011,1.5430999994277954
330,-1.1196828861163428,-0.8059376472656753,0.4388516589634728,344.6529787286494,3.637500047683716
331,-1.1196437961175045,-0.83175032168056,0.47930204828196327,344.01720925468567,3.1040000915527344
332,-1.118674249188355,-0.8515603065140402,0.512612944050319,343.3942553787799,2.1445000171661377
333,-1.1177123730301373,-0.8751092279439481,0.5529670412463525,342.7842154725709,3.197700023651123
334,-1.1161067279115406,-0.8972528877929993,0.587666536741022,342.18718586843136,0.33709999918937683
335,-1.1149612006018972,-0.9168282657722201,0.619495221102959,341.60326084425685,3.666800022125244
336,-1.1135262962755021,-0.9373313383019923,0.6537257584511169,341.0325326085778,2.1696999073028564
337,-1.111638966740703,-0.9580953424577576,0.6879546996826998,340.4750912859987,2.7720000743865967
338,-1.110186509722445,-0.9773451245373456,0.7187567154538902,339.93102490296644,2.0434999465942383
339,-1.1085988014983204,-0.9963110596662503,0.7503381517455974,339.4004193738699,5.901599884033203
340,-1.1059238347956462,-1.011966445107118,0.7754845762895729,338.8833584874731,3.4660000801086426
341,-1.103982451375276,-1.0315510599169355,0.806774782807949,338.379923893684,5.944499969482422
342,-1.1017231165641104,-1.046679237708187,0.8317766810442566,337.890195090661,2.5755999088287354
343,-1.0991463940703727,-1.0631896918858459,0.8620866294548296,337.41424941225904,5.885900020599365
344,-1.0971233312746822,-1.0818150329690077,0.8890514321962207,336.95216201581826,1.9753999710083008
345,-1.0946704822881017,-1.093582999868293,0.9094438608423908,336.50400587029515,3.751699924468994
346,-1.0919040488213152,-1.1108479464467151,0.9393747042908436,336.0698517447403,3.374799966812134
347,-1.089167170586948,-1.121255124205197,0.9564198971553818,335.64976819712297,4.191699981689453
348,-1.0876541957828902,-1.1356366623323308,0.9794758151772271,335.2438215635052,1.2825000286102295
349,-1.0847622974823232,-1.14933813185858,1.0017533001611478,334.8520759475662,3.0288000106811523
350,-1.081563429218669,-1.1601729628032458,1.0230034063828266,334.47459321048007,3.878999948501587
351,-1.079452250689416,-1.1748642980366206,1.044740121184206,334.1114329611469,5.469799995422363
352,-1.0767335459517997,-1.1838885237940715,1.0606542165179833,333.7626525467799,3.949199914932251
353,-1.0745527477973766,-1.1954379988963533,1.0794957528730194,333.4283070438497,4.430200099945068
354,-1.0724150836532225,-1.207942073067865,1.098168874182197,333.10844924938715,5.531799793243408
355,-1.0697199333503176,-1.21566811515359,1.112245043686852,332.80312967264587,1.777899980545044
356,-1.0670888910455918,-1.22309230895618,1.125241328660358,332.51239652712627,0.2632000148296356
357,-1.064762039168295,-1.2317500214822272,1.140197170234845,332.2362957229625,4.018199920654297
358,-1.0632915925293127,-1.2411172723938295,1.154450716540558,331.97487085967214,0.006500000134110451
359,-1.0607315423458508,-1.2482401079574035,1.1655358635230815,331.72816321927155,1.5098999738693237
360,-1.0596822702000215,-1.2537191248606474,1.1761784422181785,331.49621175975716,6.207600116729736
361,-1.058006669330531,-1.2607049966657802,1.1864956543766112,331.2790531089533,2.40339994430542
362,-1.055576561415878,-1.2688434283661396,1.1995943473562023,331.07672155872825,3.6182000637054443
363,-1.0536723535419934,-1.2742899927811153,1.2103982379586697,330.88924905957936,3.0165998935699463
364,-1.0523651588388867,-1.2760189386317056,1.213534131832147,330.71666521558745,6.2093000411987305
365,-1.0517284870032453,-1.2820036847502583,1.2208916110532404,330.5589972797422,5.604100227355957
366,-1.0498482071838235,-1.2850680885753694,1.2288624541729452,330.41627014963836,1.7870999574661255
367,-1.0492960871889279,-1.2892994454532238,1.2331467346605676,330.28850636354434,0.16459999978542328
368,-1.0481797500036816,-1.2944545495704285,1.2413263917089656,330.17572609684305,5.1691999435424805
369,-1.0461500540926072,-1.2965205117214533,1.246378222315181,330.07794715884603,3.924299955368042
370,-1.045618173011508,-1.301081301400582,1.2540923940074116,329.995184989981,1.0788999795913696
371,-1.0465709798574043,-1.299926768076924,1.2502930034719677,329.92745265935395,1.6359000205993652
372,-1.04524209690273,-1.3013194993533814,1.254825897766174,329.8747608626849,5.138500213623047
373,-1.0452155768299234,-1.3013413133916398,1.2549257886364584,329.83711792061956,5.420400142669678
374,-1.0452219962712423,-1.3013455970015089,1.2549298050221749,329.8145297774147,6.185699939727783
375,-1.0452142449024087,-1.3013628759921951,1.2549822810758544,329.807,5.171599864959717
376,-1.045229563488984,-1.3013115708104415,1.25478294466025,329.8145297774147,2.218600034713745
377,-1.0465789875660614,-1.2998938299602698,1.2501103637507953,329.83711792061956,1.7222000360488892
378,-1.045623074979258,-1.301091833990667,1.2541141716591608,329.8747608626849,4.663700103759766
379,-1.0461573595111258,-1.2964897291438213,1.246258877283565,329.9274526593539,4.917600154876709
380,-1.0481620570249215,-1.294458801150841,1.2413379322927327,329.995184989981,3.456899881362915
381,-1.0493027708692866,-1.289287291741176,1.2330625669232709,330.07794715884603,4.548299789428711
382,-1.0498350781859858,-1.2851123843871954,1.2290001258342345,330.17572609684305,4.471099853515625
383,-1.051747056455948,-1.2819689489257893,1.2207248608331882,330.28850636354434,6.167399883270264
384,-1.052362131768879,-1.2760329844247131,1.2136323325773597,330.41627014963836,0.6176999807357788
385,-1.0536679895514065,-1.274313882270945,1.21045622323723,330.5589972797422,1.2609000205993652
386,-1.0555785462421552,-1.2688263084328006,1.1995412138809238,330.71666521558745,5.591100215911865
387,-1.0580072290881013,-1.2607127389186683,1.1865176375856277,330.88924905957936,1.423699975013733
388,-1.0596880045118706,-1.25369105321788,1.17605857088789,331.07672155872825,5.258500099182129
389,-1.060730011864565,-1.248245484354582,1.1655383937131967,331.2790531089533,0.6830000281333923
390,-1.0632878572985522,-1.241126073812502,1.154451648334649,331.49621175975716,4.815999984741211
391,-1.0647642256399563,-1.23175564152739,1.14005544367834,331.72816321927155,2.292099952697754
392,-1.067087879393935,-1.2230845741625305,1.1253621341467799,331.9748708596721,0.18400000035762787
393,-1.0697287777831652,-1.2156978839565897,1.1125133652692656,332.2362957229625,2.022200107574463
394,-1.0724064897736756,-1.2079203819513677,1.0979877748088505,332.51239652712627,3.3738999366760254
395,-1.0745556052232152,-1.1954052084924716,1.0791412178159225,332.8031296726458,6.181600093841553
396,-1.0767199864525903,-1.1839175495908858,1.0608157540086178,333.10844924938715,0.349700003862381
397,-1.0794299732096284,-1.1748813129231181,1.0446847392502592,333.4283070438497,5.6118998527526855
398,-1.0815837239948203,-1.1601149249007343,1.0229047255450783,333.7626525467799,4.340400218963623
399,-1.0847438583631983,-1.1493798428606148,1.0018163008221788,334.1114329611469,2.8777999877929688
400,-1.0876503168779679,-1.1356405421117357,0.979539470195065,334.47459321048007,2.637500047683716
401,-1.089136990685195,-1.1213041001996698,0.95651586771266,334.8520759475662,2.5601000785827637
402,-1.0919034670868124,-1.1108603430633148,0.9394114856864363,335.2438215635052,5.9868998527526855
403,-1.0946723337360935,-1.093597906432059,0.909494511137876,335.64976819712297,3.1519999504089355
404,-1.0971068720617487,-1.081812201265359,0.8889995900267587,336.0698517447403,4.190999984741211
405,-1.0991644233175977,-1.0631693681935057,0.862077331165947,336.50400587029515,2.8238000869750977
406,-1.1016931159588015,-1.0467074420283413,0.8317181019157123,336.9521620158182,0.2619999945163727
407,-1.1039784496296325,-1.0315782897171026,0.8069183713099882,337.4142494122591,6.172299861907959
408,-1.105938411638426,-1.0119568553931135,0.7754752594059527,337.89019509066094,5.395500183105469
409,-1.1085984985778505,-0.9963025319765144,0.7503118856573098,338.379923893684,5.378499984741211
410,-1.1101896456073435,-0.9773094021970766,0.7186111384297855,338.8833584874731,5.1234002113342285
411,-1.1116501551675566,-0.958057114981592,0.6878241571402853,339.4004193738699,1.142199993133545
412,-1.1135452588353438,-0.9373245369098235,0.653719107209443,339.9310249029664,0.8827999830245972
413,-1.1149733272889752,-0.9168365731118955,0.6196559856318926,340.4750912859987,2.8452000617980957
414,-1.1161056389941972,-0.8972505090549491,0.5876489562694179,341.0325326085778,6.004300117492676
415,-1.1176925860148683,-0.875084289765901,0.5528062319201847,341.60326084425685,1.8187999725341797
416,-1.118682171311577,-0.8515467412502036,0.5126131911708365,342.18718586843136,6.088500022888184
417,-1.119653921305913,-0.8317428334693978,0.47920009297512567,342.78421547257085,5.631100177764893
418,-1.1197035623995244,-0.8058768172998293,0.43868212503753334,343.39425537878,0.9236000180244446
419,-1.1204247103865275,-0.7855709971584528,0.4048174498463424,344.0172092546856,1.301300048828125
420,-1.1203271901209249,-0.7594242676728913,0.3620328962451972,344.6529787286494,0.7856000065803528
421,-1.1203883683938796,-0.7356091293233789,0.32172215152765815,345.30146340530104,4.700799942016602
422,-1.1195859928048164,-0.7102057457053405,0.28204770632056686,345.96256088139296,2.0264999866485596
423,-1.1189894936390319,-0.6826025507425556,0.2372642472705246,346.6361667619698,0.3255999982357025
424,-1.118333244135984,-0.6603515684149375,0.20172941528017252,347.3221746768543,4.272500038146973
425,-1.1172473729283299,-0.6326968797737228,0.1566805972426103,348.02047629744436,3.884999990463257
426,-1.1158412975886949,-0.6015968698304219,0.10769829336343045,348.7309613538191,5.070199966430664
427,-1.113989506698147,-0.5771187437079051,0.06915574803487826,349.4535176521519,3.64739990234375
428,-1.1117329783663454,-0.5495151018377507,0.02476832768249313,350.1880310924271,4.259500026702881
429,-1.1090739013439326,-0.5189520400550248,-0.022916674631742375,350.9343856864577,6.021399974822998
430,-1.106203429284853,-0.48894575493121756,-0.07133056035909684,351.69246357620125,0.24150000512599945
431,-1.1035045009409965,-0.4606320721897576,-0.1141081489857235,352.4621450523713,1.8559999465942383
432,-1.10034676740063,-0.4315679816385682,-0.16160744912651345,353.24330857333996,4.951499938964844
433,-1.0967511893243291,-0.4026430887322667,-0.20509417170427072,354.035830784332,4.795100212097168
434,-1.093235334195127,-0.3774991666844181,-0.24601985537123203,354.839586536903,0.3312999904155731
435,-1.08844576691896,-0.3423394370917365,-0.29619776171474654,355.65444890870225,5.603300094604492
436,-1.083740446704096,-0.311705719945662,-0.34278133170786823,356.48028922351494,5.722899913787842
437,-1.0788469209789924,-0.2789696576403102,-0.39349907070934753,357.3169770715821,0.2329999953508377
438,-1.073804066090908,-0.24931489751591202,-0.4388655332035786,358.1643803301932,4.083099842071533
439,-1.0670751810708725,-0.213194628199013,-0.4905787070979873,359.0223651845502,4.091800212860107
440,-1.061597903037306,-0.18366076349581348,-0.5342292109899986,359.8907961488988,1.4703999757766724
441,-1.0556899587117525,-0.15291328427582115,-0.5799755208719446,0.7695360879222477,2.7720999717712402
442,-1.0477686158885389,-0.11612064219910766,-0.6310119977851079,1.6584462383977154,3.4291999340057373
443,-1.041135693833104,-0.08373803116292308,-0.6780587218213082,2.557386231107799,5.283899784088135
444,-1.0342793956878078,-0.05240202310636477,-0.719691385510188,3.4662141130068065,4.61899995803833
445,-1.027455993564031,-0.021510860755624896,-0.7629115411053075,4.384786369636657,4.963200092315674
446,-1.0197246462601537,0.011066051442360194,-0.8072473181741924,5.312957947789791,5.10260009765625
447,-1.011471200593856,0.04395623441769919,-0.8510719704873347,6.250582278414051,1.0354000329971313
448,-1.002437874301441,0.07923035009689765,-0.8960941830637059,7.197511299758538,4.760499954223633
449,-0.9942468005005264,0.1107630933755271,-0.9369064810303073,8.153595480753651,4.770899772644043
450,-0.9847264058933715,0.14485476449386467,-0.9814333645429707,9.118683844623696,1.4950000047683716
451,-0.9755004234443478,0.17916629443872245,-1.0195008552269165,10.092623992728598,0.7408000230789185
452,-0.965270580847932,0.2151191998539445,-1.0617827217656686,11.075262128628616,0.11680000275373459
453,-0.9558370901328828,0.24669766051289235,-1.0971022289652204,12.06644308237098,4.623899936676025
454,-0.9453219273346468,0.2821333714813908,-1.1381171626068975,13.06601033499291,2.8338000774383545
455,-0.9348899720320556,0.31532119837850675,-1.1713440214832718,14.073806043238065,1.5312999486923218
456,-0.9249698036920077,0.3472941110843369,-1.2035359840132884,15.089671064481074,2.9626998901367188
457,-0.9137478468993893,0.38095141424162476,-1.234099535315459,16.113444981859047,5.665599822998047
458,-0.9024562818572216,0.4141343778309289,-1.2647077349133378,17.14496612960238,2.11680006980896
459,-0.8915129128887717,0.44802385774553893,-1.2928094237492724,18.18407161856407,0.09679999947547913
460,-0.8800474678220513,0.4800367459710582,-1.319784425202794,19.23059736194172,1.9263999462127686
461,-0.8671909748111737,0.5143288189017161,-1.3414533220474238,20.284378101188736,0.8152999877929688
462,-0.855862260897419,0.5462489617511876,-1.366698893568984,21.34524743211059,5.02839994430542
463,-0.8438046833459295,0.5776069233756927,-1.380973811754596,22.41303783114185,0.12460000067949295
464,-0.830814152293037,0.6110204538191754,-1.4004786537123144,23.487580681800523,6.022600173950195
465,-0.818396047430633,0.6425936800513565,-1.4120809857088472,24.56870630131369,4.410699844360352
466,-0.8056079909701549,0.6736016395871173,-1.4257812368361507,25.656243967413452,1.0092999935150146
467,-0.7915632339362006,0.7083710456175843,-1.43600666293544,26.750021945295117,1.200600028038025
468,-0.7790597897088024,0.7371780318775609,-1.4399753041758625,27.849867514736516,5.742199897766113
469,-0.7654091159156181,0.7679800421673557,-1.4392551162599752,28.95560699737232,4.5954999923706055
470,-0.7516998724723123,0.7985559494140642,-1.442262671219113,30.06706578412033,4.6890997886657715
471,-0.7385306790697723,0.8268561197767198,-1.4372175442235087,31.18406836275345,2.667799949645996
472,-0.7240064631006943,0.8577431022087394,-1.4321925084313492,32.30643834561579,5.33459997177124
473,-0.7083663391882464,0.8885654887598492,-1.4223175449111698,33.43399849747638,1.4668999910354614
474,-0.6942425763233595,0.916607280697315,-1.4108989565667347,34.56657076351583,2.5857999324798584
475,-0.6790792513667082,0.9462456256550725,-1.3999465103797375,35.70397629744438,3.5552000999450684
476,-0.6649963438310633,0.971674319493376,-1.3801877232316824,36.8460354897429,2.6545000076293945
477,-0.6504794691771758,0.998134697232075,-1.3590023839096543,37.992567996025784,1.9714000225067139
478,-0.633603776432296,1.0268791559306911,-1.334755464886835,39.14339276551918,2.3859000205993652
479,-0.6186314951063066,1.051821291689138,-1.3103874325193323,40.29832806965142,0.24809999763965607
480,-0.6026743071824129,1.0780018795291388,-1.281361810181383,41.45719153074924,2.0655999183654785
481,-0.588517725976739,1.1002745378975851,-1.2537346971474028,42.61980015083841,3.414599895477295
482,-0.5711147878565402,1.1271683420542125,-1.2258217958236677,43.785970340540416,4.469399929046631
483,-0.5535334036953009,1.1522064065507336,-1.1846986710338545,44.955517948063395,2.4249000549316406
484,-0.5380003298450192,1.1735956878210985,-1.1463740810671283,46.12825828828254,0.8661999702453613
485,-0.520527045178807,1.1973050146584416,-1.1110913007936651,47.3040061719032,0.22689999639987946
486,-0.5040256485832524,1.219641996746925,-1.0704492667088832,48.482575934704855,1.9074000120162964
487,-0.4860162503205996,1.2409636787023073,-1.0230939376962846,49.663781466859476,3.4351999759674072
488,-0.4704363395861256,1.260146768593002,-0.9823865958062816,50.847436242320796,2.573199987411499
489,-0.4495896571172335,1.2847946229984804,-0.9392157981036712,52.03335334827808,2.775099992752075
490,-0.4321331349964215,1.3043705835935517,-0.8959249031980044,53.22134551467296,3.4932000637054443
491,-0.41518964411594667,1.321536168302542,-0.8487957565449353,54.411225143770736,2.0004000663757324
492,-0.39652844802637416,1.339907070744495,-0.7972011676774408,55.60280433978418,4.406599998474121
493,-0.37843590418788337,1.3588524991000799,-0.7546656835599461,56.795894938545274,0.5960999727249146
494,-0.35778949186045544,1.3776716515727045,-0.7029914649409974,57.99030853721764,3.1512999534606934
495,-0.33886729400836735,1.3954122357734084,-0.653622208682512,59.18585652404799,3.467600107192993
496,-0.31907604594429867,1.4119572383386272,-0.6039503359198851,60.38235010814986,2.1240999698638916
497,-0.2987646301874889,1.4279836517568611,-0.5463590064470534,61.579600349316394,4.411300182342529
498,-0.2773552744311991,1.4465060950801059,-0.49749396293134573,62.7774181878552,1.1023999452590942
499,-0.257370003053771,1.4614323519070682,-0.44420217078932517,63.975614474444285,1.3206000328063965
500,-0.2348094297393787,1.4782049714579089,-0.3906532031052758,65.17399999999998,5.996399879455566
501,-0.2145372263291547,1.4924281881404495,-0.33804278954602124,66.37238552555569,1.2585999965667725
502,-0.19280239695844148,1.5057297051152565,-0.2809555191145552,67.57058181214477,3.933199882507324
503,-0.16879826263868028,1.5198263345467113,-0.21908042941887984,68.76839965068366,4.515999794006348
504,-0.14646277814174047,1.533893993652375,-0.16348123455043792,69.9656498918501,3.9681999683380127
505,-0.12396322357554967,1.5433400944365407,-0.09759404878657132,71.16214347595198,6.131100177764893
506,-0.09968063389601464,1.5572602004868603,-0.038450953622121115,72.3576914627824,1.7555999755859375
507,-0.07762329899565733,1.5677403633234508,0.02051749951646107,73.5521050614547,5.143199920654297
508,-0.05061839539836865,1.5761069362347435,0.09750102686467131,74.74519566021578,2.544100046157837
509,-0.02756848850888632,1.586659324461315,0.15418948141739963,75.93677485622932,1.2487000226974487
510,-0.002705058870193225,1.5909377262166482,0.2305047726301916,77.12665448532701,1.256600022315979
511,0.02452641933316525,1.5964592159304754,0.3048958929016498,78.3146466517218,1.1725000143051147
512,0.04864553603255238,1.6018309583477996,0.37150316474885775,79.50056375767926,2.7325000762939453
513,0.07580806467155954,1.603769602553613,0.4487490655801882,80.6842185331405,2.6598000526428223
514,0.1024179991409423,1.604951538535056,0.5227778718221686,81.8654240652951,3.9755001068115234
515,0.1279659297093845,1.6062907170549015,0.5914048318006142,83.04399382809686,0.02710000053048134
516,0.15682605995528792,1.6012324451814557,0.672775543321937,84.21974171171743,4.249499797821045
517,0.18367998522547757,1.594842273540269,0.7451502773118563,85.39248205193657,2.163800001144409
518,0.2126427718891221,1.5897198550485885,0.816500417043227,86.56202965945963,2.805799961090088
519,0.2418039766093845,1.5771246058736776,0.8916987383908013,87.72819984916156,0.2727000117301941
520,0.27088952931515836,1.5661155399112474,0.9608330812660543,88.89080846925064,1.3006000518798828
521,0.3004474129901101,1.554069789795396,1.0243769535878593,90.04967193034862,4.701200008392334
522,0.331237053269394,1.5382308384627716,1.0876584742662756,91.2046072344807,0.6004999876022339
523,0.3604542674446805,1.515469416291436,1.1482662250207396,92.35543200397417,1.4141000509262085
524,0.39268686400549213,1.4918891508195298,1.209049970168661,93.50196451025715,1.9767999649047852
525,0.42172344375988485,1.467979871087365,1.255556773994277,94.6440237025556,1.5372999906539917
526,0.45328077765087077,1.4382330310374833,1.3022480358881006,95.78142923648414,5.645500183105469
527,0.48449843920878277,1.4060240400199384,1.3456736216013887,96.91400150252367,5.135799884796143
528,0.5153648952004656,1.371999159328546,1.3799306022480453,98.04156165438418,2.512399911880493
529,0.5449738072010278,1.3390914958821816,1.411550975097939,99.16393163724652,1.6475000381469727
530,0.5774045644362835,1.3015024032600546,1.4402216518438458,100.28093421587971,3.697999954223633
531,0.6077524792592062,1.2615798298304268,1.46306306262108,101.39239300262756,0.8345000147819519
532,0.6371206409036902,1.2211099483327086,1.476173008385663,102.49813248526345,5.700799942016602
533,0.6671453557077651,1.178002754913098,1.4877303467819312,103.59797805470485,4.486000061035156
534,0.6955682580550477,1.1348645076290405,1.4942439916627746,104.69175603258651,4.433300018310547
535,0.724087768807205,1.092587033102611,1.4976956826281729,105.77929369868627,1.7553999423980713
536,0.7507116172232602,1.0510791510870026,1.4955854915561744,106.86041931819953,0.8532000184059143
537,0.7798229477320197,1.0070852965183559,1.492047261058581,107.93496216885812,5.424300193786621
538,0.8045698023384742,0.9668902149431141,1.4832910831943156,109.00275256788939,2.608599901199341
539,0.8325650401312595,0.9197449617953575,1.4708860247611613,110.0636218988113,2.606300115585327
540,0.8554800179044804,0.8805429300938499,1.4594836724385676,111.11740263805825,0.8016999959945679
541,0.8810341406884711,0.8398469036329642,1.446335317343936,112.16392838143591,2.8231000900268555
542,0.9052813043581062,0.7973590968047544,1.429602556783152,113.2030338703976,1.0462000370025635
543,0.9279048382700147,0.7569450838036295,1.4138123965954013,114.23455501814092,5.990900039672852
544,0.949573081740445,0.7178401244028533,1.39429243468968,115.2583289355189,2.1891000270843506
545,0.9707392762686277,0.6779228524753617,1.3767550698632822,116.27419395676199,1.8902000188827515
546,0.9903211638702611,0.639872479737686,1.3528088898075399,117.28198966500706,1.329300045967102
547,1.010893638537808,0.6024837238886566,1.3368350737348857,118.28155691762899,1.7175999879837036
548,1.030930993683635,0.5608854871230884,1.3114941810658463,119.27273787137143,1.645799994468689
549,1.0522604677585305,0.5202503635927057,1.292784652790492,120.25537600727137,4.9807000160217285
550,1.0679119800446333,0.4849023010650676,1.2662205275390181,121.22931615537627,4.0543999671936035
551,1.0869799637752457,0.4431680196442112,1.2409837213377448,122.1944045192464,4.093500137329102
552,1.1024168141506772,0.40774960498362617,1.2162185274964128,123.15048870024144,0.5070000290870667
553,1.1196495853896267,0.36701492075683234,1.1879568995622622,124.09741772158586,4.254300117492676
554,1.1365012786581485,0.3256286052498004,1.1565535191454248,125.03504205221026,0.4945000112056732
555,1.1506326367770245,0.2897818314313105,1.1262464493616178,125.96321363036331,1.4185999631881714
556,1.1664740596689465,0.24520729381978987,1.090449584086009,126.88178588699316,1.5276999473571777
557,1.1784667353960172,0.2058230433464001,1.0534728506956,127.79061376889223,3.0053000450134277
558,1.1901658318988737,0.16526465308677304,1.0161661573004597,128.68955376160227,0.6554999947547913
559,1.2051305336692975,0.12624065044433214,0.9780395282731625,129.57846391207772,2.224299907684326
560,1.2154169679476499,0.08357860717092493,0.9324926224778147,130.45720385110127,0.04270000010728836
561,1.2276783642814395,0.04218905489991931,0.8901465862707717,131.32563481544977,6.235799789428711
562,1.2380065033486471,0.0012387233172904727,0.8442591448402589,132.1836196698068,2.3557000160217285
563,1.2478842691845304,-0.035889073762284715,0.79949541316055,133.03102292841794,6.232100009918213
564,1.2552268513061497,-0.07577930338433349,0.7501776980963,133.86771077648498,1.2336000204086304
565,1.2655512666329147,-0.11964890808400108,0.6960149244879672,134.69355109129773,2.1547000408172607
566,1.272611349209598,-0.15748132804977044,0.647172196719339,135.508413463097,5.5817999839782715
567,1.2798861862896747,-0.19574368803394704,0.5962730607738895,136.31216921566798,0.34150001406669617
568,1.2846032537776293,-0.23199639284438534,0.5448141870701816,137.10469142666,5.025100231170654
569,1.2920125169908816,-0.26968453573885387,0.4897737048025023,137.88585494762876,1.1377999782562256
570,1.2973122377143802,-0.3038402339797426,0.4352413015888796,138.6555364237987,4.887899875640869
571,1.3011087140360476,-0.34639209253538383,0.37281941355323034,139.4136143135423,5.348700046539307
572,1.3073650857682775,-0.38258751744849306,0.3125809384243184,140.15996890757296,4.444900035858154
573,1.311117520048989,-0.4131402274690427,0.2607109052871918,140.8944823478481,1.2062000036239624
574,1.314264600264392,-0.4512499209996939,0.19805454195820488,141.61703864618087,5.913899898529053
575,1.317505958301958,-0.4849682683942737,0.14049069802651357,142.3275237025556,5.065000057220459
576,1.3199451226082153,-0.5165317241513718,0.0813393111272556,143.02582532314568,3.7111001014709473
577,1.3224495471574316,-0.5507243765639441,0.017951135672834077,143.71183323803024,2.7985999584198
578,1.323428603269382,-0.5821640247830857,-0.04144303109578293,144.38543911860708,5.7769999504089355
579,1.3268497777452921,-0.6137127421532128,-0.1040412083284491,145.04653659469895,5.2164998054504395
580,1.3262397478263779,-0.639018961628526,-0.15405842383509716,145.69502127135064,3.4885001182556152
581,1.328326840117861,-0.6698178111131193,-0.2179204960751882,146.3307907453144,3.9228999614715576
582,1.3286436050486872,-0.6959506932123575,-0.2709113579518831,146.95374462122004,2.023200035095215
583,1.3279114438778568,-0.7240051720366419,-0.32945473486810317,147.5637845274291,2.3234000205993652
584,1.328379027796508,-0.7505033778186746,-0.3856604490589837,148.16081413156866,0.019099999219179153
585,1.3287339145188373,-0.7756105300908097,-0.44138407267028607,148.74473915574316,6.192800045013428
586,1.3283882647618936,-0.8016534973832256,-0.4987566089649396,149.31546739142215,0.4097999930381775
587,1.3277211682887133,-0.8246378491684788,-0.5497105021578599,149.8729087140013,0.147599995136261
588,1.326294585363758,-0.8480316679325988,-0.6025884075357903,150.4169750970336,3.442199945449829
589,1.3257457115198839,-0.8710413065019976,-0.6544572707661378,150.9475806261301,5.766300201416016
590,1.3262255415784001,-0.8893353710814622,-0.6965691429307203,151.4646415125269,3.084399938583374
591,1.322414163786034,-0.9085421625268579,-0.7396395460539237,151.96807610631598,5.093900203704834
592,1.3235734371811945,-0.9245799671029816,-0.7796820197412397,152.45780490933905,5.091899871826172
593,1.3182620607839117,-0.9427903223514381,-0.8203033016189681,152.93375058774097,3.3973000049591064
594,1.3170393211220157,-0.9616928467662555,-0.8646060040752055,153.39583798418175,1.7639000415802002
595,1.3151231952856652,-0.9802794423166881,-0.9089829663655836,153.84399412970487,4.298799991607666
596,1.3134580834298728,-0.9925493752173279,-0.938357838552461,154.27814825525974,2.639899969100952
597,1.3101541949635138,-1.0074865193315727,-0.9719683716582087,154.698231802877,4.59630012512207
598,1.3089722553020373,-1.0192679492694419,-1.0002330414363259,155.1041784364948,4.55019998550415
599,1.3055873832816032,-1.0340684535839266,-1.0350095949182787,155.4959240524338,3.6763999462127686
600,1.3017032654384555,-1.0455840707958743,-1.0614370784817908,155.87340678951992,5.613800048828125
601,1.301981787015332,-1.058172299471808,-1.092673456744636,156.2365670388531,3.137700080871582
602,1.2972357736515272,-1.0685735234920706,-1.1177739518041863,156.5853474532201,1.0805000066757202
603,1.2969521815493334,-1.0732757547639873,-1.1295359874802329,156.91969295615027,0.4693000018596649
604,1.2914934736095398,-1.0879355528285577,-1.1621076826081254,157.2395507506128,4.394700050354004
605,1.2908651408104206,-1.0937970875638812,-1.1776687149268859,157.54487032735418,2.6401000022888184
606,1.288947599710737,-1.1049281332600298,-1.2032488720396686,157.8356034728737,3.5046000480651855
607,1.285422161959935,-1.1124121709534431,-1.2209944479411166,158.11170427703752,2.4123001098632812
608,1.2813042924028497,-1.1203273043714788,-1.2382069829855114,158.3731291403279,2.108099937438965
609,1.2803697140721177,-1.1276043373266857,-1.2547377707688705,158.61983678072846,3.737600088119507
610,1.2777039222656474,-1.1327427167901867,-1.2673832111740004,158.85178824024285,1.3968000411987305
611,1.2763646007406368,-1.1358583853312225,-1.2730654271311335,159.06894689104672,3.7527999877929688
612,1.273253679338213,-1.1431767820601257,-1.2907731029447824,159.27127844127176,5.684299945831299
613,1.2721494323538525,-1.145925848588103,-1.2969663092373678,159.45875094042066,4.595900058746338
614,1.2708593644128026,-1.149251594627414,-1.3039582872282893,159.63133478441256,5.8933000564575195
615,1.2682552989953628,-1.1520092687792465,-1.307950819478203,159.78900272025783,5.305099964141846
616,1.2676445431581689,-1.1563108443243442,-1.3186081722841294,159.93172985036165,3.3524999618530273
617,1.2654193027241367,-1.1600151171834743,-1.327568596762618,160.05949363645567,6.208799839019775
618,1.2649710771631208,-1.1639304815614246,-1.3367028688907734,160.17227390315696,1.1812000274658203
619,1.2636887935460273,-1.164759216852824,-1.338704420608478,160.27005284115398,0.09920000284910202
620,1.2641415057570422,-1.1647047853455532,-1.3389125713788,160.352815010019,4.104300022125244
621,1.2609210981654169,-1.1677061174933931,-1.3433082202130404,160.42054734064607,0.75
622,1.2601211890099735,-1.169336197862936,-1.3478283853398265,160.4732391373151,5.074100017547607
623,1.2615163442514137,-1.1701040419478936,-1.3495039240965945,160.51088207938048,3.2718000411987305
624,1.26149202023769,-1.1700798424144414,-1.3495309012926375,160.53347022258532,4.479599952697754
625,1.2615068478717086,-1.1700530220824474,-1.349551738601375,160.541,4.5991997718811035
626,1.2601430593104366,-1.1693735269787882,-1.347823203273206,160.53347022258532,6.228700160980225
627,1.2608945743040383,-1.1678017989727034,-1.3432503022946267,160.51088207938048,0.9132999777793884
628,1.2641125441651528,-1.1647950607428532,-1.3388470326796218,160.4732391373151,0.6225000023841858
629,1.263676091341761,-1.1647858204126407,-1.3386945189786723,160.42054734064607,5.08620023727417
630,1.2650062115396072,-1.1639234604830844,-1.336699841224206,160.352815010019,3.6098999977111816
631,1.2654388699771102,-1.1599158114069716,-1.3276145626181337,160.27005284115398,5.433700084686279
632,1.2676501641052156,-1.156339022437419,-1.3186238392770129,160.17227390315693,4.671599864959717
633,1.2682554619969164,-1.1520094657178848,-1.30795051170598,160.05949363645567,0.6743999719619751
634,1.2708594208810495,-1.1492516082738988,-1.3039580177655985,159.93172985036165,3.1136999130249023
635,1.2721501978868026,-1.1459491947626204,-1.2969390571239816,159.78900272025783,4.051400184631348
636,1.2732479714577325,-1.1431859589365947,-1.2907574379617708,159.63133478441256,0.6764000058174133
637,1.276349131675817,-1.135877041376372,-1.2729623006989652,159.45875094042066,5.82480001449585
638,1.2777185371376352,-1.132742256641837,-1.2674074320136801,159.27127844127176,5.300099849700928
639,1.2803789596919792,-1.1275300657804355,-1.254890185475398,159.06894689104675,0.5152000188827515
640,1.2813286726617548,-1.120287726301062,-1.2382427031858587,158.85178824024285,2.271199941635132
641,1.2854245739509063,-1.1124001899333182,-1.2210234855958788,158.6198367807285,0.6420000195503235
642,1.2889549317274516,-1.1049355170448967,-1.2031494667237745,158.37312914032793,5.085999965667725
643,1.2908427772615607,-1.0938606751641473,-1.1774670046046902,158.11170427703752,2.6939001083374023
644,1.291499198248014,-1.0878972334340988,-1.1621471926499594,157.83560347287374,3.1819000244140625
645,1.2969553875892532,-1.07322664140864,-1.1296126300000728,157.54487032735418,3.4820001125335693
646,1.2972197791394156,-1.068599122513652,-1.1176877420766211,157.23955075061286,5.460899829864502
647,1.3019911593252744,-1.0581419412344832,-1.0927263954039614,156.91969295615024,5.882299900054932
648,1.3017027102908083,-1.0456007744773512,-1.06142371675095,156.5853474532201,3.386399984359741
649,1.3055830416582446,-1.0340667797827725,-1.0349699434181676,156.23656703885308,3.47379994392395
650,1.3090030539515272,-1.0192479557369978,-1.0004904109588675,155.87340678951995,3.0541999340057373
651,1.310162321564681,-1.0074781587829325,-0.9720275336481523,155.49592405243382,0.15109999477863312
652,1.3134607354815333,-0.9925490843279419,-0.9383902801127859,155.1041784364948,1.9627000093460083
653,1.315124797459454,-0.9802817432785234,-0.9088176224931003,154.698231802877,0.4341999888420105
654,1.3170341671431778,-0.9617115364570672,-0.8645720965691095,154.27814825525974,0.7742999792098999
655,1.3182554937393858,-0.9428136205033472,-0.8203316286006287,153.84399412970492,5.84119987487793
656,1.3235780752172928,-0.9245394306160333,-0.7796586731133346,153.3958379841818,1.8909000158309937
657,1.3224049299058462,-0.9085845421419437,-0.7395864377949412,152.93375058774097,5.206399917602539
658,1.3262124913772462,-0.8893328080309804,-0.6967102695204859,152.45780490933902,5.904900074005127
659,1.3257551663489775,-0.871099073055458,-0.6542626320300629,151.968076106316,6.093299865722656
660,1.3263043299557973,-0.8480476589028287,-0.6024604297228445,151.46464151252695,1.5134999752044678
661,1.3277214895014617,-0.8245873779595764,-0.549757154347403,150.9475806261301,0.9954000115394592
662,1.3283824593645859,-0.8016606778699313,-0.49877436618375764,150.41697509703363,2.3236000537872314
663,1.328736806602499,-0.7756104235987739,-0.4413653951976932,149.87290871400137,2.9725000858306885
664,1.3283667360114046,-0.7505309164758991,-0.385825154926012,149.31546739142215,2.1691999435424805
665,1.3279039445913863,-0.7240152828560833,-0.32953089881656406,148.74473915574313,2.0195000171661377
666,1.328635421483102,-0.6959038199528935,-0.2707987494165836,148.16081413156869,2.9286000728607178
667,1.3283282779756378,-0.6698211290307851,-0.21792306069528197,147.5637845274292,4.425600051879883
668,1.3262446874349625,-0.6389800145893098,-0.15394498768201625,146.95374462122004,6.047299861907959
669,1.3268829999241787,-0.6137347782904776,-0.10398868390314302,146.33079074531446,1.7039999961853027
670,1.3234038770735983,-0.582157768777181,-0.04145544914551851,145.6950212713507,4.289299964904785
671,1.3224269388128094,-0.5507413764260825,0.017991914944696073,145.04653659469898,3.198899984359741
672,1.3199490872054465,-0.5165367720962135,0.08148704509241686,144.38543911860705,4.437099933624268
673,1.3175217686235663,-0.48499719474740366,0.1405351772466935,143.7118332380303,4.825399875640869
674,1.3142619435881555,-0.4512835957946089,0.19804435918296642,143.02582532314577,2.5085999965667725
675,1.311139770172917,-0.4131287801637356,0.26051999977623425,142.32752370255565,3.585200071334839
676,1.3073589477448027,-0.38258044117686385,0.3125763301051939,141.61703864618084,5.1570000648498535
677,1.3010720250936794,-0.3463955174830797,0.3726668233606588,140.8944823478481,5.741499900817871
678,1.2973250410538386,-0.30382372233885263,0.43530106362610405,140.159968907573,0.8953999876976013
679,1.2920107516729706,-0.2696848929866804,0.4897667962439237,139.41361431354233,5.894999980926514
680,1.2846034370069521,-0.2319974014341952,0.5447968037709519,138.65553642379876,0.06239999830722809
681,1.2798511338137315,-0.1957343502941893,0.5964711071773174,137.88585494762884,2.0789999961853027
682,1.272601499705136,-0.1574532758024948,0.6470564664646349,137.10469142666005,4.592800140380859
683,1.2655649815934191,-0.11967355164067282,0.6958400389190095,136.31216921566795,6.265500068664551
684,1.2552318355420957,-0.07586076071456482,0.7500776220209925,135.50841346309699,2.561800003051758
685,1.247886538873888,-0.03584720347772718,0.7996368076721722,134.69355109129782,5.957300186157227
686,1.2380032440157545,0.0012109771259261608,0.8441288615554402,133.867710776485,5.848199844360352
687,1.2276768890713197,0.04219246063645603,0.8901761138282698,133.031022928418,0.5637000203132629
688,1.2154171852463405,0.0835757410367164,0.9324729949546888,132.18361966980683,6.072500228881836
689,1.2051410276255639,0.12631194528735987,0.9779137757817103,131.3256348154498,5.665299892425537
690,1.1901599027725904,0.16523028969480624,1.016109496909281,130.45720385110124,1.1813000440597534
691,1.178476843730178,0.2058161191638857,1.0533283206121156,129.57846391207778,0.3752000033855438
692,1.1664596325752912,0.24519476342857885,1.0906421596730065,128.68955376160238,2.0611000061035156
693,1.1506215933532284,0.2897930615471801,1.1263539216371892,127.79061376889234,3.942699909210205
694,1.1365083656950887,0.3256171611927651,1.1563716697985738,126.88178588699314,3.882200002670288
695,1.1196628376860118,0.3670071477029358,1.187910074010572,125.9632136303633,4.485099792480469
696,1.1024249379509712,0.40773812093401174,1.2160907782441122,125.03504205221029,5.775400161743164
697,1.08699620494942,0.44320880291266157,1.2408249078622307,124.09741772158591,4.677499771118164
698,1.067930650131259,0.484899785661216,1.2662447770086454,123.15048870024148,1.3253999948501587
699,1.052265348943854,0.5202599226640422,1.292798636517956,122.19440451924652,2.078200101852417
700,1.0309237001410947,0.5608983678492147,1.3116355423912955,121.22931615537632,4.867000102996826
701,1.0108644308100578,0.6024422045045751,1.3367420056464598,120.25537600727135,6.1168999671936035
702,0.9903319873696175,0.6398866969862479,1.3528395498388235,119.27273787137142,4.899799823760986
703,0.9707705906580004,0.677909727911485,1.3765935907784,118.2815569176291,5.891900062561035
704,0.9495868973974838,0.7179082650495355,1.3944983802064101,117.28198966500719,0.6883999705314636
705,0.927902857878507,0.7569514775703925,1.41382882002433,116.27419395676203,5.69379997253418
706,0.9052795990661047,0.7973871337764614,1.4296348131716274,115.25832893551888,0.5860000252723694
707,0.8810267623790528,0.839859739208215,1.446389967420833,114.23455501814098,3.5685999393463135
708,0.8554722796774279,0.8805529379354223,1.4594461633877605,113.20303387039758,1.1893999576568604
709,0.8325817040380877,0.9197275352157884,1.471007320420051,112.16392838143595,5.554100036621094
710,0.8045455932044223,0.966859561411457,1.483346858604486,111.11740263805838,4.608099937438965
711,0.7798172055526421,1.0070288858888727,1.4920677860072797,110.06362189881143,3.300299882888794
712,0.7507254230827867,1.0511141783193412,1.495569220051366,109.00275256788936,1.4918999671936035
713,0.7240899668046663,1.092623178578397,1.4976187810978179,107.9349621688581,2.848900079727173
714,0.6955859503368699,1.1348844624515166,1.4944277931093903,106.86041931819958,5.189799785614014
715,0.6671285954848664,1.1779928667008688,1.4875974350305112,105.77929369868626,0.597599983215332
716,0.637122644662554,1.2211090979776027,1.4761746191766643,104.69175603258657,6.042200088500977
717,0.6077498995616815,1.26160836730841,1.4631402242297293,103.59797805470498,2.4089999198913574
718,0.5774047467593934,1.3015016123046204,1.4402191643118398,102.49813248526351,4.755000114440918
719,0.54497576193226,1.3390877054425325,1.411532973197134,101.39239300262754,5.543600082397461
720,0.5153475687152013,1.3719192668170987,1.379575109419782,100.28093421587968,0.15649999678134918
721,0.484525626096049,1.4059898322239122,1.3456096571092349,99.16393163724666,0.29269999265670776
722,0.45331271002434725,1.4382497060470303,1.3021911110748123,98.04156165438431,4.764900207519531
723,0.42170282002831294,1.467954389808161,1.255332492350418,96.91400150252372,4.126299858093262
724,0.3926866667199097,1.4918879747255214,1.2090494778637562,95.78142923648412,4.297699928283691
725,0.3604633497954548,1.51548241558707,1.1482344744845883,94.64402370255566,0.10339999943971634
726,0.33125876105950647,1.5382574979330703,1.087702370105632,93.50196451025704,5.251999855041504
727,0.3004536543132661,1.5541170950916112,1.0243815964420915,92.35543200397424,6.020299911499023
728,0.27088806092065276,1.56607397592799,0.9608133277935631,91.20460723448085,5.798799991607666
729,0.24180832693880208,1.5771663447646211,0.8917868754912427,90.04967193034877,0.19460000097751617
730,0.21264431202630749,1.5897284121351758,0.8164657936082667,88.89080846925062,0.4189999997615814
731,0.1836573685273911,1.5948032869353472,0.7452064238419008,87.72819984916154,1.3265000581741333
732,0.15681639497871883,1.6012752952508296,0.6724713468704373,86.56202965945968,5.6743998527526855
733,0.12793188872228978,1.6062761800027678,0.5911321521921595,85.39248205193671,0.8736000061035156
734,0.1024110580856627,1.6049123934129543,0.5226368312294678,84.21974171171749,5.733099937438965
735,0.07581713915076367,1.6037617894300003,0.4484683532447954,83.04399382809692,3.531599998474121
736,0.04864632352393666,1.6018111049613653,0.37124425137517186,81.86542406529517,0.3880999982357025
737,0.024520855620216293,1.596478591148841,0.3046789072518049,80.68421853314038,6.189899921417236
738,-0.0027183804125866023,1.590931547699608,0.230221551372896,79.50056375767923,3.6242001056671143
739,-0.027565642544620312,1.586661896386568,0.15418658928825865,78.31464665172194,3.980299949645996
740,-0.0506495067812018,1.5760775140323884,0.09737974158300677,77.12665448532715,4.56879997253418
741,-0.07762441419956481,1.5677383879184137,0.02051985535954343,75.93677485622938,5.7733001708984375
742,-0.09968606747090297,1.557197998187004,-0.03837916861264304,74.74519566021576,1.219499945640564
743,-0.12396026370885303,1.5432868678341298,-0.09750695487413082,73.55210506145475,2.243000030517578
744,-0.1464696172321979,1.5339443376604733,-0.1637101161641116,72.35769146278247,0.6712999939918518
745,-0.16879395369662173,1.5198692556748392,-0.21924867109807877,71.16214347595204,5.070000171661377
746,-0.19277603094296733,1.505729307896687,-0.2809650339185612,69.96564989185016,2.365999937057495
747,-0.21454653540200222,1.4924294992877545,-0.33789335193807396,68.7683996506838,5.414899826049805
748,-0.23483119277121312,1.4781724598090848,-0.3905483983263325,67.57058181214465,5.8140997886657715
749,-0.2573998988061548,1.4613967699923283,-0.4443050359711508,66.37238552555566,0.8259000182151794
750,-0.2773558256539735,1.446507513869756,-0.49749889988423734,65.17400000000004,0.531000018119812
751,-0.29876391947478703,1.427966178007186,-0.5463287705103307,63.97561447444443,3.396899938583374
752,-0.3190509689074943,1.4119923343276755,-0.6040262938314848,62.777418187855254,4.991000175476074
753,-0.3388551041228722,1.3954397674586265,-0.6535447808082193,61.57960034931645,4.185800075531006
754,-0.35779434910058855,1.377648553599529,-0.7030893333577728,60.38235010814992,4.858799934387207
755,-0.37843022826757566,1.3588463174788359,-0.75472249206332,59.18585652404805,1.3859000205993652
756,-0.3965125115275584,1.3399156404270134,-0.7974065164779336,57.99030853721762,0.6467999815940857
757,-0.4151779435676785,1.3215414269504726,-0.8488602995076534,56.79589493854533,0.36390000581741333
758,-0.43213358955189046,1.3043544514618164,-0.8958550571363005,55.60280433978432,1.798699975013733
759,-0.44959781108654034,1.2847927467077633,-0.9390551814233427,54.41122514377071,2.9293999671936035
760,-0.47043448861975024,1.2601686794954599,-0.9825197579847996,53.22134551467294,5.294400215148926
761,-0.48602666390636307,1.2409776039397156,-1.0229525747496442,52.03335334827814,4.132400035858154
762,-0.5040249590051648,1.219638310749318,-1.070502474548879,50.84743624232085,1.8841999769210815
763,-0.5205272840273494,1.1973040470693026,-1.111084653333869,49.66378146685953,6.19789981842041
764,-0.5379907881841639,1.1736372962354633,-1.1466062828290096,48.48257593470492,1.6162999868392944
765,-0.5535116635713226,1.1522085405553368,-1.1844911388224222,47.30400617190334,2.4728000164031982
766,-0.5711437230841225,1.1271767027773862,-1.2259314159850996,46.128258288282595,5.301300048828125
767,-0.5885161723168083,1.1002661189318648,-1.2537722255479682,44.955517948063374,0.15530000627040863
768,-0.6026812163559696,1.0779945827050526,-1.2815136394764477,43.78597034054039,0.6315000057220459
769,-0.6186324639037817,1.051822699596243,-1.3104035807982377,42.61980015083854,5.532899856567383
770,-0.6336095374357711,1.026883679321975,-1.334710079357028,41.4571915307493,5.0218000411987305
771,-0.6504865105075798,0.9981224827164866,-1.3591485105089323,40.298328069651475,1.0492000579833984
772,-0.6649999057277796,0.9716700958439631,-1.38026391172236,39.14339276551923,4.17110013961792
773,-0.6790791291709946,0.9462469847775241,-1.3999626252655382,37.99256799602585,1.183899998664856
774,-0.6942560156801566,0.9165814973113386,-1.410812495451472,36.846035489742874,4.212399959564209
775,-0.708364780454633,0.8885671648001997,-1.4223285781638717,35.70397629744443,3.801800012588501
776,-0.7240184219674253,0.8577126987458727,-1.4320718740381777,34.56657076351597,4.632199764251709
777,-0.7385268609188707,0.8268563825369275,-1.4371803384807302,33.433998497476516,1.69350004196167
778,-0.7517007298687386,0.7985490351713163,-1.4421454913711274,32.30643834561576,2.727299928665161
779,-0.765375122206548,0.7680440585810782,-1.4391739716434202,31.184068362753422,3.421799898147583
780,-0.7790466782475867,0.7371886327976996,-1.4399628935629603,30.067065784120388,5.351600170135498
781,-0.7915829899856226,0.7083078837166723,-1.4358137606667467,28.955606997372378,0.8359000086784363
782,-0.8056111508167437,0.6735565236569675,-1.4256636315466178,27.849867514736566,1.5887000560760498
783,-0.8184129456834943,0.642624024994586,-1.412145438833578,26.750021945295252,0.8985999822616577
784,-0.8308193036945193,0.6109526078894626,-1.4006013128861168,25.656243967413502,0.40790000557899475
785,-0.8438418772820704,0.5775089128032397,-1.3811183335281028,24.56870630131366,5.454500198364258
786,-0.8558384304525648,0.5462705390666878,-1.3665360138289406,23.487580681800495,3.1977999210357666
787,-0.8672210923287306,0.5143247602621611,-1.3412908287158762,22.413037831141978,3.6963000297546387
788,-0.8800448894750951,0.4800351195534544,-1.3198577089474126,21.345247432110718,1.1019999980926514
789,-0.8915118388630472,0.44804357592408117,-1.2926210190484895,20.284378101188793,0.9810000061988831
790,-0.9024581562109686,0.4141368740699279,-1.2647439264758435,19.230597361941697,0.31779998540878296
791,-0.9137551569768404,0.3809154238120274,-1.234463657119031,18.18407161856412,3.354599952697754
792,-0.9249724625741753,0.3472468932304758,-1.2038414479421755,17.144966129602352,1.2582000494003296
793,-0.9348926677058293,0.31537372619873294,-1.171184877251936,16.113444981859104,0.8184000253677368
794,-0.9453242657923532,0.28214861160674337,-1.1381404309055174,15.089671064481202,5.381999969482422
795,-0.955787286869347,0.2467083061326023,-1.0971632407899248,14.073806043238179,0.7566999793052673
796,-0.9652672473125876,0.21511216184549906,-1.0617957738880008,13.066010334992889,4.865900039672852
797,-0.9755442815862488,0.17911173073034178,-1.019319396698078,12.06644308237096,5.8242998123168945
798,-0.9847616723235701,0.14479052564945702,-0.9813117582141526,11.075262128628665,1.0807000398635864
799,-0.9942699706557286,0.11067993193951901,-0.9367368349821631,10.092623992728726,2.691499948501587
800,-1.0024384140677562,0.07922531530502402,-0.8960772276153502,9.118683844623753,1.478700041770935
801,-1.011475007290453,0.043983039093910395,-0.8510766266350637,8.153595480753694,5.489799976348877
802,-1.0197626114626166,0.010983897710312503,-0.806843379789113,7.197511299758581,1.5616999864578247
803,-1.0274662667776542,-0.021492540525353047,-0.7629161078270924,6.250582278414029,0.07119999825954437
804,-1.0342750176669657,-0.0525001112979346,-0.7196486519270837,5.312957947789769,2.6010000705718994
805,-1.0411337789422375,-0.08366091170764232,-0.6782440222756067,4.384786369636771,5.881899833679199
806,-1.047776665488044,-0.11627034876676351,-0.6307967784816016,3.46621411300692,2.4986000061035156
807,-1.05569463923144,-0.15293100611858396,-0.5799624954200057,2.5573862311078415,2.6956000328063965
808,-1.0616213169719309,-0.18376221444161883,-0.533948246295232,1.6584462383976941,1.014299988746643
809,-1.0670615797152287,-0.21317462656668706,-0.49062077399886694,0.7695360879222903,1.8137999773025513
810,-1.073822443619244,-0.24938255561057726,-0.4387765382342687,359.89079614889886,4.372399806976318
811,-1.0788284188726602,-0.27888842554404497,-0.393580666222471,359.02236518455027,3.7551000118255615
812,-1.083767308428198,-0.31177022384243136,-0.34265022346028534,358.16438033019324,4.497300148010254
813,-1.088424328575523,-0.34233606997923505,-0.29619704556738646,357.3169770715822,2.5125999450683594
814,-1.0932500832294734,-0.3774476933864084,-0.2459977651987444,356.4802892235149,0.9399999976158142
815,-1.0967618921001843,-0.4026472743479648,-0.20523142648103554,355.6544489087022,0.3903999924659729
816,-1.1003491660318288,-0.4315489091559928,-0.16163286739604835,354.8395865369031,2.6431000232696533
817,-1.1035066183957964,-0.4605886352441424,-0.11423613573549359,354.0358307843321,3.604099988937378
818,-1.106203637360699,-0.4889416673040142,-0.07127966726571303,353.24330857334,0.6818000078201294
819,-1.1090917474470223,-0.5189761903833511,-0.022619993776815193,352.4621450523713,0.298799991607666
820,-1.111741548053776,-0.5495398874858273,0.02499884945045797,351.6924635762013,1.648900032043457
821,-1.114002335206321,-0.5771482763614083,0.06930930424166029,350.93438568645774,0.4927999973297119
822,-1.1158510136285908,-0.601631707468946,0.10778592764255499,350.1880310924271,5.130300045013428
823,-1.1172532432883913,-0.6327094862708262,0.15660616874872274,349.45351765215196,4.590700149536133
824,-1.1183426830141385,-0.6603794014459611,0.20168415833889225,348.7309613538192,2.152100086212158
825,-1.1189754897656463,-0.6825839056679991,0.23727373768799112,348.0204762974444,5.303400039672852
826,-1.1196051399907436,-0.7102232503890886,0.28215935209006515,347.3221746768543,5.112299919128418
827,-1.1203783258843345,-0.7356154088650163,0.3220409715145492,346.6361667619698,2.7416999340057373
828,-1.1203236067066353,-0.7594349065701024,0.36206762627455386,345.96256088139296,5.575399875640869
829,-1.1204199763191443,-0.7855929457305001,0.4046011245382053,345.3014634053011,1.545699954032898
830,-1.1197078775000786,-0.8058810566236537,0.43873605197731347,344.6529787286494,1.3669999837875366
831,-1.119665266255935,-0.8317365775999921,0.4791492833361278,344.01720925468567,3.4179000854492188
832,-1.1186758312022642,-0.851519188641007,0.512588964171421,343.3942553787799,0.9083999991416931
833,-1.1177152915322022,-0.8751252851966613,0.5529642726764153,342.78421547257085,5.9695000648498535
834,-1.116104991212348,-0.8972498621449417,0.5876418899037632,342.18718586843136,3.440700054168701
835,-1.114978299792374,-0.9168419107866196,0.6196897475026101,341.6032608442569,2.3912999629974365
836,-1.1135254774794794,-0.9372828089503065,0.6535447034815388,341.0325326085778,2.287400007247925
837,-1.11165994630689,-0.958082788208187,0.6879558785035208,340.47509128599876,5.5802998542785645
838,-1.1101903195927965,-0.9773055217821767,0.7186264464612435,339.93102490296644,5.742599964141846
839,-1.108597763548055,-0.9963063240229443,0.7503108976915506,339.4004193738699,1.7235000133514404
840,-1.1059184815912118,-1.0119747233768837,0.7754878203256543,338.8833584874731,5.262599945068359
841,-1.1039826230814984,-1.0315446459630209,0.8067783821597672,338.379923893684,6.15880012512207
842,-1.1016907746124092,-1.046721159842821,0.8317860608650125,337.890195090661,0.11219999939203262
843,-1.099144941796739,-1.0631846094327024,0.8621698422301631,337.41424941225904,0.24789999425411224
844,-1.0970931447476269,-1.0818448496853708,0.8890085590766152,336.9521620158182,4.262599945068359
845,-1.0946574369779727,-1.093602714967443,0.9094661551341668,336.50400587029515,3.922300100326538
846,-1.091903144598043,-1.1108625186405714,0.9393988610825686,336.0698517447403,2.3958001136779785
847,-1.0891575036568928,-1.1212546830248509,0.95644842558146,335.64976819712297,0.15320000052452087
848,-1.0876662159445134,-1.1356131935534972,0.9795589111796896,335.2438215635052,4.277900218963623
849,-1.0847631899379635,-1.1493404647477508,1.0017447506994177,334.8520759475663,3.928100109100342
850,-1.0815778264552558,-1.160151291493615,1.0228735992576754,334.4745932104801,6.0640997886657715
851,-1.0794448594485564,-1.174856106557805,1.0445010384326137,334.1114329611469,0.5019999742507935
852,-1.076742923312583,-1.1838977595808822,1.0608925788598098,333.7626525467799,1.7964999675750732
853,-1.0745682733635513,-1.195433706348019,1.0794934916593137,333.42830704384977,2.3443000316619873
854,-1.0724169119090388,-1.207939186525029,1.098198607962097,333.10844924938715,3.800100088119507
855,-1.0697209190812778,-1.2156620946785228,1.1122086170987442,332.80312967264587,5.308300018310547
856,-1.0670879952213328,-1.2230901727203933,1.1253337706621502,332.51239652712627,4.021900177001953
857,-1.064762697087419,-1.2317279512509705,1.1399019359176894,332.2362957229625,4.025199890136719
858,-1.0632915970578274,-1.24111721850832,1.154450741100684,331.9748708596721,0.955299973487854
859,-1.060730817034043,-1.2482467211625197,1.165599490883477,331.72816321927155,1.5226999521255493
860,-1.0596820103258047,-1.253718301151631,1.1761651188887374,331.49621175975716,1.5241999626159668
861,-1.05800573307188,-1.2606907031787127,1.1863714899881284,331.2790531089533,4.5518999099731445
862,-1.0555751871044479,-1.2688419700756273,1.199480220472212,331.0767215587282,5.014599800109863
863,-1.0536651052743795,-1.2743251889112672,1.2105048453341967,330.88924905957936,0.879800021648407
864,-1.0523541921781288,-1.2760606987087018,1.2137311601359908,330.71666521558745,1.1208000183105469
865,-1.051735721867849,-1.281977254934416,1.2207718756371835,330.5589972797422,0.3425000011920929
866,-1.0498320830602546,-1.2851125299832662,1.2289902916166275,330.41627014963836,5.972499847412109
867,-1.0492992060735358,-1.2892764092882874,1.2330447629293524,330.28850636354434,1.6583000421524048
868,-1.0481608110227638,-1.2944705418828433,1.2413811747299386,330.17572609684305,5.175000190734863
869,-1.0461718314649884,-1.2964871499872421,1.246279245362195,330.07794715884603,2.67930006980896
870,-1.0456011055642254,-1.3011196018218116,1.2542498513249103,329.995184989981,3.0669000148773193
871,-1.0465690846645874,-1.2999177339547447,1.2502426081705487,329.92745265935395,5.662199974060059
872,-1.0452451768566642,-1.3013265127495137,1.2548470293086869,329.8747608626849,4.792300224304199
873,-1.045219911706105,-1.3013466568517615,1.2549571737703829,329.83711792061956,0.3682999908924103
874,-1.0452326493965867,-1.301306214407041,1.254790990814867,329.8145297774147,4.0346999168396
875,-1.0452404884637145,-1.301314878420075,1.2548209167822897,329.807,0.48249998688697815
876,-1.0452423752619175,-1.3013202937952766,1.254827752044628,329.8145297774147,4.51639986038208
877,-1.046593584350242,-1.2999061629362798,1.250217685578512,329.83711792061956,3.8754000663757324
878,-1.045599988112771,-1.301119250811686,1.2542530560082772,329.8747608626849,2.2079999446868896
879,-1.0461589117620589,-1.296479920811154,1.24621844441069,329.9274526593539,1.4744999408721924
880,-1.0481673391832882,-1.294465069424632,1.2413631414783792,329.99518498998106,5.520100116729736
881,-1.0492912290932814,-1.2893133747865715,1.2332015328169947,330.07794715884603,4.32859992980957
882,-1.049847242650471,-1.2850686049325253,1.2288935354657122,330.17572609684305,2.0671000480651855
883,-1.051725067484906,-1.2820038255979227,1.220818205191238,330.28850636354434,4.450900077819824
884,-1.0523617358864195,-1.276041586502801,1.213563329902755,330.41627014963836,5.818999767303467
885,-1.0536661141269967,-1.2743170328690296,1.2103998402581284,330.5589972797422,4.650899887084961
886,-1.055571408871812,-1.2688468047885006,1.199608366648282,330.71666521558745,0.4763999879360199
887,-1.0580086583378199,-1.2607108409678172,1.1863902395593737,330.88924905957936,5.215700149536133
888,-1.0596874883542673,-1.2536966286116327,1.176215351690442,331.07672155872825,1.413699984550476
889,-1.060733027530816,-1.2482512537700639,1.165660354932173,331.27905310895324,3.7077999114990234
890,-1.063288708496977,-1.241128411921031,1.1544430175089624,331.4962117597571,3.1858999729156494
891,-1.064761803312579,-1.2317409658437495,1.1401726037533588,331.72816321927155,4.929999828338623
892,-1.067084536717546,-1.223081443240375,1.125353294323082,331.97487085967214,6.099100112915039
893,-1.0697288404414533,-1.2156989846778392,1.1125106717993563,332.2362957229625,4.217599868774414
894,-1.0724060590516284,-1.207915397061158,1.0978369807577522,332.51239652712627,2.8980000019073486
895,-1.0745464887590912,-1.1954523482613364,1.0794253216840901,332.8031296726458,0.5333999991416931
896,-1.0767427278575834,-1.1838987959735527,1.0608898765671309,333.10844924938715,2.466900110244751
897,-1.07944259209255,-1.1748662113326995,1.0447167434804185,333.4283070438497,0.05139999836683273
898,-1.0815675437669494,-1.160151105730565,1.0230043804679796,333.7626525467799,3.842900037765503
899,-1.0847510879874633,-1.1493776927080006,1.0019267124817557,334.11143296114693,6.116700172424316
900,-1.087675763116958,-1.1355956826105362,0.9794700680133519,334.47459321048007,1.6132999658584595
901,-1.0891551609928336,-1.1212656145203561,0.956392975793778,334.85207594756616,4.668300151824951
902,-1.0919131356307301,-1.1108154083424893,0.9393934446603588,335.2438215635052,3.4052999019622803
903,-1.094675423388646,-1.0935978059925497,0.9094894214129078,335.64976819712297,0.10100000351667404
904,-1.097111461924058,-1.0818005892042255,0.8889969976436423,336.0698517447403,2.3736000061035156
905,-1.0991384028829825,-1.0631860017901151,0.862068038146639,336.5040058702951,4.5808000564575195
906,-1.1016899029257274,-1.0467205649710867,0.8317765837285412,336.95216201581826,0.482699990272522
907,-1.1039794442915978,-1.031556998587382,0.8067748243554365,337.41424941225904,2.670599937438965
908,-1.1059243305406876,-1.011967998355079,0.7754718821005921,337.8901950906609,3.8517000675201416
909,-1.108597788154291,-0.9963043247220811,0.7503078962003016,338.379923893684,5.311600208282471
910,-1.1101763975040175,-0.9773748648889731,0.7188086937575215,338.8833584874732,6.1016998291015625
911,-1.1116449799981527,-0.9580962113312385,0.6879733246924559,339.4004193738699,5.0040998458862305
912,-1.1135304852347567,-0.9372971512784378,0.6535828137669781,339.9310249029664,1.5640000104904175
913,-1.1149785769170517,-0.9168420446151934,0.6196917799236488,340.4750912859987,6.036399841308594
914,-1.1161173131755608,-0.8972576622517572,0.5877625143020552,341.03253260857775,4.908199787139893
915,-1.117698892755672,-0.8750967247470343,0.5528544868681918,341.6032608442568,2.08240008354187
916,-1.1186662091105148,-0.8515018103922954,0.5125386077023549,342.18718586843136,2.8515000343322754
917,-1.119648769933387,-0.831744789634681,0.4792672350694033,342.7842154725709,5.874499797821045
918,-1.119692443203937,-0.8059327864305524,0.43890061841057765,343.3942553787799,1.9737999439239502
919,-1.1204233824405185,-0.7855767713505761,0.4048259500065364,344.01720925468555,2.8907999992370605
920,-1.1203184664780301,-0.7594390790559098,0.36210047480714636,344.6529787286493,1.0526000261306763
921,-1.1203804808502287,-0.7356156752926472,0.32190328596791673,345.30146340530104,2.9235000610351562
922,-1.1196015158071315,-0.710218458428866,0.2822070605688785,345.96256088139296,6.158100128173828
923,-1.1189838000092591,-0.6826037579063053,0.23726187230416373,346.6361667619697,4.829400062561035
924,-1.1183382303016354,-0.66033657133671,0.201926792843651,347.32217467685433,2.1547000408172607
925,-1.1172492434884316,-0.6326574765998644,0.15655830366699305,348.02047629744436,4.530900001525879
926,-1.11584342976668,-0.6015995574478668,0.10764748178477183,348.73096135381905,5.558700084686279
927,-1.1139933465402578,-0.5771304744286403,0.06930297771092013,349.4535176521518,5.679999828338623
928,-1.1117300330932403,-0.5495287286426163,0.02485747006907262,350.1880310924271,6.152299880981445
929,-1.109082268228753,-0.5189879604898409,-0.02261860921453935,350.9343856864577,3.202500104904175
930,-1.1062040979639902,-0.4889450659795458,-0.07138799822377567,351.69246357620125,4.806099891662598
931,-1.1035051179922823,-0.4606352899428952,-0.11443962365597393,352.4621450523713,3.6654999256134033
932,-1.1003468299526922,-0.43156194377202756,-0.16161247351240332,353.24330857333996,0.7989000082015991
933,-1.0967515713329763,-0.40273935589494325,-0.2051038600545586,354.03583078433195,1.3432999849319458
934,-1.0932357839648048,-0.3774034695865484,-0.24601447792732775,354.839586536903,1.1187000274658203
935,-1.0884298606555107,-0.3424298909861402,-0.29619123177568146,355.6544489087023,5.148799896240234
936,-1.0837509768108076,-0.31179577283123416,-0.342745560244977,356.480289223515,4.968100070953369
937,-1.0788283873040891,-0.27888867572541903,-0.3935808056950406,357.316977071582,2.083899974822998
938,-1.0738098732460468,-0.24936798046143366,-0.43877664117550147,358.164380330193,1.7312999963760376
939,-1.0670883608861652,-0.21322162226763383,-0.4904428491553794,359.02236518455015,0.9172000288963318
940,-1.0616082236546203,-0.18368574108342609,-0.5341633229372682,359.89079614889874,1.8451999425888062
941,-1.0557035942535866,-0.1529088502863724,-0.5799660115198273,0.7695360879222335,0.09929999709129333
942,-1.0477712725941135,-0.11616931357781181,-0.6309682144796721,1.6584462383977652,1.448699951171875
943,-1.0411313778888267,-0.08375415131664815,-0.6780677009231333,2.5573862311077917,2.849299907684326
944,-1.034273594474573,-0.052510777763483334,-0.7196416690556408,3.4662141130067283,3.1221001148223877
945,-1.027464589391446,-0.021494179231693722,-0.7629194952047247,4.384786369636572,4.336100101470947
946,-1.0197585723306215,0.010974942561258296,-0.8068406588022105,5.312957947789833,4.978700160980225
947,-1.011466005742589,0.04393195346366771,-0.851044209229662,6.2505822784141,3.459399938583374
948,-1.0024013175517326,0.07923838426338146,-0.8964793564756388,7.197511299758517,4.090000152587891
949,-0.9942670820834645,0.11068848151145139,-0.9368427593825127,8.153595480753488,2.482800006866455
950,-0.9847394744357574,0.14481300756887594,-0.9812153478923371,9.118683844623689,3.519200086593628
951,-0.97550512459029,0.17917005061641117,-1.0195005932366743,10.092623992728512,1.5104000568389893
952,-0.9652994303264428,0.21505210280007322,-1.0616000455519226,11.075262128628594,1.4696999788284302
953,-0.9558203196600299,0.24672735233654514,-1.0971497144952902,12.066443082371038,0.9437999725341797
954,-0.9453271196213292,0.28214481015659015,-1.1381108573498708,13.06601033499296,0.599399983882904
955,-0.9349228913958826,0.3153298078433291,-1.1713379051623931,14.073806043237965,2.3041000366210938
956,-0.9249913405283232,0.34725818327696967,-1.2037855483456834,15.089671064480989,3.8364999294281006
957,-0.9137521087985478,0.3809109826965671,-1.234468686497071,16.113444981859026,2.1668999195098877
958,-0.9024572080222332,0.4141359627077479,-1.26473804610481,17.144966129602437,4.848999977111816
959,-0.8915106740995853,0.44803899538805336,-1.2927629060312857,18.184071618564055,4.871099948883057
960,-0.8800462169227794,0.48004278348955265,-1.3195871483837787,19.230597361941626,6.097499847412109
961,-0.8672228843724399,0.5142565708362876,-1.3414085804914853,20.284378101188715,4.396399974822998
962,-0.8558778229992748,0.5462819779207386,-1.366499191432224,21.34524743211049,1.0644999742507935
963,-0.8438289606632707,0.5775970496968349,-1.3810461784904906,22.41303783114175,2.040800094604492
964,-0.8307838693171739,0.6110574654043932,-1.4004344105234,23.487580681800573,4.2778000831604
965,-0.818397389049565,0.6425932522433482,-1.41208643090752,24.56870630131374,0.4487999975681305
966,-0.8056466633833684,0.6735378368575216,-1.4257568471929096,25.65624396741343,2.2964999675750732
967,-0.7915792717124575,0.708314723927109,-1.4358283179194085,26.750021945295025,1.7305999994277954
968,-0.7790459347969398,0.7371630526242837,-1.4398093358105286,27.849867514736495,4.36870002746582
969,-0.7653890487647501,0.7680551517143566,-1.4394122846178832,28.9556069973723,2.1939001083374023
970,-0.7516920939567574,0.7985904873840393,-1.442357100522744,30.06706578412031,1.36080002784729
971,-0.7385144501832135,0.8269204416675903,-1.4374310932677434,31.184068362753507,6.220099925994873
972,-0.7239916000332671,0.8577592104912456,-1.4320135303172183,32.306438345615845,5.974400043487549
973,-0.7083531146522528,0.8885859216437079,-1.4220873834965833,33.43399849747628,3.6217000484466553
974,-0.6942417486224869,0.9166076575220312,-1.4108778734718264,34.56657076351573,5.99459981918335
975,-0.6790823932475858,0.9462520174777783,-1.4000372640388667,35.70397629744435,4.386000156402588
976,-0.6649963106139893,0.9716639071266856,-1.3799677677664168,36.84603548974296,4.490499973297119
977,-0.6504787821464215,0.9981319053146358,-1.3589870889382047,37.99256799602577,3.0302999019622803
978,-0.6336173479534535,1.0268772682182334,-1.3348842649885249,39.14339276551915,2.756700038909912
979,-0.6186306261472504,1.0518217266396985,-1.3104179073647004,40.2983280696514,1.444000005722046
980,-0.6026862045425817,1.0779962663960623,-1.2815599257836767,41.45719153074922,3.6763999462127686
981,-0.588521414017287,1.1002627897742492,-1.253861919138062,42.6198001508383,2.52239990234375
982,-0.5711433192820723,1.1271618671299124,-1.2258816361082363,43.78597034054047,2.422800064086914
983,-0.5535195521610087,1.152218722952343,-1.1847530321477862,44.95551794806346,1.901900053024292
984,-0.5380000344150867,1.1735958252100382,-1.1463716295161244,46.12825828828251,3.2741000652313232
985,-0.5205167542921506,1.1973152926637871,-1.111151147028799,47.3040061719031,1.9342000484466553
986,-0.5040252895850441,1.2196394656330445,-1.07047369851971,48.48257593470484,3.8210999965667725
987,-0.48603593844355414,1.2409582247255992,-1.0228830650294873,49.66378146685945,2.6939001083374023
988,-0.470440912322481,1.2601579509565615,-0.9822939698945007,50.84743624232077,1.3295999765396118
989,-0.44958085358631894,1.2847754020961917,-0.9392121028022026,52.033353348278055,2.975800037384033
990,-0.4321385204088482,1.3043665388560115,-0.8958547788851553,53.221345514673025,5.232600212097168
991,-0.4151835347622727,1.321526869941779,-0.8488762886396439,54.41122514377062,2.277899980545044
992,-0.3965137372024894,1.3399072109223542,-0.7972852933928295,55.60280433978407,2.687299966812134
993,-0.37842857523781614,1.3588693194565011,-0.754735182149009,56.795894938545246,4.4415998458862305
994,-0.3577932706548924,1.3776768330956064,-0.7028699629551275,57.99030853721771,3.306299924850464
995,-0.3388715444450425,1.3954166691238665,-0.6535015793068953,59.18585652404796,3.9231998920440674
996,-0.319057727150261,1.4119767243410255,-0.6038686886500115,60.382350108149836,3.7648000717163086
997,-0.29878406834328025,1.4279381381628142,-0.5465042697836853,61.579600349316365,4.231900215148926
998,-0.27738484495504484,1.4464563379560775,-0.4975872814955576,62.777418187855176,2.0731000900268555
999,-0.2573998162978185,1.4613929964141323,-0.44427320281961874,63.97561447444418,3.1552000045776367
