frame,psi1,psi2,psi3,csv_gt_angle,inplane_angle_rad
0,-0.3602850629093394,1.6179870635714353,-1.1487318521435246,65.174,0.5972999930381775
1,-0.339298656484987,1.631203940455056,-0.9736993219638451,66.3723855255557,5.399799823760986
2,-0.31642949100888845,1.6462283557007282,-0.7783997634677003,67.57058181214477,3.1321001052856445
3,-0.28945434105417983,1.667155433024882,-0.5699870127235039,68.76839965068365,2.317699909210205
4,-0.26375334767847625,1.6868679297513465,-0.3655082877152103,69.96564989185009,6.278299808502197
5,-0.2372816455611837,1.706064768990968,-0.1761118388707185,71.16214347595204,2.6526999473571777
6,-0.20747014929344562,1.7288133321981087,0.023005699765568113,72.35769146278237,4.134300231933594
7,-0.17962676723617677,1.7476221450653804,0.20323206233660757,73.55210506145472,2.3225998878479004
8,-0.1440413469314174,1.7708614564339407,0.38174971642956274,74.74519566021581,3.8647000789642334
9,-0.11381921707100791,1.7882439695864816,0.5223510195791552,75.93677485622933,2.219599962234497
10,-0.08075947191603083,1.8035324481542678,0.6474584992301596,77.12665448532701,1.2000000476837158
11,-0.043635802645360565,1.8204958162802645,0.7551432856301946,78.31464665172189,0.6075000166893005
12,-0.00971657472326366,1.8285823319354726,0.8319838792270098,79.50056375767925,5.600800037384033
13,0.02782156447638527,1.8368321257745246,0.8950324812032894,80.68421853314047,1.0867999792099
14,0.06481760078333892,1.8380258249333201,0.9300971680638744,81.86542406529516,0.35350000858306885
15,0.10039642975603319,1.8344617404926684,0.9358754462393235,83.0439938280968,4.42579984664917
16,0.13979725026949155,1.8253559816235385,0.9328573762994519,84.21974171171746,6.245699882507324
17,0.174479455645531,1.8096726385691428,0.9079369592222039,85.39248205193658,3.8466999530792236
18,0.21260126938331445,1.7899941635193661,0.869699698485895,86.56202965945964,5.737599849700928
19,0.2491194915922149,1.7622181434788151,0.8250621662906769,87.72819984916156,1.6100000143051147
20,0.28501291465940354,1.7300659726839307,0.783812644194944,88.89080846925071,5.309500217437744
21,0.31994312856795476,1.6930507327361852,0.7385107283915812,90.04967193034861,4.5472002029418945
22,0.35498540269161244,1.650142820206799,0.697680528555544,91.20460723448076,2.2932000160217285
23,0.386026910840611,1.604621460922117,0.6776995227534103,92.35543200397422,1.8485000133514404
24,0.4189788536604933,1.5563295287164993,0.6758792702227648,93.5019645102571,0.9460999965667725
25,0.44704481494519516,1.508700919971613,0.6784577017535599,94.64402370255561,2.994999885559082
26,0.4760581839600921,1.4559193865543707,0.7135182969395399,95.78142923648416,2.8680999279022217
27,0.503458316142101,1.4041581046673695,0.7574472766480037,96.91400150252367,1.6171000003814697
28,0.5290241284418902,1.3533090750067782,0.8232921257991751,98.04156165438417,1.593500018119812
29,0.5531437100432934,1.307991461269044,0.9155471827084798,99.16393163724659,5.687600135803223
30,0.5782990202287399,1.2572386763877783,1.0350185804240888,100.28093421587968,4.448599815368652
31,0.6019909081770908,1.2097681848587671,1.1560148542619768,101.39239300262761,0.08659999817609787
32,0.6234423471008548,1.166955499905995,1.2915696727389068,102.49813248526348,4.150599956512451
33,0.6450591260596128,1.1232202497118737,1.4352770537603299,103.59797805470487,3.5527000427246094
34,0.6657634973125182,1.0827565258397536,1.5747176264416003,104.69175603258654,0.19689999520778656
35,0.6871051611356599,1.0434104539813251,1.7304889374029309,105.7792936986863,4.252500057220459
36,0.7074089360427323,1.002515355149892,1.8561824197785275,106.86041931819952,6.2642998695373535
37,0.7300673070975325,0.9631812763030027,2.00094407110184,107.9349621688581,1.0484000444412231
38,0.7497307865226818,0.9256227023147093,2.107046986021323,109.00275256788944,1.3007999658584595
39,0.7719702297225551,0.8819597351739898,2.2102003211684176,110.06362189881128,2.5627999305725098
40,0.790842926275453,0.843765504320522,2.2871052314881664,111.1174026380583,3.963399887084961
41,0.8133320590692614,0.7996432262238803,2.350821635149344,112.16392838143592,1.9259999990463257
42,0.8342940223710359,0.7544965814883278,2.380912969935337,113.2030338703976,2.883500099182129
43,0.854910962618712,0.706802300917706,2.3840562656273168,114.23455501814092,0.9930999875068665
44,0.8751168416706944,0.6607834966365317,2.355986328708784,115.25832893551889,1.4735000133514404
45,0.8947368342083687,0.6105087601749902,2.319383853553438,116.27419395676199,1.5819000005722046
46,0.9129826907860572,0.5622294918491261,2.2317948185396617,117.28198966500705,2.8761000633239746
47,0.9329539671270309,0.5081310019552702,2.1482452378667176,118.28155691762903,0.39480000734329224
48,0.9518773405646539,0.4524358899989555,2.0227074673554455,119.27273787137139,0.6990000009536743
49,0.9730695000879139,0.38926268413023146,1.8992190719168291,120.25537600727141,4.777200222015381
50,0.9878291701813745,0.3412578528596343,1.7418830992326728,121.2293161553763,4.546800136566162
51,1.0064072543100506,0.27926760029825537,1.567430110659815,122.1944045192464,0.5480999946594238
52,1.0221475985728146,0.22451581141751453,1.417000885234019,123.15048870024145,3.380500078201294
53,1.0389139678464099,0.1653939264043638,1.232568673647093,124.09741772158591,0.5407999753952026
54,1.0556707794540623,0.10333202052240455,1.0273145933250651,125.03504205221024,4.097599983215332
55,1.070417616518298,0.04991989509200316,0.8573130778721895,125.9632136303633,2.2151999473571777
56,1.0865713121649285,-0.012003895694689242,0.6585347855511964,126.8817858869932,4.4618000984191895
57,1.0989487359355883,-0.05885558787927277,0.4887941439475833,127.7906137688922,5.353300094604492
58,1.1111202901638197,-0.106625228032391,0.30644261167779074,128.6895537616023,1.9844000339508057
59,1.1281400762469298,-0.16994263577529806,0.12729038303005294,129.57846391207772,0.682699978351593
60,1.1392694570192312,-0.21167310294070787,-0.052489188527350926,130.45720385110127,1.1146999597549438
61,1.1541240548839728,-0.26787418303918914,-0.20317353348379888,131.3256348154498,0.7240999937057495
62,1.1669468220855033,-0.31422626103899004,-0.3541994232270503,132.18361966980686,2.425299882888794
63,1.1791282769709601,-0.3586242444789887,-0.5033591518593956,133.03102292841794,0.9531999826431274
64,1.1894634022271655,-0.3949902103355115,-0.6378381865246925,133.867710776485,4.209700107574463
65,1.2029977346604919,-0.44191464211433557,-0.7788650015644532,134.69355109129776,4.812300205230713
66,1.2136721637622876,-0.4781940401967478,-0.8894622728618629,135.50841346309699,5.948500156402588
67,1.2246301876509158,-0.5136727597529104,-0.9864645329111921,136.31216921566798,0.7810999751091003
68,1.2328135652970373,-0.5402344375877061,-1.0788960213665915,137.10469142666,1.1633000373840332
69,1.2449775838782517,-0.577494217652625,-1.164559034214176,137.88585494762876,2.390199899673462
70,1.254775178846286,-0.6060792588028475,-1.257835875440667,138.6555364237987,1.0654000043869019
71,1.2627065299321896,-0.6279700318013706,-1.321843825544376,139.41361431354233,0.3028999865055084
72,1.27489788742909,-0.6621374033806201,-1.3911723501427349,140.15996890757293,3.0095999240875244
73,1.2832676005309096,-0.6840192437253553,-1.431705980151136,140.8944823478481,2.8236000537872314
74,1.2912920476270007,-0.7040135040240186,-1.476221838324779,141.6170386461809,5.540500164031982
75,1.2999277859786622,-0.7261751349474821,-1.5068874188910804,142.32752370255562,6.249300003051758
76,1.307538344762444,-0.7424439806038204,-1.5331451629600596,143.02582532314568,4.612100124359131
77,1.3149561609215688,-0.7560969788705221,-1.5421749100298616,143.71183323803024,3.9823999404907227
78,1.3212568705785368,-0.7681093667770942,-1.55586114737379,144.38543911860705,3.861999988555908
79,1.3311102414093983,-0.7908245581274305,-1.5518955689432121,145.04653659469895,5.635499954223633
80,1.3340051703790246,-0.790302791009462,-1.5381973063445682,145.6950212713507,1.5317000150680542
81,1.3421448674013627,-0.8060758740078312,-1.5211861187752425,146.3307907453144,2.9337000846862793
82,1.347273730327756,-0.8122964395121838,-1.5037623900558064,146.95374462122004,2.065000057220459
83,1.3506683931955688,-0.8097938130114121,-1.4610539872418202,147.56378452742916,1.1871999502182007
84,1.357075323810649,-0.8227789424262112,-1.4297753966139874,148.16081413156866,1.024399995803833
85,1.3621529517028117,-0.8253821041770274,-1.390272467249802,148.74473915574316,5.777500152587891
86,1.3672410163334017,-0.8285417617752106,-1.336954714153137,149.3154673914222,2.882200002670288
87,1.3708815984378797,-0.8280674034310193,-1.2777080467060231,149.8729087140013,4.368800163269043
88,1.3742059546407543,-0.8270173346643863,-1.2231279288841483,150.41697509703357,3.9869000911712646
89,1.3782159698129228,-0.8261681975005135,-1.1594460425525375,150.9475806261301,5.089600086212158
90,1.3841239462642283,-0.8367142573600156,-1.1078636040712866,151.4646415125269,0.7936999797821045
91,1.3829598591233547,-0.8187876578477694,-1.031739582984899,151.968076106316,3.6273999214172363
92,1.389180810205709,-0.8271572626526545,-0.9736841280735249,152.45780490933905,2.803800106048584
93,1.3864391144263284,-0.8007918331895335,-0.8667622577890206,152.93375058774097,2.152899980545044
94,1.390106115224396,-0.8022815385896231,-0.805777792019252,153.39583798418175,4.09119987487793
95,1.3921592489500414,-0.7945117485284261,-0.7228953332253452,153.84399412970487,4.251800060272217
96,1.3939717690359903,-0.788991439597307,-0.6486637857398448,154.27814825525974,0.9355999827384949
97,1.3943676963433902,-0.7806011678123247,-0.5937035708083137,154.69823180287702,5.906599998474121
98,1.3962780159602817,-0.774463046984135,-0.5123683002244971,155.1041784364948,5.892899990081787
99,1.3963959601266505,-0.7632292682489282,-0.44628101903373746,155.4959240524338,3.03629994392395
100,1.3950156070354875,-0.7441933406203017,-0.3541315224592893,155.87340678951992,4.975299835205078
101,1.4000076238302819,-0.7540772957751202,-0.327396051509544,156.2365670388531,1.215399980545044
102,1.3976831488730102,-0.7328392127747088,-0.23068965176386289,156.5853474532201,3.293100118637085
103,1.3993184703103043,-0.7323766658067573,-0.19805041840879048,156.91969295615024,6.24459981918335
104,1.3969989438365475,-0.7093748405468069,-0.10369427749892386,157.23955075061284,5.892600059509277
105,1.3999109723090035,-0.7143008449401478,-0.07037224048466975,157.54487032735418,3.1851999759674072
106,1.4012581819648373,-0.7092264177911766,-0.020607168062603102,157.83560347287371,0.9157999753952026
107,1.3996436158053072,-0.6943164878591422,0.05054903173390375,158.11170427703752,3.112799882888794
108,1.3975826758119227,-0.6807843010920792,0.09201290792357267,158.37312914032793,2.150099992752075
109,1.3993676009874922,-0.6792647413282048,0.1323197678195742,158.61983678072846,4.797500133514404
110,1.3986477111629596,-0.671256751656364,0.1749536103744865,158.85178824024285,2.2304000854492188
111,1.3985412668152235,-0.6650602008328512,0.21568994126377367,159.06894689104672,4.632699966430664
112,1.3978102196032214,-0.6560586025281637,0.2466751761984358,159.27127844127176,5.851500034332275
113,1.3979198062439924,-0.6511010792165851,0.2853242280507327,159.45875094042066,3.139899969100952
114,1.3979171499243321,-0.647653285735393,0.2994653631696799,159.63133478441256,3.3015999794006348
115,1.3962326787518382,-0.6371557667979156,0.33542876750049266,159.78900272025783,1.1660000085830688
116,1.3968955963136636,-0.635537041629461,0.35216605832597137,159.93172985036165,0.5002999901771545
117,1.3962345709271102,-0.6285024207554456,0.38395837256993215,160.05949363645567,2.6047000885009766
118,1.3976505859999504,-0.631874217648942,0.39211869365175134,160.17227390315696,0.36419999599456787
119,1.3967390618296296,-0.6222962361810287,0.42549332192239747,160.27005284115398,2.004199981689453
120,1.3971764628965775,-0.6261526254715434,0.4133053434834315,160.352815010019,0.7972000241279602
121,1.3946461240246444,-0.612475322801512,0.44623447261619564,160.42054734064607,3.135999917984009
122,1.3945535681806829,-0.6111518042889547,0.45220910845343504,160.4732391373151,5.562399864196777
123,1.3965251104172447,-0.6189019364824994,0.4421743407611225,160.51088207938048,2.625200033187866
124,1.3965251104172738,-0.6189019364825352,0.4421743407607473,160.53347022258532,3.069200038909912
125,1.3965251104172498,-0.6189019364827514,0.44217434076084794,160.541,2.5680999755859375
126,1.394553568180689,-0.6111518042889518,0.45220910845197554,160.53347022258532,3.0278000831604004
127,1.3946461240246617,-0.6124753228020111,0.44623447261624877,160.51088207938048,5.994999885559082
128,1.3971764628965844,-0.6261526254715731,0.41330534348375403,160.4732391373151,4.167900085449219
129,1.3967390618296263,-0.6222962361810009,0.42549332192187905,160.42054734064607,4.3480000495910645
130,1.3976505859999961,-0.6318742176489084,0.3921186936520048,160.352815010019,1.7246999740600586
131,1.3962345709271058,-0.6285024207556502,0.38395837256967236,160.27005284115398,1.277400016784668
132,1.3968955963136511,-0.6355370416294366,0.35216605832674674,160.17227390315696,1.649399995803833
133,1.3962326787518295,-0.637155766798132,0.33542876750057193,160.05949363645567,2.0596001148223877
134,1.3979171499243417,-0.6476532857355304,0.2994653631695545,159.93172985036165,5.2708001136779785
135,1.3979198062440155,-0.6511010792162616,0.28532422805132873,159.78900272025783,0.6686999797821045
136,1.397810219603232,-0.6560586025282041,0.2466751762000391,159.63133478441256,2.0025999546051025
137,1.3985412668152486,-0.6650602008327278,0.21568994126313737,159.45875094042066,5.77400016784668
138,1.3986477111629405,-0.6712567516562717,0.17495361037600118,159.27127844127176,5.496200084686279
139,1.3993676009874982,-0.679264741327945,0.13231976781905316,159.06894689104675,4.503799915313721
140,1.3975826758119423,-0.6807843010922928,0.09201290792350353,158.85178824024285,1.6567000150680542
141,1.3996436158052952,-0.6943164878588883,0.05054903173438397,158.61983678072846,1.2344000339508057
142,1.4012581819649073,-0.7092264177914483,-0.020607168062824022,158.37312914032793,2.4200000762939453
143,1.3999109723089884,-0.7143008449403858,-0.07037224048369635,158.11170427703752,4.616499900817871
144,1.396998943836484,-0.7093748405466891,-0.10369427749975152,157.83560347287374,4.4816999435424805
145,1.3993184703102992,-0.7323766658064575,-0.1980504184091501,157.54487032735418,5.8155999183654785
146,1.3976831488729822,-0.7328392127745927,-0.2306896517649477,157.23955075061284,0.7602999806404114
147,1.4000076238302626,-0.7540772957752149,-0.3273960515097964,156.91969295615027,0.3319999873638153
148,1.3950156070354935,-0.7441933406201778,-0.35413152245886786,156.5853474532201,3.517899990081787
149,1.396395960126652,-0.7632292682487807,-0.4462810190339469,156.2365670388531,2.2121999263763428
150,1.3962780159602906,-0.7744630469839612,-0.5123683002245344,155.87340678951995,5.3649001121521
151,1.3943676963433842,-0.7806011678127135,-0.5937035708081027,155.4959240524338,3.90939998626709
152,1.3939717690359752,-0.7889914395973991,-0.6486637857380588,155.1041784364948,2.422800064086914
153,1.3921592489500396,-0.7945117485283553,-0.7228953332257314,154.69823180287702,5.903500080108643
154,1.3901061152243919,-0.8022815385894158,-0.8057777920201962,154.27814825525974,6.0131001472473145
155,1.386439114426332,-0.8007918331896897,-0.866762257789484,153.84399412970487,1.157099962234497
156,1.389180810205725,-0.8271572626525192,-0.9736841280727947,153.39583798418175,2.8373000621795654
157,1.382959859123367,-0.8187876578477945,-1.0317395829848415,152.93375058774097,4.423600196838379
158,1.3841239462641648,-0.8367142573591005,-1.107863604071415,152.45780490933905,0.6044999957084656
159,1.3782159698129102,-0.8261681975002252,-1.159446042552858,151.968076106316,5.314199924468994
160,1.3742059546407643,-0.8270173346641009,-1.2231279288831498,151.4646415125269,1.0615999698638916
161,1.3708815984378826,-0.8280674034308424,-1.2777080467055997,150.94758062613013,3.19320011138916
162,1.36724101633341,-0.8285417617750243,-1.3369547141545275,150.4169750970336,4.2932000160217285
163,1.3621529517028204,-0.8253821041767903,-1.3902724672499935,149.8729087140013,5.400000095367432
164,1.3570753238106432,-0.8227789424265717,-1.4297753966133806,149.3154673914222,5.69980001449585
165,1.35066839319554,-0.8097938130110554,-1.4610539872419415,148.74473915574316,4.76609992980957
166,1.3472737303277722,-0.8122964395121113,-1.5037623900555461,148.16081413156866,3.149899959564209
167,1.3421448674013774,-0.8060758740075382,-1.5211861187748832,147.56378452742916,3.6760001182556152
168,1.3340051703790343,-0.7903027910095598,-1.5381973063431853,146.95374462122004,1.5848000049591064
169,1.331110241409402,-0.79082455812747,-1.5518955689437275,146.33079074531437,5.14169979095459
170,1.3212568705785306,-0.7681093667772928,-1.5558611473732158,145.6950212713507,2.3361001014709473
171,1.31495616092157,-0.756096978870436,-1.5421749100302011,145.04653659469895,5.613699913024902
172,1.307538344762453,-0.7424439806038412,-1.533145162960127,144.38543911860708,1.4631999731063843
173,1.2999277859786498,-0.7261751349473514,-1.5068874188916277,143.71183323803027,3.9493000507354736
174,1.291292047627009,-0.7040135040240415,-1.4762218383243244,143.02582532314568,0.4011000096797943
175,1.2832676005309214,-0.6840192437249489,-1.431705980151665,142.32752370255562,3.025899887084961
176,1.2748978874291073,-0.6621374033803412,-1.3911723501433764,141.61703864618093,3.2274999618530273
177,1.2627065299322018,-0.6279700318010539,-1.3218438255452383,140.8944823478481,1.503499984741211
178,1.2547751788462866,-0.6060792588028845,-1.2578358754392815,140.15996890757293,0.39250001311302185
179,1.2449775838782544,-0.5774942176526007,-1.164559034214053,139.41361431354233,3.653599977493286
180,1.2328135652970358,-0.5402344375876631,-1.0788960213658207,138.6555364237987,4.606200218200684
181,1.2246301876508854,-0.5136727597525256,-0.986464532912265,137.88585494762873,1.5108000040054321
182,1.2136721637622907,-0.478194040196624,-0.8894622728623882,137.10469142666005,3.9110000133514404
183,1.2029977346605003,-0.4419146421143263,-0.7788650015647067,136.312169215668,0.9023000001907349
184,1.189463402227161,-0.39499021033530934,-0.637838186524453,135.50841346309699,4.77370023727417
185,1.1791282769709532,-0.3586242444789853,-0.503359151859901,134.6935510912978,1.3916000127792358
186,1.1669468220855144,-0.3142262610386887,-0.35419942322730213,133.86771077648504,0.5054000020027161
187,1.1541240548839686,-0.2678741830392595,-0.20317353348484987,133.03102292841788,4.334400177001953
188,1.1392694570192308,-0.21167310294075628,-0.05248918852730033,132.18361966980686,4.757999897003174
189,1.1281400762468976,-0.16994263577530425,0.12729038302896584,131.32563481544977,3.252000093460083
190,1.111120290163807,-0.1066252280323714,0.30644261167733505,130.45720385110124,6.021200180053711
191,1.098948735935581,-0.05885558787902816,0.48879414394775783,129.57846391207778,0.9686999917030334
192,1.0865713121648983,-0.012003895694631169,0.6585347855508878,128.6895537616023,3.9639999866485596
193,1.0704176165182946,0.04991989509192627,0.8573130778720571,127.7906137688922,3.7204999923706055
194,1.055670779454086,0.10333202052217275,1.0273145933250558,126.88178588699323,0.8655999898910522
195,1.038913967846402,0.1653939264045038,1.2325686736470047,125.96321363036331,0.2985000014305115
196,1.0221475985728208,0.22451581141769641,1.4170008852329976,125.03504205221026,5.858399868011475
197,1.0064072543100597,0.27926760029829223,1.5674301106608772,124.09741772158596,0.620199978351593
198,0.9878291701813623,0.3412578528597092,1.7418830992311014,123.15048870024143,4.832900047302246
199,0.9730695000879176,0.38926268413032766,1.8992190719168716,122.1944045192464,3.430500030517578
200,0.9518773405646667,0.45243588999899537,2.022707467354909,121.2293161553763,4.274899959564209
201,0.9329539671270033,0.5081310019553604,2.1482452378662,120.25537600727141,1.1921000480651855
202,0.9129826907860485,0.5622294918489863,2.231794818539725,119.27273787137139,0.04349999874830246
203,0.8947368342083499,0.6105087601751193,2.3193838535539237,118.28155691762905,2.38319993019104
204,0.8751168416706941,0.6607834966365189,2.3559863287094664,117.28198966500706,4.082300186157227
205,0.8549109626187491,0.7068023009172136,2.38405626562785,116.27419395676199,0.7160999774932861
206,0.8342940223710225,0.7544965814884208,2.3809129699351335,115.25832893551893,5.642899990081787
207,0.8133320590692846,0.7996432262237049,2.3508216351488165,114.23455501814095,3.3966000080108643
208,0.7908429262754268,0.8437655043203294,2.2871052314875353,113.20303387039759,1.8716000318527222
209,0.7719702297225606,0.8819597351739885,2.2102003211682613,112.16392838143594,4.594799995422363
210,0.7497307865226407,0.92562270231487,2.107046986020705,111.11740263805828,4.711900234222412
211,0.730067307097506,0.9631812763031595,2.000944071102466,110.06362189881126,0.6876000165939331
212,0.7074089360427313,1.0025153551499364,1.8561824197789296,109.00275256788944,0.967199981212616
213,0.6871051611356797,1.0434104539809086,1.7304889374028831,107.93496216885812,5.869800090789795
214,0.6657634973125276,1.0827565258395342,1.5747176264416118,106.86041931819952,3.6784000396728516
215,0.6450591260596177,1.1232202497118078,1.4352770537610988,105.77929369868632,2.882699966430664
216,0.6234423471008669,1.1669554999059368,1.2915696727392185,104.69175603258655,4.125899791717529
217,0.6019909081770869,1.2097681848587856,1.1560148542622606,103.59797805470488,5.371799945831299
218,0.5782990202287326,1.257238676387711,1.0350185804227945,102.49813248526354,4.266900062561035
219,0.553143710043276,1.307991461269141,0.9155471827087218,101.39239300262761,4.265900135040283
220,0.5290241284419119,1.353309075006503,0.8232921257998714,100.28093421587967,5.101099967956543
221,0.5034583161420932,1.404158104667615,0.7574472766483243,99.1639316372466,5.150199890136719
222,0.47605818396009575,1.455919386554629,0.7135182969401773,98.04156165438417,6.012599945068359
223,0.4470448149451981,1.5087009199717456,0.6784577017533396,96.91400150252366,4.135900020599365
224,0.41897885366052956,1.5563295287161494,0.675879270222362,95.78142923648417,4.15310001373291
225,0.38602691084056245,1.6046214609222123,0.6776995227546694,94.64402370255563,4.142300128936768
226,0.354985402691575,1.6501428202073725,0.6976805285556115,93.5019645102571,0.03590000048279762
227,0.3199431285679698,1.693050732735714,0.7385107283932377,92.35543200397424,2.065000057220459
228,0.2850129146594033,1.7300659726834802,0.7838126441955889,91.20460723448079,4.592599868774414
229,0.24911949159222985,1.762218143478755,0.8250621662903482,90.04967193034862,5.0524001121521
230,0.21260126938332496,1.7899941635197074,0.8696996984849915,88.89080846925071,1.6684999465942383
231,0.174479455645499,1.8096726385691368,0.9079369592212936,87.72819984916156,3.8912999629974365
232,0.13979725026947107,1.8253559816234002,0.9328573762987196,86.56202965945963,2.6586999893188477
233,0.10039642975604213,1.83446174049279,0.9358754462397127,85.39248205193661,1.7726000547409058
234,0.06481760078331343,1.8380258249335648,0.9300971680632736,84.21974171171746,4.55620002746582
235,0.027821564476367744,1.8368321257749576,0.8950324812039668,83.0439938280968,2.89490008354187
236,-0.009716574723271334,1.8285823319357026,0.8319838792263778,81.86542406529519,1.9127000570297241
237,-0.04363580264536303,1.8204958162803961,0.755143285630336,80.6842185331405,2.246799945831299
238,-0.08075947191602234,1.803532448154243,0.6474584992296537,79.50056375767926,0.6226999759674072
239,-0.11381921707100684,1.78824396958683,0.5223510195785643,78.31464665172193,4.917200088500977
240,-0.14404134693137044,1.7708614564343417,0.38174971642935945,77.12665448532704,4.685699939727783
241,-0.17962676723617801,1.7476221450651213,0.20323206233724717,75.9367748562293,5.384799957275391
242,-0.20747014929342833,1.7288133321985295,0.023005699766146796,74.74519566021583,3.7228000164031982
243,-0.23728164556118528,1.706064768990984,-0.17611183887099127,73.55210506145472,1.1878999471664429
244,-0.2637533476784664,1.6868679297510571,-0.3655082877148308,72.35769146278236,1.368299961090088
245,-0.28945434105417756,1.6671554330248113,-0.5699870127245749,71.16214347595205,3.022200107574463
246,-0.31642949100885875,1.646228355700753,-0.7783997634678435,69.9656498918501,1.1055999994277954
247,-0.3392986564849209,1.6312039404549743,-0.9736993219635218,68.76839965068365,5.384399890899658
248,-0.36028506290930823,1.6179870635711815,-1.1487318521426766,67.57058181214481,1.7275999784469604
249,-0.3829553664423568,1.603245307167107,-1.330434744076362,66.37238552555571,0.6820999979972839
250,-0.4031046623967321,1.5910642416669218,-1.4829225438143798,65.17400000000002,4.352799892425537
251,-0.4235565620854955,1.5793222479741618,-1.632640150790685,63.97561447444432,1.1993000507354736
252,-0.44378653831375403,1.568117441123301,-1.758522511139866,62.77741818785523,0.5914000272750854
253,-0.4624505978406021,1.5586750830210874,-1.8667589343537905,61.57960034931634,1.080299973487854
254,-0.48024168871071093,1.5476796186107047,-1.951197431944906,60.382350108149936,0.23340000212192535
255,-0.4997329377804272,1.5368749054346782,-2.0261425809547258,59.18585652404798,1.4706000089645386
256,-0.5162780846355371,1.524772334268602,-2.071804278290464,57.99030853721764,1.8514000177383423
257,-0.5339434863394777,1.510247684781921,-2.098779425913669,56.79589493854531,1.03410005569458
258,-0.5502809112508216,1.4973833485257642,-2.1111821834856483,55.602804339784214,6.276800155639648
259,-0.5668259746024101,1.4805317473712054,-2.1059178369026292,54.41122514377068,1.1857999563217163
260,-0.586150775842166,1.4540355904635995,-2.0804841811220336,53.22134551467304,3.2147998809814453
261,-0.6012714921481036,1.4367993633457394,-2.0505165212530363,52.033353348278155,0.9878000020980835
262,-0.6187241325497654,1.4098152405021303,-1.998775016128963,50.84743624232074,3.6070001125335693
263,-0.6351216341311154,1.3785297371749738,-1.9357700873217076,49.66378146685955,3.228600025177002
264,-0.6516633302730581,1.3477516365311952,-1.8681328318360413,48.482575934704855,4.7519001960754395
265,-0.6669257361902405,1.3176419830649995,-1.789221235258054,47.3040061719032,3.9702000617980957
266,-0.6845515035315143,1.2744282746736282,-1.692565543104355,46.12825828828257,3.1624999046325684
267,-0.7009192839809157,1.234705018279821,-1.5932885072414116,44.95551794806343,2.915299892425537
268,-0.7146928355718134,1.2007750837081523,-1.507894545937018,43.78597034054037,4.305699825286865
269,-0.7303788015864344,1.154655172473154,-1.4010981135636429,42.619800150838486,4.670199871063232
270,-0.744477487335218,1.1148201595846141,-1.3089037396811818,41.45719153074932,4.740499973297119
271,-0.7609091713750974,1.0596217110649457,-1.1878087738143692,40.29832806965142,1.728700041770935
272,-0.7748744146074322,1.0147941161191625,-1.090540116569047,39.14339276551925,1.503499984741211
273,-0.7883783989864088,0.9696201727759293,-0.9954274840541841,37.992567996025784,4.138299942016602
274,-0.8023504984898604,0.9184784138766466,-0.894713552038518,36.8460354897429,4.702400207519531
275,-0.815234623339329,0.8673127187599825,-0.7969915498980024,35.703976297444406,5.658999919891357
276,-0.8295054440630233,0.8122545052664252,-0.6969534622251552,34.566570763515855,2.2697999477386475
277,-0.8425400501240488,0.755338644008761,-0.6053131646227443,33.43399849747633,0.5160999894142151
278,-0.8536537840564263,0.7087123378870984,-0.527014656099424,32.30643834561586,1.2599999904632568
279,-0.8654902401331813,0.653367504101968,-0.4443272983029375,31.184068362753436,3.5095999240875244
280,-0.8771576484617268,0.5986000996721065,-0.36633288816228604,30.067065784120324,4.396699905395508
281,-0.8874639663897772,0.5477326939975371,-0.2963398018850748,28.955606997372435,1.215000033378601
282,-0.898659249055598,0.48750002924907593,-0.22015946626819752,27.849867514736545,0.34470000863075256
283,-0.908273316182324,0.44068939481394226,-0.16238543173688744,26.750021945295117,4.2758002281188965
284,-0.9173992819010279,0.38740793004042834,-0.10842751306169174,25.65624396741348,2.382499933242798
285,-0.9270895484456526,0.3320444221801069,-0.04768752733754786,24.568706301313718,5.00029993057251
286,-0.9358279107177165,0.279612429812787,0.003114958088174601,23.487580681800473,5.110799789428711
287,-0.9427729807859421,0.23584160166652837,0.0449215558060991,22.413037831141914,4.472499847412109
288,-0.9512383648560017,0.18314169535233338,0.08812176939171168,21.345247432110583,4.916500091552734
289,-0.9584891721591954,0.13704723830314067,0.129360498386257,20.284378101188736,0.12790000438690186
290,-0.964826124455906,0.08684061837361216,0.1639389914725032,19.230597361941754,5.643400192260742
291,-0.9714059304081162,0.03997501273202285,0.19580114932099665,18.184071618564097,4.565400123596191
292,-0.9777611588960042,-0.00600680127199841,0.22634968338310446,17.144966129602402,4.554900169372559
293,-0.9826236203047216,-0.05009363463688597,0.2520116446695134,16.11344498185911,3.2551000118255615
294,-0.9880123693548826,-0.090424969549025,0.2747588329013593,15.089671064481102,0.6233000159263611
295,-0.9929261161989293,-0.13480782000367394,0.2969845198971025,14.073806043238022,2.181999921798706
296,-0.9969316511249342,-0.17230079368768672,0.31550273184298216,13.066010334992974,1.121000051498413
297,-1.0013942287578437,-0.21597922731531,0.33635639914479704,12.06644308237098,3.7404000759124756
298,-1.0051758262452641,-0.2577786206311326,0.3515556644880472,11.075262128628616,3.3513998985290527
299,-1.0086026138856499,-0.29652208506253985,0.36647696168034355,10.092623992728626,1.6088999509811401
300,-1.0115347460227078,-0.3265217398646639,0.3737189535845255,9.118683844623732,5.133299827575684
301,-1.0147374877408026,-0.3653416937759907,0.3849153201626602,8.153595480753609,0.3206999897956848
302,-1.017121887587953,-0.39604306750022644,0.3912426737410334,7.197511299758602,2.6700000762939453
303,-1.0193565837253062,-0.4286149638680321,0.3974547287904153,6.2505822784141145,2.968100070953369
304,-1.0207369603442464,-0.45404155745620944,0.4046111072216903,5.3129579477897835,4.380000114440918
305,-1.0222830146042385,-0.48350535118330135,0.4092073968259674,4.384786369636721,0.17170000076293945
306,-1.0234749080280807,-0.5127980630996336,0.41655859785077315,3.4662141130068065,0.19169999659061432
307,-1.0252392669978088,-0.545195971744489,0.41753520379214454,2.557386231107799,3.728100061416626
308,-1.0261729836438704,-0.5693466280931985,0.4213264772574211,1.6584462383977439,1.648300051689148
309,-1.026838331225368,-0.5930834338198872,0.4229932391553548,0.7695360879222761,0.361299991607666
310,-1.0280266758452064,-0.6209755715210276,0.4220757209987138,359.89079614889874,1.0022000074386597
311,-1.0282564832238414,-0.641476508061123,0.4199335948306429,359.02236518455027,2.2492001056671143
312,-1.0284447545118696,-0.6652393684216883,0.42277236296811105,358.1643803301932,0.6187000274658203
313,-1.0286754812303085,-0.6856315889598092,0.4205133354832673,357.3169770715821,5.183599948883057
314,-1.0287233999495753,-0.7138823630913912,0.4175191342431749,356.480289223515,1.5443999767303467
315,-1.028472545300291,-0.727588508457069,0.419954019428259,355.65444890870225,2.539099931716919
316,-1.0281199836104475,-0.7447018606956688,0.4145028019813233,354.839586536903,2.800299882888794
317,-1.0277858004477605,-0.7595305982306421,0.41186584134796056,354.035830784332,4.451600074768066
318,-1.026929077870324,-0.777190039947036,0.41090768918038634,353.24330857334,3.781599998474121
319,-1.0265603940953463,-0.7950899982718961,0.4061876285961971,352.4621450523713,3.1705000400543213
320,-1.0259948149417826,-0.8129710351474888,0.40265272771028193,351.6924635762013,3.1619999408721924
321,-1.0251828314034293,-0.828727187005778,0.4002753121001186,350.93438568645774,3.213099956512451
322,-1.024772524162616,-0.8389608124840083,0.39195942433486697,350.1880310924271,4.838099956512451
323,-1.023798050377675,-0.8578959036095714,0.3872229120812013,349.4535176521519,2.2146999835968018
324,-1.0223893587667425,-0.8725977532556951,0.3849390591871986,348.7309613538191,5.389999866485596
325,-1.0210935410737414,-0.8800671909916292,0.38162864158340687,348.0204762974444,4.356900215148926
326,-1.0200693709861397,-0.8927109980978525,0.3736721200394405,347.32217467685433,4.493000030517578
327,-1.019027813953594,-0.9061106074740973,0.3690740300913812,346.6361667619698,2.0153000354766846
328,-1.0179701008461561,-0.9156790734984137,0.36714639027297924,345.96256088139296,5.222499847412109
329,-1.0168665465432831,-0.9284907120748592,0.35478719964387984,345.3014634053011,1.5430999994277954
330,-1.0155171576964583,-0.933999844509637,0.35613467057842363,344.6529787286494,3.637500047683716
331,-1.0144941448078562,-0.9460131056859544,0.34309606315018587,344.01720925468567,3.1040000915527344
332,-1.0127438425358446,-0.9538861580142811,0.3432265396350765,343.3942553787799,2.1445000171661377
333,-1.011864923603802,-0.9627544481851422,0.33343060179248296,342.7842154725709,3.197700023651123
334,-1.010235642668799,-0.9710475431580042,0.32716145008917275,342.18718586843136,0.33709999918937683
335,-1.0089510073778656,-0.9788968915201802,0.32029310288499574,341.60326084425685,3.666800022125244
336,-1.007685283941936,-0.9866153030415367,0.3148988694324853,341.0325326085778,2.1696999073028564
337,-1.006071980847167,-0.9929028649650654,0.30879600479532887,340.4750912859987,2.7720000743865967
338,-1.00496639732149,-1.003588500357926,0.30403395627995805,339.93102490296644,2.0434999465942383
339,-1.003858285765588,-1.0090987835360192,0.29249971003583713,339.4004193738699,5.901599884033203
340,-1.0021783579308172,-1.0132021975476462,0.29002360479031364,338.8833584874731,3.4660000801086426
341,-1.0010008005676658,-1.0205135859892682,0.2776831728698828,338.379923893684,5.944499969482422
342,-0.999490342369513,-1.026950638117053,0.2750219723559287,337.890195090661,2.5755999088287354
343,-0.9985952527507139,-1.0301657771917565,0.2710840469557847,337.41424941225904,5.885900020599365
344,-0.9971371885109692,-1.0382009676754447,0.25668243574512567,336.95216201581826,1.9753999710083008
345,-0.99589387299634,-1.0398183848174907,0.2571326945564359,336.50400587029515,3.751699924468994
346,-0.994735575283467,-1.04637125362462,0.250563820763904,336.0698517447403,3.374799966812134
347,-0.9931149956194618,-1.0457883165903405,0.2437927777116135,335.64976819712297,4.191699981689453
348,-0.9926658423056882,-1.054545860998419,0.2352615319721296,335.2438215635052,1.2825000286102295
349,-0.9910938651639842,-1.0557415796562064,0.23073467044964133,334.8520759475662,3.0288000106811523
350,-0.990086520201534,-1.056326756361922,0.2254145823137851,334.47459321048007,3.878999948501587
351,-0.9890381917930193,-1.0646792231899465,0.21731431032557516,334.1114329611469,5.469799995422363
352,-0.9877468819688021,-1.0658055029176752,0.21633494921266452,333.7626525467799,3.949199914932251
353,-0.9870759505432828,-1.067663351981011,0.2071822597162421,333.4283070438497,4.430200099945068
354,-0.9862377026058636,-1.0791659269162504,0.1983865492249752,333.10844924938715,5.531799793243408
355,-0.9849745317597549,-1.0754447759041945,0.19887854006510172,332.80312967264587,1.777899980545044
356,-0.9837469958063114,-1.0752205759616604,0.19548455421290292,332.51239652712627,0.2632000148296356
357,-0.9827404163243458,-1.0769014706041824,0.19276240285612958,332.2362957229625,4.018199920654297
358,-0.9827310658394883,-1.083887353178154,0.18569506521964327,331.97487085967214,0.006500000134110451
359,-0.9811438258857584,-1.0819117983506021,0.18191939306564642,331.72816321927155,1.5098999738693237
360,-0.9812236005347782,-1.083555664461288,0.1787935282185509,331.49621175975716,6.207600116729736
361,-0.980527658007759,-1.0873518134813476,0.17481945697741566,331.2790531089533,2.40339994430542
362,-0.9795678440365381,-1.0917239519015831,0.16807906021500268,331.07672155872825,3.6182000637054443
363,-0.9791454518634722,-1.0899496492399194,0.16655117306411826,330.88924905957936,3.0165998935699463
364,-0.9783568453128355,-1.085159912849144,0.16124364298084784,330.71666521558745,6.2093000411987305
365,-0.9780133511779195,-1.0894467833882906,0.16039710727486553,330.5589972797422,5.604100227355957
366,-0.9775672903960274,-1.0894750069154961,0.15949694878613624,330.41627014963836,1.7870999574661255
367,-0.9772724602357628,-1.0915841630025176,0.15240992977278905,330.28850636354434,0.16459999978542328
368,-0.9770888740823829,-1.0949974161176264,0.15232946021875965,330.17572609684305,5.1691999435424805
369,-0.976223378662081,-1.0945192513124593,0.1544588920601666,330.07794715884603,3.924299955368042
370,-0.9761854828670243,-1.0970089151062579,0.14786395677493622,329.995184989981,1.0788999795913696
371,-0.9764827131236488,-1.0979796198317204,0.1463308598590318,329.92745265935395,1.6359000205993652
372,-0.9759547978206574,-1.0946639593882725,0.1506285282888785,329.8747608626849,5.138500213623047
373,-0.9759547978206902,-1.0946639593883987,0.15062852829013462,329.83711792061956,5.420400142669678
374,-0.9759547978206666,-1.094663959388416,0.15062852828997175,329.8145297774147,6.185699939727783
375,-0.9759547978206703,-1.094663959388301,0.15062852828987874,329.807,5.171599864959717
376,-0.9759547978206706,-1.0946639593886187,0.15062852828869128,329.8145297774147,2.218600034713745
377,-0.9764827131236068,-1.0979796198323006,0.14633085985869312,329.83711792061956,1.7222000360488892
378,-0.9761854828670055,-1.0970089151059426,0.14786395677594202,329.8747608626849,4.663700103759766
379,-0.9762233786620919,-1.094519251312652,0.1544588920596448,329.9274526593539,4.917600154876709
380,-0.9770888740823438,-1.0949974161178209,0.15232946021793498,329.995184989981,3.456899881362915
381,-0.9772724602357853,-1.091584163002732,0.1524099297733188,330.07794715884603,4.548299789428711
382,-0.9775672903960232,-1.0894750069153767,0.15949694878632562,330.17572609684305,4.471099853515625
383,-0.9780133511779232,-1.0894467833881745,0.16039710727530762,330.28850636354434,6.167399883270264
384,-0.9783568453128586,-1.085159912849233,0.16124364298126567,330.41627014963836,0.6176999807357788
385,-0.979145451863465,-1.089949649239825,0.16655117306240422,330.5589972797422,1.2609000205993652
386,-0.9795678440365471,-1.0917239519014679,0.16807906021442529,330.71666521558745,5.591100215911865
387,-0.9805276580077416,-1.0873518134813962,0.17481945697825513,330.88924905957936,1.423699975013733
388,-0.9812236005347653,-1.0835556644610527,0.17879352821859373,331.07672155872825,5.258500099182129
389,-0.981143825885764,-1.0819117983507625,0.18191939306496965,331.2790531089533,0.6830000281333923
390,-0.9827310658394884,-1.0838873531781834,0.18569506521919502,331.49621175975716,4.815999984741211
391,-0.9827404163243346,-1.07690147060412,0.19276240285706808,331.72816321927155,2.292099952697754
392,-0.9837469958063131,-1.0752205759616345,0.1954845542133315,331.9748708596721,0.18400000035762787
393,-0.9849745317597467,-1.0754447759042967,0.1988785400658243,332.2362957229625,2.022200107574463
394,-0.9862377026058443,-1.0791659269163445,0.198386549224784,332.51239652712627,3.3738999366760254
395,-0.9870759505432778,-1.0676633519803511,0.2071822597154202,332.8031296726458,6.181600093841553
396,-0.9877468819688056,-1.0658055029177167,0.21633494921259916,333.10844924938715,0.349700003862381
397,-0.9890381917930349,-1.0646792231900652,0.2173143103257014,333.4283070438497,5.6118998527526855
398,-0.9900865202015305,-1.0563267563619083,0.2254145823140725,333.7626525467799,4.340400218963623
399,-0.9910938651639579,-1.0557415796564638,0.23073467045030335,334.1114329611469,2.8777999877929688
400,-0.9926658423056923,-1.0545458609985028,0.2352615319732916,334.47459321048007,2.637500047683716
401,-0.9931149956194422,-1.045788316590349,0.24379277771094265,334.8520759475662,2.5601000785827637
402,-0.9947355752834492,-1.0463712536243734,0.25056382076307665,335.2438215635052,5.9868998527526855
403,-0.9958938729963313,-1.0398183848171432,0.2571326945560424,335.64976819712297,3.1519999504089355
404,-0.9971371885109721,-1.0382009676755632,0.25668243574449745,336.0698517447403,4.190999984741211
405,-0.9985952527507181,-1.030165777191552,0.271084046955419,336.50400587029515,2.8238000869750977
406,-0.999490342369492,-1.0269506381173656,0.2750219723562524,336.9521620158182,0.2619999945163727
407,-1.0010008005676596,-1.0205135859891268,0.2776831728699899,337.4142494122591,6.172299861907959
408,-1.0021783579307966,-1.013202197547493,0.29002360479081346,337.89019509066094,5.395500183105469
409,-1.0038582857655831,-1.009098783536155,0.29249971003544895,338.379923893684,5.378499984741211
410,-1.0049663973214817,-1.0035885003576468,0.30403395627977126,338.8833584874731,5.1234002113342285
411,-1.006071980847156,-0.9929028649647946,0.30879600479517705,339.4004193738699,1.142199993133545
412,-1.0076852839419659,-0.9866153030415374,0.31489886943326134,339.9310249029664,0.8827999830245972
413,-1.0089510073778636,-0.9788968915199591,0.3202931028848374,340.4750912859987,2.8452000617980957
414,-1.0102356426687868,-0.9710475431580541,0.3271614500885397,341.0325326085778,6.004300117492676
415,-1.011864923603849,-0.9627544481849767,0.3334306017921364,341.60326084425685,1.8187999725341797
416,-1.0127438425358506,-0.9538861580141512,0.34322653963420524,342.18718586843136,6.088500022888184
417,-1.0144941448078388,-0.9460131056858327,0.3430960631504397,342.78421547257085,5.631100177764893
418,-1.0155171576964739,-0.9339998445096725,0.35613467057798437,343.39425537878,0.9236000180244446
419,-1.0168665465432885,-0.9284907120753245,0.35478719964377886,344.0172092546856,1.301300048828125
420,-1.0179701008461757,-0.9156790734985524,0.3671463902728848,344.6529787286494,0.7856000065803528
421,-1.0190278139535769,-0.9061106074743828,0.3690740300912739,345.30146340530104,4.700799942016602
422,-1.0200693709861237,-0.8927109980979343,0.3736721200390626,345.96256088139296,2.0264999866485596
423,-1.0210935410737316,-0.880067190991667,0.3816286415822427,346.6361667619698,0.3255999982357025
424,-1.022389358766731,-0.8725977532557511,0.38493905918777177,347.3221746768543,4.272500038146973
425,-1.0237980503776996,-0.8578959036093661,0.38722291208049336,348.02047629744436,3.884999990463257
426,-1.024772524162646,-0.8389608124844409,0.39195942433592096,348.7309613538191,5.070199966430664
427,-1.0251828314033977,-0.8287271870058873,0.4002753120992597,349.4535176521519,3.64739990234375
428,-1.0259948149418157,-0.8129710351473343,0.4026527277082341,350.1880310924271,4.259500026702881
429,-1.0265603940953536,-0.7950899982716468,0.4061876285959655,350.9343856864577,6.021399974822998
430,-1.0269290778703533,-0.777190039947072,0.41090768918008047,351.69246357620125,0.24150000512599945
431,-1.027785800447762,-0.7595305982306141,0.41186584134808374,352.4621450523713,1.8559999465942383
432,-1.0281199836104449,-0.7447018606955141,0.41450280198093997,353.24330857333996,4.951499938964844
433,-1.0284725453003043,-0.7275885084573281,0.419954019428733,354.035830784332,4.795100212097168
434,-1.0287233999495486,-0.7138823630915319,0.41751913424252535,354.839586536903,0.3312999904155731
435,-1.0286754812302914,-0.6856315889596496,0.4205133354846689,355.65444890870225,5.603300094604492
436,-1.028444754511867,-0.6652393684216241,0.4227723629679552,356.48028922351494,5.722899913787842
437,-1.0282564832238412,-0.6414765080610482,0.4199335948311895,357.3169770715821,0.2329999953508377
438,-1.028026675845199,-0.6209755715209303,0.42207572099799207,358.1643803301932,4.083099842071533
439,-1.026838331225386,-0.5930834338196787,0.422993239153931,359.0223651845502,4.091800212860107
440,-1.0261729836439006,-0.569346628093312,0.42132647725776257,359.8907961488988,1.4703999757766724
441,-1.0252392669977823,-0.5451959717447349,0.4175352037919693,0.7695360879222477,2.7720999717712402
442,-1.0234749080280838,-0.5127980630997241,0.41655859785038574,1.6584462383977154,3.4291999340057373
443,-1.022283014604239,-0.4835053511834173,0.40920739682573787,2.557386231107799,5.283899784088135
444,-1.0207369603442482,-0.45404155745624547,0.40461110722018584,3.4662141130068065,4.61899995803833
445,-1.019356583725299,-0.4286149638679579,0.3974547287916013,4.384786369636657,4.963200092315674
446,-1.017121887587953,-0.39604306750023704,0.39124267374073357,5.312957947789791,5.10260009765625
447,-1.0147374877408153,-0.36534169377553577,0.3849153201637876,6.250582278414051,1.0354000329971313
448,-1.0115347460227284,-0.3265217398642836,0.3737189535833001,7.197511299758538,4.760499954223633
449,-1.0086026138856725,-0.29652208506276967,0.36647696168155974,8.153595480753651,4.770899772644043
450,-1.0051758262453014,-0.2577786206310445,0.3515556644884736,9.118683844623696,1.4950000047683716
451,-1.001394228757795,-0.21597922731530192,0.3363563991453238,10.092623992728598,0.7408000230789185
452,-0.9969316511249555,-0.17230079368723134,0.31550273184334093,11.075262128628616,0.11680000275373459
453,-0.9929261161989285,-0.13480782000368857,0.2969845198972404,12.06644308237098,4.623899936676025
454,-0.9880123693548719,-0.09042496954897916,0.27475883290100955,13.06601033499291,2.8338000774383545
455,-0.982623620304718,-0.05009363463686271,0.25201164467008796,14.073806043238065,1.5312999486923218
456,-0.9777611588959978,-0.006006801272418452,0.2263496833830457,15.089671064481074,2.9626998901367188
457,-0.971405930408121,0.039975012731641904,0.1958011493209897,16.113444981859047,5.665599822998047
458,-0.9648261244558989,0.08684061837364657,0.1639389914739943,17.14496612960238,2.11680006980896
459,-0.9584891721591632,0.1370472383029372,0.12936049838589556,18.18407161856407,0.09679999947547913
460,-0.9512383648560004,0.18314169535231797,0.0881217693919714,19.23059736194172,1.9263999462127686
461,-0.9427729807858983,0.2358416016666219,0.044921555807265125,20.284378101188736,0.8152999877929688
462,-0.9358279107177111,0.27961242981266826,0.0031149580890118054,21.34524743211059,5.02839994430542
463,-0.9270895484456467,0.33204442217983676,-0.04768752733734471,22.41303783114185,0.12460000067949295
464,-0.9173992819010276,0.3874079300408527,-0.1084275130616137,23.487580681800523,6.022600173950195
465,-0.9082733161822938,0.4406893948144081,-0.16238543173716632,24.56870630131369,4.410699844360352
466,-0.8986592490555853,0.48750002924867764,-0.22015946626893632,25.656243967413452,1.0092999935150146
467,-0.8874639663897934,0.5477326939972222,-0.29633980188449144,26.750021945295117,1.200600028038025
468,-0.8771576484617397,0.5986000996721149,-0.3663328881616515,27.849867514736516,5.742199897766113
469,-0.865490240133181,0.6533675041019467,-0.44432729830197143,28.95560699737232,4.5954999923706055
470,-0.8536537840564353,0.7087123378871393,-0.5270146560993841,30.06706578412033,4.6890997886657715
471,-0.8425400501240454,0.7553386440087563,-0.6053131646217565,31.18406836275345,2.667799949645996
472,-0.829505444063032,0.8122545052667324,-0.6969534622258029,32.30643834561579,5.33459997177124
473,-0.8152346233393569,0.8673127187602271,-0.7969915498975397,33.43399849747638,1.4668999910354614
474,-0.8023504984898843,0.9184784138768899,-0.8947135520385576,34.56657076351583,2.5857999324798584
475,-0.7883783989863837,0.9696201727760559,-0.9954274840527129,35.70397629744438,3.5552000999450684
476,-0.7748744146074144,1.014794116119395,-1.090540116569379,36.8460354897429,2.6545000076293945
477,-0.7609091713751184,1.0596217110650548,-1.1878087738136813,37.992567996025784,1.9714000225067139
478,-0.7444774873352102,1.114820159584692,-1.3089037396815182,39.14339276551918,2.3859000205993652
479,-0.7303788015863976,1.154655172473218,-1.4010981135643632,40.29832806965142,0.24809999763965607
480,-0.7146928355718248,1.2007750837078615,-1.5078945459358428,41.45719153074924,2.0655999183654785
481,-0.700919283980921,1.2347050182799142,-1.5932885072419103,42.61980015083841,3.414599895477295
482,-0.6845515035315519,1.2744282746735311,-1.69256554310489,43.785970340540416,4.469399929046631
483,-0.666925736190213,1.3176419830648416,-1.7892212352589394,44.955517948063395,2.4249000549316406
484,-0.6516633302730283,1.3477516365311373,-1.8681328318352775,46.12825828828254,0.8661999702453613
485,-0.6351216341311146,1.3785297371750096,-1.9357700873206443,47.3040061719032,0.22689999639987946
486,-0.6187241325497856,1.4098152405022575,-1.99877501612929,48.482575934704855,1.9074000120162964
487,-0.6012714921481033,1.43679936334574,-2.050516521253634,49.663781466859476,3.4351999759674072
488,-0.5861507758421739,1.4540355904638447,-2.0804841811222468,50.847436242320796,2.573199987411499
489,-0.5668259746024114,1.4805317473711788,-2.105917836901359,52.03335334827808,2.775099992752075
490,-0.5502809112507915,1.497383348525843,-2.111182183486102,53.22134551467296,3.4932000637054443
491,-0.5339434863395127,1.5102476847818922,-2.0987794259147954,54.411225143770736,2.0004000663757324
492,-0.516278084635557,1.524772334268828,-2.0718042782912374,55.60280433978418,4.406599998474121
493,-0.4997329377804335,1.536874905434801,-2.0261425809554665,56.795894938545274,0.5960999727249146
494,-0.48024168871070777,1.547679618610736,-1.9511974319449417,57.99030853721764,3.1512999534606934
495,-0.46245059784061454,1.5586750830218523,-1.8667589343534916,59.18585652404799,3.467600107192993
496,-0.4437865383137433,1.5681174411233803,-1.7585225111401448,60.38235010814986,2.1240999698638916
497,-0.42355656208549086,1.579322247974251,-1.6326401507914918,61.579600349316394,4.411300182342529
498,-0.4031046623967171,1.5910642416666427,-1.482922543815078,62.7774181878552,1.1023999452590942
499,-0.38295536644235795,1.6032453071671156,-1.330434744075727,63.975614474444285,1.3206000328063965
500,-0.36028506290929596,1.6179870635714757,-1.148731852142844,65.17399999999998,5.996399879455566
501,-0.33929865648492347,1.6312039404547745,-0.9736993219649003,66.37238552555569,1.2585999965667725
502,-0.3164294910088781,1.646228355700722,-0.7783997634677903,67.57058181214477,3.933199882507324
503,-0.28945434105417445,1.6671554330248528,-0.5699870127242138,68.76839965068366,4.515999794006348
504,-0.26375334767849246,1.686867929751091,-0.365508287714989,69.9656498918501,3.9681999683380127
505,-0.23728164556116724,1.7060647689915684,-0.17611183887118775,71.16214347595198,6.131100177764893
506,-0.20747014929344257,1.7288133321981205,0.023005699766344312,72.3576914627824,1.7555999755859375
507,-0.17962676723619353,1.7476221450655678,0.2032320623371403,73.5521050614547,5.143199920654297
508,-0.14404134693140697,1.7708614564341092,0.3817497164297815,74.74519566021578,2.544100046157837
509,-0.11381921707099066,1.7882439695869803,0.522351019579902,75.93677485622932,1.2487000226974487
510,-0.08075947191601796,1.8035324481543287,0.6474584992300296,77.12665448532701,1.256600022315979
511,-0.04363580264534104,1.8204958162803577,0.7551432856303076,78.3146466517218,1.1725000143051147
512,-0.00971657472325223,1.8285823319357977,0.8319838792263206,79.50056375767926,2.7325000762939453
513,0.027821564476367022,1.8368321257748788,0.8950324812034032,80.6842185331405,2.6598000526428223
514,0.0648176007833079,1.838025824933328,0.9300971680628551,81.8654240652951,3.9755001068115234
515,0.1003964297560446,1.8344617404927408,0.9358754462395731,83.04399382809686,0.02710000053048134
516,0.13979725026948484,1.8253559816232852,0.9328573762986689,84.21974171171743,4.249499797821045
517,0.17447945564551876,1.80967263856972,0.9079369592210715,85.39248205193657,2.163800001144409
518,0.21260126938329002,1.7899941635196217,0.8696996984849856,86.56202965945963,2.805799961090088
519,0.24911949159221608,1.762218143478822,0.8250621662901269,87.72819984916156,0.2727000117301941
520,0.2850129146594029,1.7300659726835643,0.7838126441955763,88.89080846925064,1.3006000518798828
521,0.31994312856798024,1.693050732736248,0.738510728392462,90.04967193034862,4.701200008392334
522,0.3549854026916186,1.6501428202069215,0.6976805285539384,91.2046072344807,0.6004999876022339
523,0.38602691084057494,1.6046214609224703,0.6776995227538776,92.35543200397417,1.4141000509262085
524,0.418978853660505,1.556329528715969,0.6758792702231734,93.50196451025715,1.9767999649047852
525,0.447044814945203,1.5087009199716765,0.6784577017535447,94.6440237025556,1.5372999906539917
526,0.4760581839601049,1.4559193865545828,0.7135182969396134,95.78142923648414,5.645500183105469
527,0.5034583161420988,1.4041581046673401,0.7574472766473398,96.91400150252367,5.135799884796143
528,0.5290241284419069,1.3533090750072632,0.8232921257987204,98.04156165438418,2.512399911880493
529,0.5531437100433,1.3079914612690149,0.9155471827089179,99.16393163724652,1.6475000381469727
530,0.578299020228759,1.2572386763877579,1.035018580425373,100.28093421587971,3.697999954223633
531,0.6019909081770909,1.2097681848587607,1.1560148542620488,101.39239300262756,0.8345000147819519
532,0.6234423471008773,1.1669554999058098,1.2915696727391952,102.49813248526345,5.700799942016602
533,0.6450591260596372,1.1232202497114365,1.4352770537601633,103.59797805470485,4.486000061035156
534,0.6657634973125319,1.0827565258396779,1.5747176264417984,104.69175603258651,4.433300018310547
535,0.6871051611356794,1.043410453980975,1.7304889374023373,105.77929369868627,1.7553999423980713
536,0.7074089360427316,1.0025153551499086,1.8561824197790235,106.86041931819953,0.8532000184059143
537,0.7300673070975048,0.9631812763031187,2.0009440711019693,107.93496216885812,5.424300193786621
538,0.7497307865226756,0.9256227023145128,2.107046986021902,109.00275256788939,2.608599901199341
539,0.7719702297225733,0.8819597351741262,2.2102003211685335,110.0636218988113,2.606300115585327
540,0.7908429262754435,0.84376550432055,2.2871052314875815,111.11740263805825,0.8016999959945679
541,0.8133320590692628,0.7996432262241601,2.3508216351492743,112.16392838143591,2.8231000900268555
542,0.8342940223710322,0.7544965814883537,2.3809129699344487,113.2030338703976,1.0462000370025635
543,0.8549109626187381,0.7068023009174025,2.3840562656284967,114.23455501814092,5.990900039672852
544,0.8751168416707177,0.660783496636542,2.3559863287091076,115.2583289355189,2.1891000270843506
545,0.8947368342083551,0.6105087601749937,2.3193838535539637,116.27419395676199,1.8902000188827515
546,0.9129826907860153,0.5622294918487968,2.2317948185395897,117.28198966500706,1.329300045967102
547,0.9329539671270115,0.5081310019556422,2.1482452378670454,118.28155691762899,1.7175999879837036
548,0.9518773405646562,0.4524358899988046,2.022707467354999,119.27273787137143,1.645799994468689
549,0.9730695000878864,0.3892626841303578,1.899219071917216,120.25537600727137,4.9807000160217285
550,0.9878291701813606,0.3412578528597911,1.7418830992313945,121.22931615537627,4.0543999671936035
551,1.0064072543100513,0.27926760029820996,1.5674301106609492,122.1944045192464,4.093500137329102
552,1.0221475985728192,0.22451581141768825,1.4170008852340716,123.15048870024144,0.5070000290870667
553,1.038913967846407,0.16539392640472708,1.2325686736478398,124.09741772158586,4.254300117492676
554,1.0556707794540745,0.10333202052238005,1.0273145933248413,125.03504205221026,0.4945000112056732
555,1.0704176165183017,0.049919895092283784,0.8573130778725897,125.96321363036331,1.4185999631881714
556,1.086571312164925,-0.012003895694329251,0.6585347855506507,126.88178588699316,1.5276999473571777
557,1.0989487359355705,-0.05885558787929303,0.4887941439477752,127.79061376889223,3.0053000450134277
558,1.1111202901638453,-0.10662522803224211,0.30644261167773484,128.68955376160227,0.6554999947547913
559,1.1281400762469367,-0.16994263577532553,0.12729038302957588,129.57846391207772,2.224299907684326
560,1.1392694570192474,-0.21167310294065386,-0.05248918852661681,130.45720385110127,0.04270000010728836
561,1.1541240548839675,-0.2678741830392438,-0.20317353348532158,131.32563481544977,6.235799789428711
562,1.166946822085465,-0.3142262610383659,-0.3541994232284245,132.1836196698068,2.3557000160217285
563,1.1791282769709566,-0.35862424447899705,-0.5033591518597597,133.03102292841794,6.232100009918213
564,1.1894634022271595,-0.394990210335226,-0.6378381865244781,133.86771077648498,1.2336000204086304
565,1.2029977346604488,-0.4419146421140646,-0.7788650015647338,134.69355109129773,2.1547000408172607
566,1.213672163762298,-0.47819404019670536,-0.8894622728622144,135.508413463097,5.5817999839782715
567,1.2246301876509063,-0.5136727597526386,-0.9864645329119055,136.31216921566798,0.34150001406669617
568,1.2328135652970107,-0.5402344375876387,-1.0788960213665013,137.10469142666,5.025100231170654
569,1.2449775838782493,-0.5774942176529327,-1.1645590342141665,137.88585494762876,1.1377999782562256
570,1.2547751788462738,-0.606079258802923,-1.2578358754397307,138.6555364237987,4.887899875640869
571,1.2627065299322258,-0.627970031801151,-1.3218438255443328,139.4136143135423,5.348700046539307
572,1.2748978874290775,-0.6621374033802256,-1.3911723501442443,140.15996890757296,4.444900035858154
573,1.2832676005308952,-0.6840192437253426,-1.4317059801506427,140.8944823478481,1.2062000036239624
574,1.2912920476270089,-0.7040135040240206,-1.4762218383246257,141.61703864618087,5.913899898529053
575,1.2999277859786633,-0.7261751349474632,-1.5068874188920232,142.3275237025556,5.065000057220459
576,1.3075383447624467,-0.7424439806036457,-1.5331451629604038,143.02582532314568,3.7111001014709473
577,1.31495616092157,-0.7560969788704639,-1.5421749100300675,143.71183323803024,2.7985999584198
578,1.321256870578532,-0.7681093667772545,-1.5558611473734356,144.38543911860708,5.7769999504089355
579,1.3311102414094207,-0.7908245581272806,-1.5518955689434504,145.04653659469895,5.2164998054504395
580,1.334005170379033,-0.7903027910096486,-1.5381973063437353,145.69502127135064,3.4885001182556152
581,1.3421448674013838,-0.8060758740076283,-1.5211861187751494,146.3307907453144,3.9228999614715576
582,1.3472737303277698,-0.812296439512265,-1.5037623900556092,146.95374462122004,2.023200035095215
583,1.350668393195555,-0.8097938130112732,-1.4610539872408395,147.5637845274291,2.3234000205993652
584,1.3570753238106406,-0.822778942426189,-1.429775396614348,148.16081413156866,0.019099999219179153
585,1.3621529517028144,-0.8253821041769882,-1.3902724672502171,148.74473915574316,6.192800045013428
586,1.3672410163334114,-0.8285417617750762,-1.3369547141545308,149.31546739142215,0.4097999930381775
587,1.3708815984378806,-0.8280674034308647,-1.2777080467061461,149.8729087140013,0.147599995136261
588,1.3742059546407583,-0.82701733466414,-1.2231279288833268,150.4169750970336,3.442199945449829
589,1.3782159698128937,-0.8261681975003554,-1.1594460425528974,150.9475806261301,5.766300201416016
590,1.3841239462641717,-0.8367142573592183,-1.1078636040713008,151.4646415125269,3.084399938583374
591,1.382959859123374,-0.8187876578481508,-1.0317395829841498,151.96807610631598,5.093900203704834
592,1.3891808102057164,-0.8271572626525322,-0.9736841280735029,152.45780490933905,5.091899871826172
593,1.3864391144263348,-0.8007918331895508,-0.8667622577896829,152.93375058774097,3.3973000049591064
594,1.390106115224388,-0.8022815385890647,-0.805777792020214,153.39583798418175,1.7639000415802002
595,1.3921592489500418,-0.7945117485283864,-0.722895333224645,153.84399412970487,4.298799991607666
596,1.3939717690360072,-0.7889914395970667,-0.648663785740359,154.27814825525974,2.639899969100952
597,1.3943676963433853,-0.7806011678124883,-0.5937035708085026,154.698231802877,4.59630012512207
598,1.396278015960301,-0.7744630469840564,-0.5123683002243848,155.1041784364948,4.55019998550415
599,1.3963959601266505,-0.7632292682489104,-0.44628101903380757,155.4959240524338,3.6763999462127686
600,1.395015607035492,-0.7441933406201224,-0.3541315224578483,155.87340678951992,5.613800048828125
601,1.4000076238302472,-0.7540772957751536,-0.32739605150969847,156.2365670388531,3.137700080871582
602,1.3976831488730106,-0.7328392127747801,-0.23068965176486392,156.5853474532201,1.0805000066757202
603,1.399318470310292,-0.732376665806631,-0.19805041840825746,156.91969295615027,0.4693000018596649
604,1.3969989438365238,-0.7093748405466029,-0.10369427749916113,157.2395507506128,4.394700050354004
605,1.3999109723089893,-0.7143008449403343,-0.07037224048404753,157.54487032735418,2.6401000022888184
606,1.401258181964867,-0.7092264177911974,-0.02060716806275703,157.8356034728737,3.5046000480651855
607,1.3996436158052912,-0.6943164878590002,0.050549031733831115,158.11170427703752,2.4123001098632812
608,1.3975826758119405,-0.6807843010923985,0.0920129079240326,158.3731291403279,2.108099937438965
609,1.3993676009875031,-0.6792647413278702,0.13231976782016017,158.61983678072846,3.737600088119507
610,1.398647711162976,-0.6712567516566316,0.1749536103764366,158.85178824024285,1.3968000411987305
611,1.398541266815218,-0.665060200833036,0.21568994126252944,159.06894689104672,3.7527999877929688
612,1.397810219603234,-0.6560586025281835,0.24667517619912552,159.27127844127176,5.684299945831299
613,1.3979198062440197,-0.6511010792158306,0.28532422805013985,159.45875094042066,4.595900058746338
614,1.3979171499243406,-0.6476532857353519,0.2994653631694164,159.63133478441256,5.8933000564575195
615,1.3962326787518293,-0.6371557667981936,0.335428767499435,159.78900272025783,5.305099964141846
616,1.3968955963136487,-0.6355370416293925,0.3521660583259832,159.93172985036165,3.3524999618530273
617,1.3962345709270914,-0.6285024207554065,0.3839583725689114,160.05949363645567,6.208799839019775
618,1.3976505859999777,-0.6318742176490998,0.39211869365161606,160.17227390315696,1.1812000274658203
619,1.3967390618296815,-0.6222962361809967,0.42549332192117406,160.27005284115398,0.09920000284910202
620,1.3971764628965813,-0.6261526254714684,0.41330534348365594,160.352815010019,4.104300022125244
621,1.3946461240246717,-0.6124753228017904,0.44623447261586924,160.42054734064607,0.75
622,1.3945535681806984,-0.6111518042886712,0.4522091084526085,160.4732391373151,5.074100017547607
623,1.3965251104172465,-0.6189019364826017,0.44217434076087275,160.51088207938048,3.2718000411987305
624,1.396525110417267,-0.6189019364826708,0.44217434076126666,160.53347022258532,4.479599952697754
625,1.3965251104172542,-0.6189019364826083,0.44217434076092405,160.541,4.5991997718811035
626,1.3945535681806713,-0.6111518042888526,0.4522091084528318,160.53347022258532,6.228700160980225
627,1.3946461240246442,-0.6124753228015156,0.446234472615968,160.51088207938048,0.9132999777793884
628,1.3971764628965808,-0.6261526254716933,0.4133053434834567,160.4732391373151,0.6225000023841858
629,1.3967390618296676,-0.6222962361810077,0.4254933219221771,160.42054734064607,5.08620023727417
630,1.3976505859999853,-0.6318742176488807,0.3921186936527125,160.352815010019,3.6098999977111816
631,1.3962345709270718,-0.6285024207554718,0.38395837256925913,160.27005284115398,5.433700084686279
632,1.3968955963136487,-0.6355370416293904,0.3521660583265507,160.17227390315693,4.671599864959717
633,1.3962326787518522,-0.6371557667975956,0.3354287674985194,160.05949363645567,0.6743999719619751
634,1.3979171499243481,-0.6476532857351956,0.2994653631694229,159.93172985036165,3.1136999130249023
635,1.397919806243994,-0.6511010792165417,0.28532422805072744,159.78900272025783,4.051400184631348
636,1.3978102196032358,-0.6560586025278908,0.24667517619839968,159.63133478441256,0.6764000058174133
637,1.398541266815244,-0.6650602008309016,0.21568994125921645,159.45875094042066,5.82480001449585
638,1.398647711163003,-0.6712567516554061,0.1749536103754157,159.27127844127176,5.300099849700928
639,1.3993676009874016,-0.6792647413279399,0.13231976782012436,159.06894689104675,0.5152000188827515
640,1.3975826758119432,-0.6807843010922973,0.0920129079232906,158.85178824024285,2.271199941635132
641,1.3996436158053116,-0.6943164878586608,0.050549031733960394,158.6198367807285,0.6420000195503235
642,1.4012581819648515,-0.7092264177912094,-0.020607168062467637,158.37312914032793,5.085999965667725
643,1.399910972308961,-0.7143008449401712,-0.07037224048339802,158.11170427703752,2.6939001083374023
644,1.3969989438364865,-0.7093748405469583,-0.10369427749916693,157.83560347287374,3.1819000244140625
645,1.3993184703102908,-0.732376665806556,-0.19805041840865897,157.54487032735418,3.4820001125335693
646,1.3976831488730377,-0.7328392127748546,-0.23068965176453718,157.23955075061286,5.460899829864502
647,1.4000076238302632,-0.7540772957749619,-0.32739605150991063,156.91969295615024,5.882299900054932
648,1.3950156070354907,-0.7441933406201618,-0.35413152245830315,156.5853474532201,3.386399984359741
649,1.3963959601266218,-0.7632292682491547,-0.4462810190338079,156.23656703885308,3.47379994392395
650,1.3962780159602652,-0.7744630469838999,-0.5123683002248719,155.87340678951995,3.0541999340057373
651,1.394367696343365,-0.7806011678123647,-0.5937035708096928,155.49592405243382,0.15109999477863312
652,1.3939717690360005,-0.7889914395965203,-0.648663785736067,155.1041784364948,1.9627000093460083
653,1.3921592489501857,-0.7945117485289502,-0.7228953332293993,154.698231802877,0.4341999888420105
654,1.3901061152245078,-0.8022815385890764,-0.8057777920212802,154.27814825525974,0.7742999792098999
655,1.386439114426314,-0.800791833189598,-0.8667622577887735,153.84399412970492,5.84119987487793
656,1.3891808102057037,-0.8271572626523624,-0.9736841280736569,153.3958379841818,1.8909000158309937
657,1.3829598591233643,-0.8187876578476441,-1.0317395829854286,152.93375058774097,5.206399917602539
658,1.3841239462642092,-0.8367142573596721,-1.1078636040719763,152.45780490933902,5.904900074005127
659,1.3782159698128937,-0.826168197500356,-1.1594460425531325,151.968076106316,6.093299865722656
660,1.3742059546407652,-0.8270173346642383,-1.22312792888523,151.46464151252695,1.5134999752044678
661,1.370881598437882,-0.8280674034309494,-1.2777080467062156,150.9475806261301,0.9954000115394592
662,1.367241016333414,-0.8285417617749937,-1.3369547141538256,150.41697509703363,2.3236000537872314
663,1.3621529517027766,-0.8253821041765979,-1.390272467250763,149.87290871400137,2.9725000858306885
664,1.3570753238106363,-0.8227789424263198,-1.4297753966140334,149.31546739142215,2.1691999435424805
665,1.350668393195565,-0.8097938130113231,-1.4610539872415524,148.74473915574313,2.0195000171661377
666,1.3472737303277544,-0.8122964395117785,-1.503762390055717,148.16081413156869,2.9286000728607178
667,1.3421448674014471,-0.8060758740092226,-1.5211861187721036,147.5637845274292,4.425600051879883
668,1.334005170379126,-0.7903027910105261,-1.5381973063376537,146.95374462122004,6.047299861907959
669,1.3311102414093783,-0.7908245581268281,-1.5518955689407679,146.33079074531446,1.7039999961853027
670,1.3212568705785375,-0.7681093667770494,-1.5558611473741422,145.6950212713507,4.289299964904785
671,1.3149561609215588,-0.7560969788701992,-1.5421749100302868,145.04653659469898,3.198899984359741
672,1.307538344762457,-0.7424439806038952,-1.5331451629607402,144.38543911860705,4.437099933624268
673,1.2999277859786245,-0.7261751349471588,-1.5068874188909063,143.7118332380303,4.825399875640869
674,1.2912920476270089,-0.704013504024011,-1.4762218383247432,143.02582532314577,2.5085999965667725
675,1.2832676005309218,-0.6840192437250031,-1.4317059801510055,142.32752370255565,3.585200071334839
676,1.274897887429106,-0.6621374033803604,-1.3911723501433821,141.61703864618084,5.1570000648498535
677,1.2627065299322202,-0.6279700318013032,-1.3218438255442047,140.8944823478481,5.741499900817871
678,1.2547751788462853,-0.6060792588029951,-1.257835875439946,140.159968907573,0.8953999876976013
679,1.2449775838782553,-0.5774942176527725,-1.1645590342143934,139.41361431354233,5.894999980926514
680,1.2328135652970489,-0.5402344375875636,-1.0788960213661882,138.65553642379876,0.06239999830722809
681,1.224630187650902,-0.5136727597528082,-0.9864645329113877,137.88585494762884,2.0789999961853027
682,1.2136721637622043,-0.47819404019699085,-0.8894622728606305,137.10469142666005,4.592800140380859
683,1.2029977346604723,-0.4419146421154051,-0.7788650015631394,136.31216921566795,6.265500068664551
684,1.1894634022270745,-0.3949902103367266,-0.6378381865224546,135.50841346309699,2.561800003051758
685,1.1791282769709548,-0.35862424447891866,-0.5033591518596587,134.69355109129782,5.957300186157227
686,1.1669468220855088,-0.31422626103903134,-0.3541994232269293,133.867710776485,5.848199844360352
687,1.1541240548839746,-0.2678741830392573,-0.20317353348361047,133.031022928418,0.5637000203132629
688,1.139269457019234,-0.2116731029407109,-0.052489188527957045,132.18361966980683,6.072500228881836
689,1.1281400762469398,-0.16994263577507784,0.12729038302969178,131.3256348154498,5.665299892425537
690,1.1111202901638462,-0.10662522803236497,0.3064426116789918,130.45720385110124,1.1813000440597534
691,1.0989487359355745,-0.05885558787926388,0.4887941439473253,129.57846391207778,0.3752000033855438
692,1.0865713121649199,-0.012003895694701137,0.6585347855508226,128.68955376160238,2.0611000061035156
693,1.0704176165183144,0.049919895092278864,0.8573130778723879,127.79061376889234,3.942699909210205
694,1.0556707794540519,0.1033320205225804,1.0273145933247967,126.88178588699314,3.882200002670288
695,1.0389139678464183,0.16539392640406148,1.2325686736473171,125.9632136303633,4.485099792480469
696,1.022147598572818,0.2245158114171404,1.4170008852338443,125.03504205221029,5.775400161743164
697,1.0064072543102072,0.2792676002956959,1.5674301106638056,124.09741772158591,4.677499771118164
698,0.9878291701813895,0.3412578528619495,1.7418830992265084,123.15048870024148,1.3253999948501587
699,0.9730695000879508,0.38926268412739523,1.8992190719193545,122.19440451924652,2.078200101852417
700,0.9518773405646462,0.45243588999898005,2.0227074673541687,121.22931615537632,4.867000102996826
701,0.9329539671269805,0.50813100195555,2.14824523786746,120.25537600727135,6.1168999671936035
702,0.9129826907860367,0.5622294918486573,2.23179481853993,119.27273787137142,4.899799823760986
703,0.8947368342083736,0.6105087601750462,2.319383853553992,118.2815569176291,5.891900062561035
704,0.875116841670712,0.6607834966366578,2.3559863287095846,117.28198966500719,0.6883999705314636
705,0.854910962618722,0.7068023009173274,2.3840562656278963,116.27419395676203,5.69379997253418
706,0.8342940223710289,0.7544965814883701,2.3809129699355367,115.25832893551888,0.5860000252723694
707,0.8133320590692887,0.7996432262239285,2.3508216351489,114.23455501814098,3.5685999393463135
708,0.7908429262754445,0.8437655043202753,2.287105231488242,113.20303387039758,1.1893999576568604
709,0.7719702297225501,0.8819597351740641,2.2102003211680517,112.16392838143595,5.554100036621094
710,0.7497307865226925,0.9256227023147485,2.1070469860217034,111.11740263805838,4.608099937438965
711,0.7300673070975212,0.9631812763031251,2.000944071102191,110.06362189881143,3.300299882888794
712,0.7074089360430212,1.002515355148551,1.8561824197803078,109.00275256788936,1.4918999671936035
713,0.6871051611356918,1.0434104539824356,1.730488937399315,107.9349621688581,2.848900079727173
714,0.6657634973125484,1.082756525839597,1.5747176264406968,106.86041931819958,5.189799785614014
715,0.6450591260596547,1.123220249711365,1.4352770537608703,105.77929369868626,0.597599983215332
716,0.6234423471008729,1.1669554999057472,1.2915696727391646,104.69175603258657,6.042200088500977
717,0.6019909081770888,1.209768184858729,1.1560148542618542,103.59797805470498,2.4089999198913574
718,0.5782990202287531,1.2572386763877048,1.0350185804246574,102.49813248526351,4.755000114440918
719,0.5531437100432954,1.3079914612692245,0.9155471827086211,101.39239300262754,5.543600082397461
720,0.529024128441887,1.3533090750066905,0.8232921257987826,100.28093421587968,0.15649999678134918
721,0.5034583161420974,1.4041581046673,0.7574472766476846,99.16393163724666,0.29269999265670776
722,0.4760581839601077,1.4559193865547226,0.7135182969399907,98.04156165438431,4.764900207519531
723,0.44704481494520826,1.5087009199716095,0.678457701754572,96.91400150252372,4.126299858093262
724,0.41897885366048143,1.5563295287161836,0.675879270222369,95.78142923648412,4.297699928283691
725,0.38602691084059915,1.6046214609221232,0.6776995227540688,94.64402370255566,0.10339999943971634
726,0.35498540269161594,1.6501428202068746,0.6976805285553034,93.50196451025704,5.251999855041504
727,0.31994312856809165,1.693050732735845,0.7385107283924913,92.35543200397424,6.020299911499023
728,0.28501291465956335,1.730065972684059,0.7838126441973787,91.20460723448085,5.798799991607666
729,0.24911949159207444,1.76221814347925,0.8250621662933115,90.04967193034877,0.19460000097751617
730,0.2126012693833096,1.7899941635193284,0.8696996984854499,88.89080846925062,0.4189999997615814
731,0.17447945564553358,1.809672638569183,0.9079369592217835,87.72819984916154,1.3265000581741333
732,0.13979725026948303,1.8253559816233091,0.9328573762986965,86.56202965945968,5.6743998527526855
733,0.10039642975600575,1.834461740492773,0.9358754462394303,85.39248205193671,0.8736000061035156
734,0.06481760078333397,1.838025824933197,0.9300971680635115,84.21974171171749,5.733099937438965
735,0.02782156447638804,1.8368321257748628,0.8950324812035154,83.04399382809692,3.531599998474121
736,-0.009716574723267885,1.8285823319354946,0.8319838792270385,81.86542406529517,0.3880999982357025
737,-0.043635802645395246,1.8204958162805442,0.7551432856293443,80.68421853314038,6.189899921417236
738,-0.08075947191602154,1.803532448154257,0.6474584992294657,79.50056375767923,3.6242001056671143
739,-0.11381921707103475,1.788243969586528,0.5223510195788702,78.31464665172194,3.980299949645996
740,-0.14404134693138074,1.770861456434456,0.3817497164291638,77.12665448532715,4.56879997253418
741,-0.1796267672361692,1.7476221450654335,0.20323206233660318,75.93677485622938,5.7733001708984375
742,-0.20747014929349492,1.7288133321971972,0.0230056997708222,74.74519566021576,1.219499945640564
743,-0.23728164556112488,1.7060647689907147,-0.17611183886857404,73.55210506145475,2.243000030517578
744,-0.26375334767865083,1.6868679297524078,-0.36550828771939914,72.35769146278247,0.6712999939918518
745,-0.2894543410541778,1.6671554330248495,-0.5699870127243114,71.16214347595204,5.070000171661377
746,-0.3164294910088754,1.6462283557003439,-0.7783997634679319,69.96564989185016,2.365999937057495
747,-0.33929865648486895,1.6312039404554848,-0.9736993219641876,68.7683996506838,5.414899826049805
748,-0.3602850629093056,1.6179870635712277,-1.148731852143715,67.57058181214465,5.8140997886657715
749,-0.3829553664423594,1.6032453071670747,-1.3304347440758293,66.37238552555566,0.8259000182151794
750,-0.40310466239670756,1.5910642416666572,-1.4829225438144231,65.17400000000004,0.531000018119812
751,-0.42355656208551734,1.5793222479744529,-1.6326401507913353,63.97561447444443,3.396899938583374
752,-0.44378653831374304,1.5681174411236007,-1.7585225111396974,62.777418187855254,4.991000175476074
753,-0.4624505978405921,1.5586750830209648,-1.8667589343533206,61.57960034931645,4.185800075531006
754,-0.4802416887107317,1.5476796186105144,-1.9511974319455883,60.38235010814992,4.858799934387207
755,-0.49973293778043043,1.5368749054348108,-2.0261425809560794,59.18585652404805,1.3859000205993652
756,-0.5162780846355328,1.52477233426871,-2.0718042782908586,57.99030853721762,0.6467999815940857
757,-0.5339434863395096,1.5102476847817745,-2.0987794259095325,56.79589493854533,0.36390000581741333
758,-0.5502809112508024,1.4973833485262615,-2.111182183491564,55.60280433978432,1.798699975013733
759,-0.5668259746024644,1.480531747372027,-2.1059178369021843,54.41122514377071,2.9293999671936035
760,-0.5861507758421701,1.454035590463928,-2.080484181123135,53.22134551467294,5.294400215148926
761,-0.6012714921481004,1.4367993633458185,-2.0505165212536447,52.03335334827814,4.132400035858154
762,-0.6187241325498075,1.409815240502602,-1.998775016128744,50.84743624232085,1.8841999769210815
763,-0.635121634131109,1.378529737174947,-1.935770087320078,49.66378146685953,6.19789981842041
764,-0.6516633302730095,1.3477516365307889,-1.8681328318355963,48.48257593470492,1.6162999868392944
765,-0.6669257361902445,1.3176419830649186,-1.78922123525751,47.30400617190334,2.4728000164031982
766,-0.6845515035315599,1.274428274674062,-1.6925655431061244,46.128258288282595,5.301300048828125
767,-0.7009192839809085,1.2347050182796135,-1.5932885072406706,44.955517948063374,0.15530000627040863
768,-0.7146928355718125,1.2007750837083118,-1.5078945459359103,43.78597034054039,0.6315000057220459
769,-0.7303788015864323,1.15465517247307,-1.4010981135633103,42.61980015083854,5.532899856567383
770,-0.7444774873352051,1.1148201595845155,-1.3089037396813528,41.4571915307493,5.0218000411987305
771,-0.7609091713751246,1.0596217110652906,-1.1878087738152976,40.298328069651475,1.0492000579833984
772,-0.7748744146074754,1.0147941161201837,-1.0905401165702582,39.14339276551923,4.17110013961792
773,-0.7883783989863546,0.9696201727761984,-0.9954274840492676,37.99256799602585,1.183899998664856
774,-0.8023504984898996,0.918478413878512,-0.894713552038763,36.846035489742874,4.212399959564209
775,-0.8152346233393514,0.8673127187603192,-0.7969915498975264,35.70397629744443,3.801800012588501
776,-0.8295054440630442,0.8122545052665098,-0.6969534622253739,34.56657076351597,4.632199764251709
777,-0.8425400501240287,0.7553386440086738,-0.6053131646222766,33.433998497476516,1.69350004196167
778,-0.8536537840565023,0.7087123378869695,-0.5270146560994985,32.30643834561576,2.727299928665161
779,-0.8654902401331944,0.6533675041021136,-0.4443272983029015,31.184068362753422,3.421799898147583
780,-0.8771576484617377,0.5986000996724262,-0.3663328881629857,30.067065784120388,5.351600170135498
781,-0.8874639663897858,0.5477326939973074,-0.2963398018847039,28.955606997372378,0.8359000086784363
782,-0.8986592490555863,0.48750002924868036,-0.2201594662690592,27.849867514736566,1.5887000560760498
783,-0.9082733161823466,0.4406893948141497,-0.16238543173689038,26.750021945295252,0.8985999822616577
784,-0.9173992819010176,0.38740793004081403,-0.10842751306138608,25.656243967413502,0.40790000557899475
785,-0.9270895484456764,0.3320444221800983,-0.047687527338412236,24.56870630131366,5.454500198364258
786,-0.9358279107177337,0.2796124298128051,0.0031149580882128486,23.487580681800495,3.1977999210357666
787,-0.9427729807860322,0.23584160166795168,0.04492155580768538,22.413037831141978,3.6963000297546387
788,-0.95123836485611,0.18314169535191316,0.088121769394725,21.345247432110718,1.1019999980926514
789,-0.9584891721592833,0.1370472383024803,0.12936049838470431,20.284378101188793,0.9810000061988831
790,-0.9648261244559037,0.08684061837355252,0.16393899147292365,19.230597361941697,0.31779998540878296
791,-0.971405930408124,0.03997501273167684,0.1958011493209301,18.18407161856412,3.354599952697754
792,-0.9777611588959756,-0.006006801271809107,0.22634968338225903,17.144966129602352,1.2582000494003296
793,-0.9826236203047212,-0.050093634636984595,0.25201164467006226,16.113444981859104,0.8184000253677368
794,-0.9880123693548478,-0.09042496954899967,0.27475883290075076,15.089671064481202,5.381999969482422
795,-0.9929261161989671,-0.13480782000348546,0.29698451989692093,14.073806043238179,0.7566999793052673
796,-0.9969316511249661,-0.17230079368738055,0.31550273184365746,13.066010334992889,4.865900039672852
797,-1.0013942287578106,-0.2159792273147956,0.3363563991451492,12.06644308237096,5.8242998123168945
798,-1.0051758262452983,-0.2577786206311527,0.3515556644883698,11.075262128628665,1.0807000398635864
799,-1.0086026138856645,-0.2965220850624565,0.3664769616801648,10.092623992728726,2.691499948501587
800,-1.0115347460227357,-0.32652173986447075,0.3737189535836625,9.118683844623753,1.478700041770935
801,-1.0147374877407953,-0.3653416937758208,0.38491532016295865,8.153595480753694,5.489799976348877
802,-1.017121887587926,-0.3960430675025731,0.3912426737454577,7.197511299758581,1.5616999864578247
803,-1.0193565837252616,-0.42861496386884235,0.39745472879315796,6.250582278414029,0.07119999825954437
804,-1.0207369603441967,-0.4540415574559834,0.4046111072188153,5.312957947789769,2.6010000705718994
805,-1.022283014604225,-0.4835053511833391,0.40920739682538954,4.384786369636771,5.881899833679199
806,-1.0234749080281056,-0.5127980630995076,0.4165585978514349,3.46621411300692,2.4986000061035156
807,-1.0252392669977832,-0.545195971744672,0.4175352037918502,2.5573862311078415,2.6956000328063965
808,-1.02617298364389,-0.5693466280931418,0.42132647725760286,1.6584462383976941,1.014299988746643
809,-1.0268383312253606,-0.5930834338198472,0.4229932391543814,0.7695360879222903,1.8137999773025513
810,-1.028026675845204,-0.6209755715209083,0.42207572099742563,359.89079614889886,4.372399806976318
811,-1.0282564832238477,-0.6414765080609015,0.419933594829296,359.02236518455027,3.7551000118255615
812,-1.0284447545118434,-0.6652393684218393,0.4227723629678312,358.16438033019324,4.497300148010254
813,-1.0286754812302932,-0.6856315889597575,0.4205133354843483,357.3169770715822,2.5125999450683594
814,-1.0287233999495788,-0.7138823630913188,0.4175191342427816,356.4802892235149,0.9399999976158142
815,-1.0284725453002654,-0.7275885084571424,0.4199540194290512,355.6544489087022,0.3903999924659729
816,-1.0281199836104449,-0.7447018606954783,0.41450280198242295,354.8395865369031,2.6431000232696533
817,-1.0277858004478992,-0.7595305982301297,0.41186584134935006,354.0358307843321,3.604099988937378
818,-1.0269290778701927,-0.777190039949062,0.4109076891832748,353.24330857334,0.6818000078201294
819,-1.0265603940953854,-0.7950899982725197,0.40618762859611973,352.4621450523713,0.298799991607666
820,-1.0259948149418043,-0.8129710351478274,0.40265272770809135,351.6924635762013,1.648900032043457
821,-1.0251828314034175,-0.8287271870058633,0.4002753120999416,350.93438568645774,0.4927999973297119
822,-1.0247725241626082,-0.838960812484257,0.3919594243352253,350.1880310924271,5.130300045013428
823,-1.0237980503776964,-0.8578959036092998,0.38722291208131454,349.45351765215196,4.590700149536133
824,-1.0223893587667234,-0.8725977532557931,0.384939059186463,348.7309613538192,2.152100086212158
825,-1.0210935410737538,-0.8800671909915944,0.38162864158275306,348.0204762974444,5.303400039672852
826,-1.0200693709861262,-0.8927109980981568,0.37367212003990324,347.3221746768543,5.112299919128418
827,-1.0190278139535835,-0.9061106074744492,0.36907403009116924,346.6361667619698,2.7416999340057373
828,-1.0179701008461826,-0.9156790734984983,0.36714639027266194,345.96256088139296,5.575399875640869
829,-1.016866546543315,-0.9284907120750032,0.3547871996445776,345.3014634053011,1.545699954032898
830,-1.0155171576964732,-0.9339998445096656,0.35613467057866094,344.6529787286494,1.3669999837875366
831,-1.014494144807862,-0.9460131056860559,0.34309606315031566,344.01720925468567,3.4179000854492188
832,-1.0127438425357913,-0.9538861580146784,0.3432265396358089,343.3942553787799,0.9083999991416931
833,-1.0118649236038675,-0.9627544481856193,0.33343060179289624,342.78421547257085,5.9695000648498535
834,-1.0102356426687369,-0.9710475431575536,0.3271614500879324,342.18718586843136,3.440700054168701
835,-1.0089510073778647,-0.9788968915201438,0.3202931028851055,341.6032608442569,2.3912999629974365
836,-1.0076852839419241,-0.9866153030413803,0.31489886943246503,341.0325326085778,2.287400007247925
837,-1.0060719808471406,-0.9929028649648888,0.308796004795281,340.47509128599876,5.5802998542785645
838,-1.0049663973214702,-1.0035885003575817,0.30403395627922963,339.93102490296644,5.742599964141846
839,-1.0038582857655654,-1.0090987835359992,0.29249971003572733,339.4004193738699,1.7235000133514404
840,-1.0021783579308134,-1.0132021975475562,0.29002360479135525,338.8833584874731,5.262599945068359
841,-1.0010008005677058,-1.0205135859891972,0.27768317286893907,338.379923893684,6.15880012512207
842,-0.9994903423695224,-1.0269506381172884,0.2750219723550314,337.890195090661,0.11219999939203262
843,-0.998595252750719,-1.0301657771916195,0.2710840469563231,337.41424941225904,0.24789999425411224
844,-0.9971371885109719,-1.038200967675525,0.25668243574524857,336.9521620158182,4.262599945068359
845,-0.9958938729963431,-1.0398183848174476,0.2571326945561753,336.50400587029515,3.922300100326538
846,-0.9947355752834942,-1.046371253624457,0.2505638207629523,336.0698517447403,2.3958001136779785
847,-0.9931149956195628,-1.0457883165899389,0.24379277771230623,335.64976819712297,0.15320000052452087
848,-0.9926658423056536,-1.0545458609987552,0.23526153197640956,335.2438215635052,4.277900218963623
849,-0.9910938651638579,-1.0557415796577463,0.2307346704507652,334.8520759475663,3.928100109100342
850,-0.9900865202015009,-1.0563267563620016,0.2254145823140985,334.4745932104801,6.0640997886657715
851,-0.9890381917930562,-1.0646792231896185,0.21731431032572118,334.1114329611469,0.5019999742507935
852,-0.9877468819687983,-1.0658055029175988,0.21633494921252824,333.7626525467799,1.7964999675750732
853,-0.9870759505432829,-1.0676633519805185,0.207182259715027,333.42830704384977,2.3443000316619873
854,-0.9862377026058454,-1.0791659269164215,0.1983865492242283,333.10844924938715,3.800100088119507
855,-0.984974531759749,-1.0754447759045216,0.19887854006593905,332.80312967264587,5.308300018310547
856,-0.983746995806304,-1.0752205759615954,0.19548455421307287,332.51239652712627,4.021900177001953
857,-0.9827404163243286,-1.076901470604147,0.19276240285717455,332.2362957229625,4.025199890136719
858,-0.9827310658394882,-1.0838873531781894,0.1856950652202857,331.9748708596721,0.955299973487854
859,-0.9811438258857628,-1.0819117983507225,0.1819193930657287,331.72816321927155,1.5226999521255493
860,-0.981223600534734,-1.0835556644609563,0.17879352821766045,331.49621175975716,1.5241999626159668
861,-0.9805276580077505,-1.0873518134814157,0.17481945697773466,331.2790531089533,4.5518999099731445
862,-0.9795678440365814,-1.091723951899865,0.16807906021486255,331.0767215587282,5.014599800109863
863,-0.9791454518634571,-1.0899496492400211,0.16655117306512962,330.88924905957936,0.879800021648407
864,-0.9783568453129778,-1.0851599128506466,0.16124364298251298,330.71666521558745,1.1208000183105469
865,-0.9780133511779117,-1.0894467833882524,0.16039710727509224,330.5589972797422,0.3425000011920929
866,-0.9775672903960216,-1.0894750069154497,0.15949694878686335,330.41627014963836,5.972499847412109
867,-0.9772724602357684,-1.0915841630028391,0.15240992977289797,330.28850636354434,1.6583000421524048
868,-0.9770888740823197,-1.09499741611822,0.15232946021964985,330.17572609684305,5.175000190734863
869,-0.9762233786621025,-1.0945192513129485,0.1544588920607387,330.07794715884603,2.67930006980896
870,-0.9761854828670239,-1.0970089151063234,0.1478639567755609,329.995184989981,3.0669000148773193
871,-0.9764827131236009,-1.097979619832228,0.14633085985817004,329.92745265935395,5.662199974060059
872,-0.9759547978206919,-1.0946639593884606,0.15062852828958403,329.8747608626849,4.792300224304199
873,-0.9759547978206575,-1.0946639593882712,0.1506285282897298,329.83711792061956,0.3682999908924103
874,-0.9759547978206574,-1.0946639593882714,0.15062852828940107,329.8145297774147,4.0346999168396
875,-0.9759547978206997,-1.0946639593885148,0.15062852828941511,329.807,0.48249998688697815
876,-0.975954797820658,-1.094663959388179,0.15062852828910991,329.8145297774147,4.51639986038208
877,-0.9764827131235698,-1.0979796198326346,0.14633085986070737,329.83711792061956,3.8754000663757324
878,-0.9761854828670634,-1.0970089151046103,0.14786395677228112,329.8747608626849,2.2079999446868896
879,-0.9762233786621001,-1.0945192513116684,0.1544588920612513,329.9274526593539,1.4744999408721924
880,-0.9770888740823587,-1.0949974161181282,0.15232946021892424,329.99518498998106,5.520100116729736
881,-0.9772724602357838,-1.0915841630028154,0.15240992977280035,330.07794715884603,4.32859992980957
882,-0.9775672903960341,-1.0894750069153882,0.15949694878676812,330.17572609684305,2.0671000480651855
883,-0.9780133511779247,-1.0894467833880965,0.16039710727471349,330.28850636354434,4.450900077819824
884,-0.9783568453128558,-1.0851599128491203,0.16124364298129384,330.41627014963836,5.818999767303467
885,-0.9791454518634595,-1.0899496492395948,0.16655117306291256,330.5589972797422,4.650899887084961
886,-0.9795678440365545,-1.0917239519014128,0.16807906021486568,330.71666521558745,0.4763999879360199
887,-0.9805276580077044,-1.0873518134812197,0.17481945697866086,330.88924905957936,5.215700149536133
888,-0.9812236005347438,-1.0835556644611943,0.17879352821721706,331.07672155872825,1.413699984550476
889,-0.981143825885758,-1.0819117983507023,0.18191939306496896,331.27905310895324,3.7077999114990234
890,-0.9827310658394863,-1.0838873531781195,0.1856950652194461,331.4962117597571,3.1858999729156494
891,-0.9827404163243125,-1.076901470604214,0.1927624028569257,331.72816321927155,4.929999828338623
892,-0.98374699580635,-1.07522057596116,0.1954845542064501,331.97487085967214,6.099100112915039
893,-0.9849745317598582,-1.0754447759056185,0.19887854006652528,332.2362957229625,4.217599868774414
894,-0.9862377026059919,-1.079165926916233,0.1983865492260437,332.51239652712627,2.8980000019073486
895,-0.9870759505432634,-1.0676633519804946,0.2071822597152672,332.8031296726458,0.5333999991416931
896,-0.9877468819688009,-1.0658055029177476,0.21633494921408886,333.10844924938715,2.466900110244751
897,-0.989038191793032,-1.064679223189957,0.2173143103257166,333.4283070438497,0.05139999836683273
898,-0.9900865202015358,-1.0563267563620347,0.22541458231440045,333.7626525467799,3.842900037765503
899,-0.9910938651639494,-1.0557415796562453,0.23073467044940293,334.11143296114693,6.116700172424316
900,-0.9926658423056982,-1.0545458609984821,0.23526153197345043,334.47459321048007,1.6132999658584595
901,-0.993114995619444,-1.0457883165902666,0.24379277771097715,334.85207594756616,4.668300151824951
902,-0.9947355752834558,-1.0463712536243326,0.2505638207631137,335.2438215635052,3.4052999019622803
903,-0.9958938729963326,-1.039818384817179,0.25713269455551324,335.64976819712297,0.10100000351667404
904,-0.9971371885109559,-1.0382009676749806,0.25668243574456845,336.0698517447403,2.3736000061035156
905,-0.9985952527507416,-1.0301657771913117,0.27108404695532323,336.5040058702951,4.5808000564575195
906,-0.999490342369519,-1.0269506381171216,0.2750219723555375,336.95216201581826,0.482699990272522
907,-1.0010008005677402,-1.020513585989158,0.2776831728681076,337.41424941225904,2.670599937438965
908,-1.002178357930864,-1.0132021975454313,0.2900236047885443,337.8901950906609,3.8517000675201416
909,-1.0038582857656138,-1.0090987835367633,0.292499710036111,338.379923893684,5.311600208282471
910,-1.004966397321456,-1.0035885003578882,0.30403395628032914,338.8833584874732,6.1016998291015625
911,-1.0060719808471645,-0.9929028649650324,0.30879600479561686,339.4004193738699,5.0040998458862305
912,-1.0076852839419372,-0.9866153030417059,0.31489886943345796,339.9310249029664,1.5640000104904175
913,-1.0089510073778707,-0.9788968915201164,0.3202931028852962,340.4750912859987,6.036399841308594
914,-1.0102356426687773,-0.9710475431576964,0.327161450087665,341.03253260857775,4.908199787139893
915,-1.011864923603833,-0.9627544481851714,0.333430601791516,341.6032608442568,2.08240008354187
916,-1.01274384253584,-0.9538861580142913,0.3432265396348997,342.18718586843136,2.8515000343322754
917,-1.0144941448078504,-0.9460131056859485,0.34309606315065594,342.7842154725709,5.874499797821045
918,-1.0155171576964683,-0.9339998445095254,0.35613467057833176,343.3942553787799,1.9737999439239502
919,-1.0168665465432554,-0.9284907120750658,0.35478719964410355,344.01720925468555,2.8907999992370605
920,-1.0179701008461801,-0.915679073498344,0.3671463902734379,344.6529787286493,1.0526000261306763
921,-1.01902781395358,-0.9061106074744847,0.36907403009149037,345.30146340530104,2.9235000610351562
922,-1.020069370986139,-0.8927109980984201,0.3736721200408347,345.96256088139296,6.158100128173828
923,-1.0210935410739213,-0.8800671909916963,0.38162864158248067,346.6361667619697,4.829400062561035
924,-1.0223893587666735,-0.8725977532550597,0.3849390591902641,347.32217467685433,2.1547000408172607
925,-1.0237980503776418,-0.8578959036095862,0.38722291208147736,348.02047629744436,4.530900001525879
926,-1.0247725241626338,-0.8389608124845039,0.3919594243350478,348.73096135381905,5.558700084686279
927,-1.0251828314033993,-0.8287271870059241,0.4002753120999003,349.4535176521518,5.679999828338623
928,-1.0259948149417877,-0.8129710351473961,0.4026527277092567,350.1880310924271,6.152299880981445
929,-1.0265603940953358,-0.7950899982719921,0.406187628596337,350.9343856864577,3.202500104904175
930,-1.0269290778703521,-0.7771900399470176,0.41090768918053944,351.69246357620125,4.806099891662598
931,-1.027785800447767,-0.7595305982306709,0.4118658413468601,352.4621450523713,3.6654999256134033
932,-1.0281199836104522,-0.7447018606956649,0.41450280198098605,353.24330857333996,0.7989000082015991
933,-1.0284725453002788,-0.727588508457134,0.41995401942708704,354.03583078433195,1.3432999849319458
934,-1.028723399949587,-0.7138823630916407,0.4175191342432557,354.839586536903,1.1187000274658203
935,-1.0286754812302876,-0.6856315889595086,0.42051333548420533,355.6544489087023,5.148799896240234
936,-1.0284447545118522,-0.6652393684215856,0.4227723629679229,356.480289223515,4.968100070953369
937,-1.028256483223987,-0.6414765080615294,0.41993359483260184,357.316977071582,2.083899974822998
938,-1.0280266758451917,-0.6209755715194943,0.42207572099957796,358.164380330193,1.7312999963760376
939,-1.0268383312254223,-0.5930834338189224,0.4229932391552035,359.02236518455015,0.9172000288963318
940,-1.0261729836438902,-0.5693466280931766,0.42132647725696964,359.89079614889874,1.8451999425888062
941,-1.0252392669977788,-0.5451959717445991,0.4175352037921199,0.7695360879222335,0.09929999709129333
942,-1.0234749080281071,-0.5127980630995461,0.4165585978511021,1.6584462383977652,1.448699951171875
943,-1.0222830146042259,-0.48350535118352195,0.4092073968256974,2.5573862311077917,2.849299907684326
944,-1.0207369603442669,-0.4540415574561417,0.4046111072205062,3.4662141130067283,3.1221001148223877
945,-1.019356583725297,-0.42861496386789116,0.3974547287907006,4.384786369636572,4.336100101470947
946,-1.0171218875879506,-0.396043067500231,0.39124267374107036,5.312957947789833,4.978700160980225
947,-1.0147374877407884,-0.3653416937760596,0.38491532016312846,6.2505822784141,3.459399938583374
948,-1.0115347460227353,-0.3265217398643732,0.3737189535831996,7.197511299758517,4.090000152587891
949,-1.0086026138856714,-0.29652208506239675,0.36647696168065497,8.153595480753488,2.482800006866455
950,-1.0051758262452999,-0.25777862063110013,0.3515556644893294,9.118683844623689,3.519200086593628
951,-1.0013942287577946,-0.2159792273149121,0.3363563991450055,10.092623992728512,1.5104000568389893
952,-0.9969316511249603,-0.17230079368580595,0.3155027318410666,11.075262128628594,1.4696999788284302
953,-0.9929261161988572,-0.13480782000411498,0.29698451989643476,12.066443082371038,0.9437999725341797
954,-0.98801236935489,-0.09042496954839667,0.27475883289872693,13.06601033499296,0.599399983882904
955,-0.9826236203047215,-0.0500936346368395,0.25201164466917336,14.073806043237965,2.3041000366210938
956,-0.9777611588959995,-0.006006801271855396,0.22634968338229058,15.089671064480989,3.8364999294281006
957,-0.9714059304081032,0.039975012731540166,0.19580114932025922,16.113444981859026,2.1668999195098877
958,-0.9648261244559063,0.08684061837360045,0.163938991473536,17.144966129602437,4.848999977111816
959,-0.9584891721591757,0.1370472383031361,0.12936049838531855,18.184071618564055,4.871099948883057
960,-0.9512383648560008,0.18314169535233052,0.08812176939231135,19.230597361941626,6.097499847412109
961,-0.9427729807859373,0.2358416016664309,0.04492155580760421,20.284378101188715,4.396399974822998
962,-0.9358279107177371,0.2796124298125134,0.00311495808784424,21.34524743211049,1.0644999742507935
963,-0.9270895484456816,0.33204442218020125,-0.04768752733811202,22.41303783114175,2.040800094604492
964,-0.917399281901029,0.3874079300407976,-0.10842751306151518,23.487580681800573,4.2778000831604
965,-0.908273316182317,0.4406893948143251,-0.16238543173773962,24.56870630131374,0.4487999975681305
966,-0.898659249055587,0.48750002924868546,-0.22015946626857413,25.65624396741343,2.2964999675750732
967,-0.887463966389758,0.5477326939975176,-0.29633980188396913,26.750021945295025,1.7305999994277954
968,-0.8771576484618454,0.5986000996737414,-0.36633288816336707,27.849867514736495,4.36870002746582
969,-0.8654902401332456,0.6533675041021607,-0.44432729830287887,28.9556069973723,2.1939001083374023
970,-0.8536537840564261,0.7087123378873361,-0.5270146560992878,30.06706578412031,1.36080002784729
971,-0.8425400501240331,0.7553386440086841,-0.6053131646223849,31.184068362753507,6.220099925994873
972,-0.8295054440630183,0.8122545052665814,-0.6969534622250261,32.306438345615845,5.974400043487549
973,-0.8152346233393292,0.8673127187599837,-0.7969915498975483,33.43399849747628,3.6217000484466553
974,-0.8023504984898548,0.9184784138765217,-0.8947135520386349,34.56657076351573,5.99459981918335
975,-0.7883783989864204,0.9696201727759761,-0.9954274840541147,35.70397629744435,4.386000156402588
976,-0.7748744146074258,1.014794116119087,-1.090540116569556,36.84603548974296,4.490499973297119
977,-0.760909171375099,1.059621711065009,-1.1878087738144345,37.99256799602577,3.0302999019622803
978,-0.7444774873351953,1.1148201595846376,-1.3089037396813976,39.14339276551915,2.756700038909912
979,-0.7303788015864634,1.1546551724732859,-1.4010981135640208,40.2983280696514,1.444000005722046
980,-0.7146928355718133,1.200775083708198,-1.5078945459356572,41.45719153074922,3.6763999462127686
981,-0.7009192839809374,1.2347050182797654,-1.5932885072420695,42.6198001508383,2.52239990234375
982,-0.6845515035313947,1.274428274673594,-1.692565543105436,43.78597034054047,2.422800064086914
983,-0.6669257361902289,1.31764198306512,-1.7892212352587902,44.95551794806346,1.901900053024292
984,-0.6516633302729583,1.3477516365308821,-1.868132831836332,46.12825828828251,3.2741000652313232
985,-0.6351216341311042,1.3785297371749041,-1.9357700873203862,47.3040061719031,1.9342000484466553
986,-0.6187241325497794,1.4098152405024498,-1.9987750161290614,48.48257593470484,3.8210999965667725
987,-0.6012714921481054,1.4367993633456593,-2.0505165212525345,49.66378146685945,2.6939001083374023
988,-0.5861507758421755,1.4540355904639972,-2.080484181122347,50.84743624232077,1.3295999765396118
989,-0.5668259746024044,1.480531747371198,-2.1059178369023024,52.033353348278055,2.975800037384033
990,-0.5502809112508167,1.4973833485260373,-2.1111821834863536,53.221345514673025,5.232600212097168
991,-0.5339434863395237,1.5102476847819786,-2.0987794259150974,54.41122514377062,2.277899980545044
992,-0.5162780846355545,1.5247723342685942,-2.071804278291599,55.60280433978407,2.687299966812134
993,-0.4997329377804188,1.5368749054351007,-2.026142580954695,56.795894938545246,4.4415998458862305
994,-0.4802416887107092,1.5476796186106758,-1.9511974319453873,57.99030853721771,3.306299924850464
995,-0.46245059784057874,1.5586750830208194,-1.866758934354049,59.18585652404796,3.9231998920440674
996,-0.4437865383137412,1.5681174411237797,-1.7585225111394005,60.382350108149836,3.7648000717163086
997,-0.4235565620853994,1.5793222479737972,-1.6326401507889765,61.579600349316365,4.231900215148926
998,-0.40310466239666154,1.5910642416660052,-1.4829225438156577,62.777418187855176,2.0731000900268555
999,-0.38295536644240413,1.6032453071672783,-1.3304347440766724,63.97561447444418,3.1552000045776367
