frame,psi1,psi2,psi3,csv_gt_angle,inplane_angle_rad
0,-1.0493896899883672,-0.5818488079749115,-0.8688506467541021,65.174,0.5972999930381775
1,1.2303592867021,0.14314655467501514,0.4027346524326919,66.3723855255557,5.399799823760986
2,-0.915699939977973,-0.8644050545319354,-1.3929503088880755,67.57058181214477,3.1321001052856445
3,1.163841676214664,0.39250284945091923,-0.17523266572754043,68.76839965068365,2.317699909210205
4,1.182870980094377,0.32891086959146565,-0.04536908623038923,69.96564989185009,6.278299808502197
5,1.0154215938982263,-0.6993628804016113,1.3428542097323224,71.16214347595204,2.6526999473571777
6,-1.1737318103853587,0.7019143968948813,1.4620218675142311,72.35769146278237,4.134300231933594
7,-1.0457589370971032,-0.6518794968917789,-1.0978003120156792,73.55210506145472,2.3225998878479004
8,1.1591282114763939,0.46769474980504266,-0.3964005246450719,74.74519566021581,3.8647000789642334
9,1.1019138693166195,0.697952707694726,-0.8929389186791179,75.93677485622933,2.219599962234497
10,-1.2251527729987426,0.1612561030411149,0.7065783849016622,77.12665448532701,1.2000000476837158
11,0.5557674281013393,-1.1359102379747028,0.9373137263671949,78.31464665172189,0.6075000166893005
12,-0.17104223308724778,-1.3031892768137112,-0.6259603123413838,79.50056375767925,5.600800037384033
13,-1.1378838240061362,-0.3371475740906795,-0.516706464806378,80.68421853314047,1.0867999792099
14,-1.23469779123834,0.24532505438691724,0.8203726772836933,81.86542406529516,0.35350000858306885
15,0.5864922694156011,1.133178357366867,-1.3174252084786606,83.0439938280968,4.42579984664917
16,-0.5425418496529388,-1.1988967648143383,-1.2730820964164486,84.21974171171746,6.245699882507324
17,0.7256628422483526,1.0873971159460063,-1.3851384549968364,85.39248205193658,3.8466999530792236
18,-0.9722140576689916,0.9504486932640793,1.3310449289029531,86.56202965945964,5.737599849700928
19,-1.1908440696759448,0.714645048139278,1.447247238148297,87.72819984916156,1.6100000143051147
20,0.896357453898111,-0.8966748404474265,1.3308787722958797,88.89080846925071,5.309500217437744
21,-0.9896371151603687,0.9605183335689376,1.365489978063169,90.04967193034861,4.5472002029418945
22,0.6832312882902313,-1.0820355536622224,1.1825701544384364,91.20460723448076,2.2932000160217285
23,1.2590925331627703,0.25236292044232583,-0.11690689395500439,92.35543200397422,1.8485000133514404
24,1.2662786129739512,0.24706324292506088,-0.11681398984282737,93.5019645102571,0.9460999965667725
25,1.2306378574871413,0.5551052907908851,-0.7319722212408134,94.64402370255561,2.994999885559082
26,1.2893498940463584,0.14183358851826847,0.06767776169464072,95.78142923648416,2.8680999279022217
27,1.2719693215841723,0.3800758182775973,-0.40182274561481973,96.91400150252367,1.6171000003814697
28,-0.613326415234025,1.1680501431804933,0.8019799878814811,98.04156165438417,1.593500018119812
29,0.31259180393433433,-1.339933039098066,0.7193134678021419,99.16393163724659,5.687600135803223
30,-0.13299022442708233,-1.3996177217314612,-0.1596221303387497,100.28093421587968,4.448599815368652
31,-1.2469584942115146,0.005738568347997598,-0.1157514262519178,101.39239300262761,0.08659999817609787
32,-0.4401747543612588,1.241718268547165,0.5208139412254238,102.49813248526348,4.150599956512451
33,0.6615548373570624,-1.1778689238885396,1.160640497281014,103.59797805470487,3.5527000427246094
34,-1.2827644118234143,0.357925146196706,0.6264247730063706,104.69175603258654,0.19689999520778656
35,0.1769247201628146,-1.423868820090753,0.560860282796606,105.7792936986863,4.252500057220459
36,-1.2778712699019212,0.6593717349187541,1.1823464299252957,106.86041931819952,6.2642998695373535
37,-1.1174319986073462,-0.8416498745939424,-1.5412686160719384,107.9349621688581,1.0484000444412231
38,-0.12979404358293356,1.313291897360395,-0.006177941912410008,109.00275256788944,1.3007999658584595
39,-0.2821515356857767,-1.4313337914481619,-0.30737761724227897,110.06362189881128,2.5627999305725098
40,0.6103395247320386,-1.263142418907987,1.1232065856952658,111.1174026380583,3.963399887084961
41,1.3406097526022527,-0.40086702431563936,0.7849923490129876,112.16392838143592,1.9259999990463257
42,1.3374902355878662,0.6939474937106058,-1.0216174875906328,113.2030338703976,2.883500099182129
43,-1.2579716449024638,-0.6855403601726023,-1.48438355606596,114.23455501814092,0.9930999875068665
44,-1.029266050694721,-1.0377468060730564,-1.517532092129033,115.25832893551889,1.4735000133514404
45,-1.3279744756692675,-0.4314039266880478,-1.1699759690908387,116.27419395676199,1.5819000005722046
46,-1.0320302967411865,-1.061600582296919,-1.5117724220141389,117.28198966500705,2.8761000633239746
47,1.3721115577270604,-0.45010048968707456,0.806266478383541,118.28155691762903,0.39480000734329224
48,1.0196385050838543,1.1207114820739008,-1.371544540111626,119.27273787137139,0.6990000009536743
49,0.3639670878431267,1.3572915750703667,-0.7580482796475322,120.25537600727141,4.777200222015381
50,-1.299721750734336,0.934302290955772,1.4385489607906525,121.2293161553763,4.546800136566162
51,0.14440988331887375,-1.5621575946844422,0.6330416997698474,122.1944045192464,0.5480999946594238
52,-1.356420924843813,-0.6447919749075097,-1.4822718007450966,123.15048870024145,3.380500078201294
53,-1.3174090503663327,0.9622270132647288,1.4557018118492968,124.09741772158591,0.5407999753952026
54,-0.728549868106804,-1.4068998968632564,-1.027088581770885,125.03504205221024,4.097599983215332
55,-0.2998422654953663,-1.5696236445378873,-0.15143921840231422,125.9632136303633,2.2151999473571777
56,-0.6839159385838952,1.3932478440681977,1.0111339142931577,126.8817858869932,4.4618000984191895
57,-1.433478948705397,0.23111188234726956,0.025977579545589203,127.7906137688922,5.353300094604492
58,0.8409328858444967,-1.3039355481610149,1.2364816061258053,128.6895537616023,1.9844000339508057
59,0.6864663426672258,1.3869252460617365,-1.1491662168123522,129.57846391207772,0.682699978351593
60,-1.4596102093270669,-0.030881748285790378,-0.5241277434519607,130.45720385110127,1.1146999597549438
61,1.3048775693929642,1.0518624458954682,-1.3902090690297029,131.3256348154498,0.7240999937057495
62,-1.457115149573444,0.7936332552261319,1.1547128035433953,132.18361966980686,2.425299882888794
63,-0.9627391103143994,1.3768640013305848,1.376069295315894,133.03102292841794,0.9531999826431274
64,-0.6626397715188058,-1.5424232474319428,-0.8217813233130113,133.867710776485,4.209700107574463
65,-0.878548653199788,-1.4468987707012262,-1.1983625399181799,134.69355109129776,4.812300205230713
66,-1.4990133339066107,0.744303631848395,1.0419877613132833,135.50841346309699,5.948500156402588
67,-0.11042385592894655,1.5647753977707097,0.007178545825464746,136.31216921566798,0.7810999751091003
68,1.511705862721882,0.8815918868410729,-1.1883709675526868,137.10469142666,1.1633000373840332
69,1.000276711518874,-1.2989869683601323,1.275430033171841,137.88585494762876,2.390199899673462
70,-0.9512039570210347,-1.445463154973656,-1.2812617040070586,138.6555364237987,1.0654000043869019
71,1.6575862074248562,0.18018943091353457,-0.06069585488352909,139.41361431354233,0.3028999865055084
72,1.5151157650425273,0.932291522059746,-1.2430881673803986,140.15996890757293,3.0095999240875244
73,-1.5082464902527062,0.9557350792958799,1.3635094479854253,140.8944823478481,2.8236000537872314
74,-1.1787544338457037,1.3685746102158591,1.57626621087632,141.6170386461809,5.540500164031982
75,0.5805494527493817,1.5520945244610487,-1.0371817311701845,142.32752370255562,6.249300003051758
76,-1.4298330637330328,-1.0109565556143423,-1.7408359176702575,143.02582532314568,4.612100124359131
77,-1.5731675893681525,-0.2506574344145697,-0.9523639762765166,143.71183323803024,3.9823999404907227
78,0.2691603364894104,-1.7671500828006224,0.8020496553949108,144.38543911860705,3.861999988555908
79,0.37705750792790366,1.6088545977519788,-0.7649105183022229,145.04653659469895,5.635499954223633
80,1.5488587609197413,-0.6602077656966466,0.9839602329297881,145.6950212713507,1.5317000150680542
81,-1.4151332337718119,-1.0857182997524806,-1.751910586983902,146.3307907453144,2.9337000846862793
82,0.5055468947509251,-1.6942999768993448,1.0242992473070207,146.95374462122004,2.065000057220459
83,-1.0206021178034805,1.4887252519524996,1.4198151505356345,147.56378452742916,1.1871999502182007
84,0.32529244741049207,-1.7779069882569931,0.8679079870422627,148.16081413156866,1.024399995803833
85,0.3291056531435479,1.639593070107325,-0.6847154443693566,148.74473915574316,5.777500152587891
86,-0.09552668138711123,-1.8247904415896263,0.32967155139113347,149.3154673914222,2.882200002670288
87,1.723728119567941,0.37832598688862495,-0.3570458732013501,149.8729087140013,4.368800163269043
88,1.728230298143052,0.3615386657547646,-0.3311786554454914,150.41697509703357,3.9869000911712646
89,1.695781160719074,0.6243242021023058,-0.7414786066221326,150.9475806261301,5.089600086212158
90,0.03994643797462876,-1.8434262047816907,0.542074259123459,151.4646415125269,0.7936999797821045
91,-0.3084452989357718,1.6761588800693625,0.36401063786126264,151.968076106316,3.6273999214172363
92,-1.022819630252188,1.5173109552224118,1.4164942031233667,152.45780490933905,2.803800106048584
93,-0.5642075479693331,-1.7387085732032315,-0.47296600749913625,152.93375058774097,2.152899980545044
94,1.5699251869867143,0.995075479045168,-1.2734527972593683,153.39583798418175,4.09119987487793
95,-0.7721754181554219,1.6131386646746129,1.1069342074664565,153.84399412970487,4.251800060272217
96,-1.1203258026899905,-1.4522251217497273,-1.4001836927303404,154.27814825525974,0.9355999827384949
97,-0.815846797946208,1.6031766555877003,1.166886139877208,154.69823180287702,5.906599998474121
98,-1.5214297858254904,-1.0125331254526277,-1.7826153049437596,155.1041784364948,5.892899990081787
99,1.4681585627276126,1.13942273715152,-1.4159925688011816,155.4959240524338,3.03629994392395
100,-1.6399321056330534,0.30701433450107013,-0.008784318558173347,155.87340678951992,4.975299835205078
101,1.5786060083120657,0.9968166718180611,-1.2643753193329395,156.2365670388531,1.215399980545044
102,-1.6467174537646447,0.4722966533669505,0.32313313918477565,156.5853474532201,3.293100118637085
103,1.3313289612281312,-1.1202225644602453,1.2231972080478868,156.91969295615024,6.24459981918335
104,1.2892920929670328,1.3071900455595973,-1.4913761527775178,157.23955075061284,5.892600059509277
105,1.528978793031377,-0.8208330006170563,1.0412099585850905,157.54487032735418,3.1851999759674072
106,-1.5460342603426194,-0.9808021827455659,-1.7740314703607047,157.83560347287371,0.9157999753952026
107,0.008303359021023839,-1.8609556127539622,0.5314559524218841,158.11170427703752,3.112799882888794
108,-0.5621390282500599,1.6767368367903566,0.8015875310938348,158.37312914032793,2.150099992752075
109,-0.7549618661121099,1.635532589118087,1.0874829553162866,158.61983678072846,4.797500133514404
110,-0.9478568239442388,1.5696907603331949,1.3281209578306483,158.85178824024285,2.2304000854492188
111,1.678612725704704,-0.5243509453656193,0.7966997623987775,159.06894689104672,4.632699966430664
112,1.7764131299475603,0.19663532821362475,-0.10134796268418025,159.27127844127176,5.851500034332275
113,-1.5701312710391075,-0.9215674301892587,-1.7485658441142709,159.45875094042066,3.139899969100952
114,-1.6529235832961027,0.4520108159032423,0.2546646818515381,159.63133478441256,3.3015999794006348
115,1.7255200112825277,-0.3954183745627195,0.6667794083841054,159.78900272025783,1.1660000085830688
116,1.442001441238649,-0.9779071950822409,1.1286076486964036,159.93172985036165,0.5002999901771545
117,0.08480339370892487,1.699866062135468,-0.248152393042604,160.05949363645567,2.6047000885009766
118,1.697740136321441,-0.4817742775522609,0.7499385279082414,160.17227390315696,0.36419999599456787
119,-0.17359780464203173,1.7036421081059097,0.17081246269948605,160.27005284115398,2.004199981689453
120,-1.428557796651376,1.28640299103326,1.6010811368240203,160.352815010019,0.7972000241279602
121,-1.2703573514025992,-1.349184784239372,-1.5570184383439267,160.42054734064607,3.135999917984009
122,-0.7934065953636059,1.6270782262177816,1.1403269600285566,160.4732391373151,5.562399864196777
123,0.056182196080545956,1.7016135443888918,-0.2004666322255644,160.51088207938048,2.625200033187866
124,1.407902975950546,-1.0318122458053356,1.1570050974120705,160.53347022258532,3.069200038909912
125,0.7086966706639848,1.6200249068964439,-1.1142650127603984,160.541,2.5680999755859375
126,-0.8512791574247736,-1.6511415947360981,-0.9102386006989096,160.53347022258532,3.0278000831604004
127,-1.6275511405156657,-0.5286533116884782,-1.3932519804759085,160.51088207938048,5.994999885559082
128,0.3066951309617219,1.690532230998287,-0.5847434731395627,160.4732391373151,4.167900085449219
129,0.8876407777300132,-1.5222959989099538,1.2101061934300752,160.42054734064607,4.3480000495910645
130,-1.6371121805812558,-0.09431695140049755,-0.7796754804902768,160.352815010019,1.7246999740600586
131,-0.8559848715449392,-1.6481662764589442,-0.9221521008151686,160.27005284115398,1.277400016784668
132,-1.008097439553465,1.546109546384623,1.390878080445478,160.17227390315696,1.649399995803833
133,0.5280948767391254,1.6618616976845806,-0.897618055688304,160.05949363645567,2.0596001148223877
134,0.33481837627609495,1.6867983575227756,-0.6301510842782772,159.93172985036165,5.2708001136779785
135,0.3312164381191964,1.6866746374396129,-0.6255832695739588,159.78900272025783,0.6686999797821045
136,-1.4306582281256919,1.2835058215974,1.6064532760821315,159.63133478441256,2.0025999546051025
137,-1.122729467156,1.4922788611176172,1.4980323673676814,159.45875094042066,5.77400016784668
138,0.4599737962032522,1.6713407104871314,-0.8114145663046552,159.27127844127176,5.496200084686279
139,1.0109053433635693,1.4899607251777602,-1.397678699826108,159.06894689104675,4.503799915313721
140,-1.3753466726755499,-1.2409578206650835,-1.6944802301464639,158.85178824024285,1.6567000150680542
141,1.634562434687817,0.8957480087099534,-1.1269029746842842,158.61983678072846,1.2344000339508057
142,-1.632519007191648,-0.17619792584142008,-0.8983602160198917,158.37312914032793,2.4200000762939453
143,-1.6273044109032058,-0.47393486521776584,-1.3205662730215213,158.11170427703752,4.616499900817871
144,0.8771886036415185,1.5497853277978253,-1.3035729571439485,157.83560347287374,4.4816999435424805
145,-1.4757068916325764,1.2274137768267726,1.5913598700060263,157.54487032735418,5.8155999183654785
146,-0.04301249369546929,-1.855334951430073,0.45195519746158686,157.23955075061284,0.7602999806404114
147,-1.3328876054296876,1.3629938320875905,1.6294176683422064,156.91969295615027,0.3319999873638153
148,0.8468478062488921,1.5577050298742783,-1.2834361462596338,156.5853474532201,3.517899990081787
149,-0.9699966361266124,1.5510456942339954,1.3560513772997758,156.2365670388531,2.2121999263763428
150,1.76924186251862,0.05244821310558999,0.12144496127039452,155.87340678951995,5.3649001121521
151,-1.6294340468507607,0.09250277227714601,-0.4184397967777197,155.4959240524338,3.90939998626709
152,0.11313319308124835,-1.8504316547992186,0.6508300006311308,155.1041784364948,2.422800064086914
153,1.726208823942006,-0.3250348024889868,0.6215917257281672,154.69823180287702,5.903500080108643
154,1.0510870516750543,1.449569373635798,-1.444043462583002,154.27814825525974,6.0131001472473145
155,0.5918407976578891,-1.6867458223769103,1.0858067850078839,153.84399412970487,1.157099962234497
156,1.1444074326596958,1.389909098906569,-1.4860252563858023,153.39583798418175,2.8373000621795654
157,1.3061701722267003,1.2724023265324331,-1.5005233377019367,152.93375058774097,4.423600196838379
158,-0.3530651492662481,-1.78859786166368,-0.09526493290861687,152.45780490933905,0.6044999957084656
159,-0.2017196417732131,-1.8171353031921065,0.1665632146800056,151.968076106316,5.314199924468994
160,-1.2021722234579502,1.421386480931983,1.5828845541489376,151.4646415125269,1.0615999698638916
161,-1.5186742285559784,-0.9548421607475308,-1.7605437941229227,150.94758062613013,3.19320011138916
162,1.6649590109395969,0.7279379585173846,-0.9065601786754922,150.4169750970336,4.2932000160217285
163,-1.1067882458219698,-1.427123085146196,-1.4293204277964602,149.8729087140013,5.400000095367432
164,1.6065823355217481,-0.576757262344991,0.9040761086639725,149.3154673914222,5.69980001449585
165,-0.9364263475182593,-1.5418234244678075,-1.1861852736190168,148.74473915574316,4.76609992980957
166,-0.5703568546982364,-1.7007166072270878,-0.5399110396870622,148.16081413156866,3.149899959564209
167,-1.597076108235263,0.6840644517678937,0.8478844248751471,147.56378452742916,3.6760001182556152
168,1.0904933981124028,-1.2978470502009154,1.2890102040698754,146.95374462122004,1.5848000049591064
169,1.6772635501130444,0.5436872305048972,-0.6245921057889454,146.33079074531437,5.14169979095459
170,-0.8642967085974268,-1.559193181692517,-1.094961960160977,145.6950212713507,2.3361001014709473
171,1.0269813562440029,1.3960535993709957,-1.439077107982405,145.04653659469895,5.613699913024902
172,1.684690442301906,-0.1239052708309459,0.38974914306183706,144.38543911860708,1.4631999731063843
173,-1.559098692979965,-0.5182774481327829,-1.3467494399655693,143.71183323803027,3.9493000507354736
174,0.5811742314446929,-1.6085695271612244,1.079097324802055,143.02582532314568,0.4011000096797943
175,1.5145580490281811,0.9437334292929661,-1.255272459436274,142.32752370255562,3.025899887084961
176,-1.5524560121779905,0.2690982040108475,0.030998178207826587,141.61703864618093,3.2274999618530273
177,1.6567386262168413,-0.037357523559383536,0.26421210427530667,140.8944823478481,1.503499984741211
178,-0.3871359231826383,1.5774087023245171,0.4932347985254217,140.15996890757293,0.39250001311302185
179,-0.40647200798735467,1.568347864683438,0.5282981416519626,139.41361431354233,3.653599977493286
180,-1.068356627647488,-1.3309993576381478,-1.4534323418906843,138.6555364237987,4.606200218200684
181,0.09606939853306662,-1.72541355928561,0.5736718169712259,137.88585494762873,1.5108000040054321
182,-0.12151239266411534,-1.712634695730682,0.2298579154714226,137.10469142666005,3.9110000133514404
183,-1.0538855886947636,1.3593135467041082,1.4733847292481492,136.312169215668,0.9023000001907349
184,-1.329519618542641,-0.9877442658674339,-1.6782878103574754,135.50841346309699,4.77370023727417
185,-1.4883808870299313,0.3609965177698715,0.27250530561893826,134.6935510912978,1.3916000127792358
186,1.5756455214832785,-0.12874766171569924,0.3765648639365816,133.86771077648504,0.5054000020027161
187,0.2294844915162174,-1.6438290805404592,0.7481054497729661,133.03102292841788,4.334400177001953
188,-1.4514996436079635,-0.540776918468711,-1.366762748581287,132.18361966980686,4.757999897003174
189,1.5253624963802332,0.6179953047160628,-0.8235580823555746,131.32563481544977,3.252000093460083
190,-1.0494827839587437,1.2887433034552986,1.479569936167024,130.45720385110124,6.021200180053711
191,-1.389374783867646,-0.7107034137472039,-1.55187433687559,129.57846391207778,0.9686999917030334
192,1.5010016967409416,0.5933144346837201,-0.8001873016816041,128.6895537616023,3.9639999866485596
193,-1.0421229462636634,-1.1810874618581992,-1.4802492280012138,127.7906137688922,3.7204999923706055
194,-1.1465092684829041,1.1860888183987932,1.551940598211448,126.88178588699323,0.8655999898910522
195,-1.396301605834871,0.06192867645887618,-0.3092705294965187,125.96321363036331,0.2985000014305115
196,0.5459841990371872,-1.410637133837658,1.0752895879185749,125.03504205221026,5.858399868011475
197,-1.3835370896034924,-0.2556066660296418,-0.9092474666947493,124.09741772158596,0.620199978351593
198,1.3440073115927504,0.8429162902810768,-1.2135206930608813,123.15048870024143,4.832900047302246
199,1.4088083475569997,0.6834051761359391,-0.9870510962211435,122.1944045192464,3.430500030517578
200,-0.4950417874129103,1.3577148751026835,0.7157403593159015,121.2293161553763,4.274899959564209
201,1.4201896893829355,0.5350896843017463,-0.7470234703144452,120.25537600727141,1.1921000480651855
202,-0.005622215707136513,-1.53206417663465,0.36001609923343675,119.27273787137139,0.04349999874830246
203,0.76376871928319,-1.2140178286926055,1.2175338461768148,118.28155691762905,2.38319993019104
204,1.3958795614622517,0.5114523546564261,-0.7114548341525331,117.28198966500706,4.082300186157227
205,1.3871661607865426,-0.2893869381902396,0.6193517989717581,116.27419395676199,0.7160999774932861
206,-0.9652856827776177,1.1591290868405009,1.398281831759054,115.25832893551893,5.642899990081787
207,-0.09843859080489285,-1.4854855043109907,0.12078328964007783,114.23455501814095,3.3966000080108643
208,-0.9534568715606068,-1.067968749282884,-1.4757481333023759,113.20303387039759,1.8716000318527222
209,0.7173428092764395,-1.1905167876780947,1.1967599271785931,112.16392838143594,4.594799995422363
210,1.1198588663716345,0.9527509609680588,-1.3369832140548752,111.11740263805828,4.711900234222412
211,0.9905067378371077,-0.9457331991969817,1.266486471975359,110.06362189881126,0.6876000165939331
212,-1.2614208798120798,-0.4085195600142513,-1.0360106419306363,109.00275256788944,0.967199981212616
213,-0.15969107585836176,-1.430698711902977,-0.11546217713214975,107.93496216885812,5.869800090789795
214,0.8981274776814093,1.0794702495428636,-1.351506524096268,106.86041931819952,3.6784000396728516
215,-1.2303695948524467,0.7800538439519806,1.3889620898913446,105.77929369868632,2.882699966430664
216,1.2822226491766633,-0.380124292185551,0.8538806848411915,104.69175603258655,4.125899791717529
217,0.8999531147870142,1.0600336400893267,-1.36066344484245,103.59797805470488,5.371799945831299
218,-1.1431146164382104,0.9005333095905972,1.4850227072191455,102.49813248526354,4.266900062561035
219,1.3094277826789984,0.12978752421788795,0.06105874569489565,101.39239300262761,4.265900135040283
220,0.7989389012880844,1.0957188745345878,-1.3404142232284846,100.28093421587967,5.101099967956543
221,1.147180003430615,0.8101633011476158,-1.188595784929679,99.1639316372466,5.150199890136719
222,-1.2543617869885797,0.52658069982974,1.125191517010469,98.04156165438417,6.012599945068359
223,-0.9096673877135326,1.0349144210004755,1.2711352175910342,96.91400150252366,4.135900020599365
224,-0.5165777450663387,1.1697628586440647,0.5870172402849886,95.78142923648417,4.15310001373291
225,1.2123183523595544,-0.4355938843672002,1.0433147174861024,94.64402370255563,4.142300128936768
226,-1.0484570563917914,0.9259486107805958,1.4330916911229175,93.5019645102571,0.03590000048279762
227,-0.30727232205403515,-1.3017995735987657,-0.7570017706021251,92.35543200397424,2.065000057220459
228,1.2472315327561898,-0.294219819176743,0.913591053797855,91.20460723448079,4.592599868774414
229,1.175994426493304,-0.48230140989215303,1.143162075070168,90.04967193034862,5.0524001121521
230,0.426083371779633,1.1698641274823804,-1.1322361002771146,88.89080846925071,1.6684999465942383
231,1.1781692557942611,-0.4617423032959521,1.1465361442005897,87.72819984916156,3.8912999629974365
232,-0.8300188431129886,1.0091995543927765,1.094594098118892,86.56202965945963,2.6586999893188477
233,1.1160968595543614,0.7231142648579914,-0.9968806530172114,85.39248205193661,1.7726000547409058
234,-1.19086978395501,0.6878003422941225,1.4543506901884342,84.21974171171746,4.55620002746582
235,0.9430365107191698,0.9419451419648487,-1.3447808829572365,83.0439938280968,2.89490008354187
236,0.020751941597557316,-1.3238929295120299,-0.1898846870752575,81.86542406529519,1.9127000570297241
237,-0.287503294685001,-1.2806914726294443,-0.8859219968050701,80.6842185331405,2.246799945831299
238,-1.1349941818002005,0.77287971069627,1.4667695965509784,79.50056375767926,0.6226999759674072
239,1.2492339036842446,0.06092341404536014,0.4742129369812946,78.31464665172193,4.917200088500977
240,1.2245945700479057,-0.2872507577946711,1.0453332053853361,77.12665448532704,4.685699939727783
241,0.5336396618110374,1.1419516295399355,-1.325570878808496,75.9367748562293,5.384799957275391
242,1.2210148207083593,-0.2879650353477296,1.059447281584587,74.74519566021583,3.7228000164031982
243,1.16189610614692,-0.4428577979981277,1.2055371837294542,73.55210506145472,1.1878999471664429
244,-1.1055783444750988,-0.40150072533172637,-0.5170450009773188,72.35769146278236,1.368299961090088
245,1.138221984686779,-0.48605998663695915,1.2429530060662861,71.16214347595205,3.022200107574463
246,-0.31899593863297687,-1.2579555658621295,-1.0285555029708606,69.9656498918501,1.1055999994277954
247,1.2365814014319663,0.11510070426105984,0.4623624938150923,68.76839965068365,5.384399890899658
248,-0.45002816583988997,-1.2008196600704022,-1.2399605469130388,67.57058181214481,1.7275999784469604
249,-0.5038641431247481,1.1012308626778269,0.2586976320570184,66.37238552555571,0.6820999979972839
250,-0.25248465100510614,1.137154245069127,-0.28169899523606845,65.17400000000002,4.352799892425537
251,0.9603152807419388,0.8669665271802643,-1.151873489765425,63.97561447444432,1.1993000507354736
252,-1.2416905675221996,0.38853235633901606,1.2341291265887828,62.77741818785523,0.5914000272750854
253,0.20769978265386918,1.1676819007469363,-1.0480714561658047,61.57960034931634,1.080299973487854
254,0.008232175309054386,1.152068386018846,-0.7664241340868827,60.382350108149936,0.23340000212192535
255,-0.354903090540726,-1.219319132190781,-1.1380228213683032,59.18585652404798,1.4706000089645386
256,-1.1621545940734295,-0.07551471052040834,0.38477412647925957,57.99030853721764,1.8514000177383423
257,-0.1702474598815582,1.1261296235133609,-0.4795152726517754,56.79589493854531,1.03410005569458
258,0.5396683677556602,-1.1321979841814458,0.7113214649020391,55.602804339784214,6.276800155639648
259,0.8424966450199528,0.9516087552043112,-1.2861281170052778,54.41122514377068,1.1857999563217163
260,0.08562813175029714,1.1518255920356626,-0.9108253334565106,53.22134551467304,3.2147998809814453
261,1.0905363543717204,-0.49578369088281166,1.2755353498436346,52.033353348278155,0.9878000020980835
262,-0.9984709669878511,0.7943901066829621,1.2182527885306895,50.84743624232074,3.6070001125335693
263,-1.185817124834887,0.02883735404980681,0.6643694782698675,49.66378146685955,3.228600025177002
264,0.019785982140277308,-1.2543639003635514,-0.4431704870409787,48.482575934704855,4.7519001960754395
265,0.5712880233436145,1.0920698446810992,-1.3834738239753837,47.3040061719032,3.9702000617980957
266,1.0262112105756775,0.6158100743687001,-0.5652513777607227,46.12825828828257,3.1624999046325684
267,-1.0334660855264441,-0.39965265880816736,-0.34472748778724405,44.95551794806343,2.915299892425537
268,-0.8775102883181229,0.8653392098282625,0.9955927377918707,43.78597034054037,4.305699825286865
269,0.43886106164453276,-1.1778651056560425,0.47437801721359396,42.619800150838486,4.670199871063232
270,0.16580291637192296,1.150496672504472,-1.0397628970203707,41.45719153074932,4.740499973297119
271,-0.6372665159572362,-1.0542618521772147,-1.4233395013094035,40.29832806965142,1.728700041770935
272,-1.0087626278748307,0.7608875337575187,1.2239234573267788,39.14339276551925,1.503499984741211
273,1.1043223858704803,-0.4351827434193678,1.2255818596910548,37.992567996025784,4.138299942016602
274,0.910069578852668,-0.7167743136580694,1.2536292895109853,36.8460354897429,4.702400207519531
275,0.630801372427875,1.054472756924832,-1.365668046125943,35.703976297444406,5.658999919891357
276,-0.9851957164594275,-0.5057580402712185,-0.5878423935514433,34.566570763515855,2.2697999477386475
277,-0.9663838051188768,-0.5630724083245613,-0.7156108301752478,33.43399849747633,0.5160999894142151
278,-0.022714854402544858,-1.2407379217597136,-0.5295360496982737,32.30643834561586,1.2599999904632568
279,0.5842354222326035,-1.0810614332411452,0.7624451502638147,31.184068362753436,3.5095999240875244
280,0.5073583343334442,1.099989004584328,-1.3356006832310066,30.067065784120324,4.396699905395508
281,1.188524382246288,0.17570311350892603,0.4452852212588672,28.955606997372435,1.215000033378601
282,0.04761422676243311,1.141921656592561,-0.8640165804895517,27.849867514736545,0.34470000863075256
283,-1.0467241892322485,0.7165602340794308,1.2647048136556929,26.750021945295117,4.2758002281188965
284,0.6917566777826963,-0.9780870180104202,0.9540955233674102,25.65624396741348,2.382499933242798
285,-1.201040729290278,0.0979164996288982,0.8060851561866588,24.568706301313718,5.00029993057251
286,1.066298234570574,0.4874397658419671,-0.25070448871426126,23.487580681800473,5.110799789428711
287,-1.1242434881862307,-0.1347841863858654,0.2878714168023954,22.413037831141914,4.472499847412109
288,0.9271939646979114,0.7854043363723422,-0.9024033293724498,21.345247432110583,4.916500091552734
289,-0.5698746075953305,1.0319755604829204,0.3123431947653356,20.284378101188736,0.12790000438690186
290,-0.9299853285051494,0.8161738308010742,1.077414440209134,19.230597361941754,5.643400192260742
291,-0.16648056018422194,-1.2339968726459654,-0.7670032308435365,18.184071618564097,4.565400123596191
292,1.0484045805640336,0.5309820382037643,-0.35200305793098463,17.144966129602402,4.554900169372559
293,-0.7789157709351475,-0.956662534625573,-1.3910594789795514,16.11344498185911,3.2551000118255615
294,-1.1638678533601765,-0.03221664494959162,0.5015263522155526,15.089671064481102,0.6233000159263611
295,0.0036765746418109895,-1.241873284318732,-0.40457419879744255,14.073806043238022,2.181999921798706
296,0.49808997630449525,1.1010157994901977,-1.2887293663102972,13.066010334992974,1.121000051498413
297,0.396377633756994,-1.1867769496062892,0.4295509739677837,12.06644308237098,3.7404000759124756
298,-0.6128549377660165,1.024550974484123,0.4208723465120231,11.075262128628616,3.3513998985290527
299,0.08599834761242531,-1.236408895087582,-0.2083967010913974,10.092623992728626,1.6088999509811401
300,-1.144224989368166,-0.0843490400477886,0.3566683391436868,9.118683844623732,5.133299827575684
301,-0.9429948817919579,-0.597637244224047,-0.8330578101753465,8.153595480753609,0.3206999897956848
302,0.4333238468286231,-1.1744962784148631,0.516329829294667,7.197511299758602,2.6700000762939453
303,0.7465583463556198,0.9856312290187543,-1.2362972907811556,6.2505822784141145,2.968100070953369
304,0.28686005028184547,-1.212293600927415,0.23769575309290347,5.3129579477897835,4.380000114440918
305,-0.404952212976054,1.077184516854567,-0.006863236788154547,4.384786369636721,0.17170000076293945
306,1.1107226763915135,-0.4744680011050271,1.148034588679507,3.4662141130068065,0.19169999659061432
307,-0.9932383999255927,0.7623480042516403,1.1749464839049084,2.557386231107799,3.728100061416626
308,-0.570110228061814,1.0449182452721193,0.347335663240506,1.6584462383977439,1.648300051689148
309,-0.00909444138598889,-1.245753763172825,-0.3585961487081181,0.7695360879222761,0.361299991607666
310,-1.1720909135334934,-0.0033356127568231818,0.49411824332487686,359.89079614889874,1.0022000074386597
311,0.3358081321709506,-1.2035670768796494,0.3639696970789329,359.02236518455027,2.2492001056671143
312,0.6217736709329663,1.0540705408953772,-1.268614694804694,358.1643803301932,0.6187000274658203
313,1.212246377786999,0.03829010657561524,0.5733826529583581,357.3169770715821,5.183599948883057
314,-1.2330063577940955,0.3023375400461781,1.0634637126636723,356.480289223515,1.5443999767303467
315,0.8182835559270293,0.9341578390028552,-1.1430823695115193,355.65444890870225,2.539099931716919
316,1.2048658986937406,0.10228022526347114,0.4592701199973697,354.839586536903,2.800299882888794
317,1.2044272850125783,0.10463653362826562,0.4508161074060562,354.035830784332,4.451600074768066
318,1.1816225267382816,0.2045491097627301,0.26484825914127064,353.24330857334,3.781599998474121
319,0.9955215199941604,0.6791536325288668,-0.6784909023701565,352.4621450523713,3.1705000400543213
320,0.9157495732874015,-0.7361151702817527,1.16384633551733,351.6924635762013,3.1619999408721924
321,0.8328621058580983,-0.827122383510807,1.1214524712273422,350.93438568645774,3.213099956512451
322,-0.20458783099449612,-1.2423386732890265,-0.6771565854672724,350.1880310924271,4.838099956512451
323,-0.1268617317594638,1.1354242591993127,-0.4603095160057301,349.4535176521519,2.2146999835968018
324,-0.6451044735699659,-1.0800045199642034,-1.3290326255746825,348.7309613538191,5.389999866485596
325,-0.3197457418264227,1.105796044353983,-0.10971648772328615,348.0204762974444,4.356900215148926
326,1.0824506608218951,0.48265978962170114,-0.31914101430321995,347.32217467685433,4.493000030517578
327,0.9909475744860674,-0.6656658326097354,1.1647147205109445,346.6361667619698,2.0153000354766846
328,1.1873205853446673,-0.30457866361432895,0.9167631302743613,345.96256088139296,5.222499847412109
329,1.088845292140714,-0.552699628849249,1.1222342063503434,345.3014634053011,1.5430999994277954
330,1.091307997009582,-0.5507431901747658,1.1186194538614478,344.6529787286494,3.637500047683716
331,0.81128262341018,-0.8556150532461637,1.106213284604759,344.01720925468567,3.1040000915527344
332,-0.21578717368282854,-1.2441820478442303,-0.6510611474298004,343.3942553787799,2.1445000171661377
333,0.04582210044578533,-1.2442897268060604,-0.12250230856344874,342.7842154725709,3.197700023651123
334,1.2082235935772487,-0.1729116353234218,0.7611487525442862,342.18718586843136,0.33709999918937683
335,-0.2734799432452568,1.1194503832220597,-0.1653500378601358,341.60326084425685,3.666800022125244
336,0.7315440948886486,0.9994523225804246,-1.1984573650048904,341.0325326085778,2.1696999073028564
337,1.1926324137665367,-0.29047192628762974,0.8737458616929255,340.4750912859987,2.7720000743865967
338,0.9220914908108216,0.830529111489786,-0.9547073772318189,339.93102490296644,2.0434999465942383
339,-1.211377852894392,0.16512083961203877,0.7257098174362004,339.4004193738699,5.901599884033203
340,0.45057710169678555,-1.1711353667995872,0.6783922732172731,338.8833584874731,3.4660000801086426
341,1.0466433436819538,0.5920908209211503,-0.5395047041027016,338.379923893684,5.944499969482422
342,0.01901424361792954,-1.247457666864057,-0.1425762438974948,337.890195090661,2.5755999088287354
343,1.2032182555705335,0.09234899108802545,0.36744916337628514,337.41424941225904,5.885900020599365
344,-0.39436399062050415,-1.2005948616611068,-0.9213625809701227,336.95216201581826,1.9753999710083008
345,-0.31554435814644155,-1.2262698051176286,-0.7841556477895761,336.50400587029515,3.751699924468994
346,-0.5438884646881382,1.072117293847085,0.38939001527396694,336.0698517447403,3.374799966812134
347,-0.5901518237025185,-1.1199518684264733,-1.2137647244881509,335.64976819712297,4.191699981689453
348,1.1456909617790763,-0.4716760906429464,1.0139451905177965,335.2438215635052,1.2825000286102295
349,-0.8120011425998889,-0.957092821567072,-1.4012503813595765,334.8520759475662,3.0288000106811523
350,-0.9509167071444026,-0.5740968440019313,-0.9392624464810453,334.47459321048007,3.878999948501587
351,1.2089976865960832,-0.1740562192808381,0.7165161478482691,334.1114329611469,5.469799995422363
352,1.1910941311225884,0.15169460538885093,0.2377809404723933,333.7626525467799,3.949199914932251
353,0.9248145005015032,-0.755048157534796,1.134491281263952,333.4283070438497,4.430200099945068
354,-0.5339765206714745,-1.1479812198471724,-1.1203325756995135,333.10844924938715,5.531799793243408
355,1.113497091309154,0.42560135145322875,-0.265313522766483,332.80312967264587,1.777899980545044
356,-0.9838658290404504,0.7830746993783597,1.1775501653231075,332.51239652712627,0.2632000148296356
357,0.21605145957543845,1.1633487578435064,-0.8896879011913149,332.2362957229625,4.018199920654297
358,1.0782984718048318,-0.5969646422034213,1.0893461902203116,331.97487085967214,0.006500000134110451
359,-0.14345885214113946,-1.2552098647887286,-0.42494270468026313,331.72816321927155,1.5098999738693237
360,0.6368960900434757,1.0487473893275456,-1.1889743596466353,331.49621175975716,6.207600116729736
361,1.1070197959514743,0.44868881018782086,-0.3102159716609303,331.2790531089533,2.40339994430542
362,-0.34585697932487935,1.1189942910474948,0.020796084799428932,331.07672155872825,3.6182000637054443
363,1.1076016265672983,0.4481260147712686,-0.3106255428677569,330.88924905957936,3.0165998935699463
364,-0.23488715574676128,1.1367026431306815,-0.18050561177627683,330.71666521558745,6.2093000411987305
365,1.145254828218743,0.328063370248789,-0.10233099151370617,330.5589972797422,5.604100227355957
366,-0.26520127643918734,1.1326052085743419,-0.1246509650336781,330.41627014963836,1.7870999574661255
367,-0.5639684984478054,1.0690821335256628,0.4571563531385113,330.28850636354434,0.16459999978542328
368,0.21126662095058893,1.1641017952650226,-0.8734307716213031,330.17572609684305,5.1691999435424805
369,-0.41591050351665293,1.1070182831472186,0.15980435742915272,330.07794715884603,3.924299955368042
370,-0.229195625805686,-1.248187659078629,-0.5788912143278191,329.995184989981,1.0788999795913696
371,-0.7171200255243053,0.9980759224036122,0.7732130969971706,329.92745265935395,1.6359000205993652
372,0.9834567471600376,0.7469254495851443,-0.8132794478711489,329.8747608626849,5.138500213623047
373,-0.992800450487533,-0.4405757560388462,-0.7199859670972935,329.83711792061956,5.420400142669678
374,-0.8093493857948618,-0.9677296406596284,-1.4021656908676017,329.8145297774147,6.185699939727783
375,1.0922783602129642,0.495586697341032,-0.3935426649494529,329.807,5.171599864959717
376,-0.7665777004499114,0.9649794242478776,0.8677473064249324,329.8145297774147,2.218600034713745
377,0.8646781629182795,0.9038239692874216,-1.0674263280724796,329.83711792061956,1.7222000360488892
378,0.2758433891344152,1.1568672227739758,-0.9491935728184603,329.8747608626849,4.663700103759766
379,0.6207164692818249,1.0558934818044046,-1.181844211238456,329.9274526593539,4.917600154876709
380,-0.9318714557831221,-0.652489967255481,-1.0875157279582472,329.995184989981,3.456899881362915
381,-0.45471116812753015,-1.1837334573781628,-0.9806184334878345,330.07794715884603,4.548299789428711
382,0.023496683411969317,-1.2483750301364696,-0.07912219681847808,330.17572609684305,4.471099853515625
383,-0.7240409064476382,-1.0474288892465662,-1.355025922962548,330.28850636354434,6.167399883270264
384,1.2065830877731123,0.05556453253680376,0.3811328373729496,330.41627014963836,0.6176999807357788
385,0.284539268016859,1.1554544205572355,-0.9632006067101869,330.5589972797422,1.2609000205993652
386,-0.7776123179154554,-1.0015749744907734,-1.3949092030932204,330.71666521558745,5.591100215911865
387,0.2328765458226107,1.1619039568189373,-0.9057779637100728,330.88924905957936,1.423699975013733
388,0.8827326938858505,0.8854460016948987,-1.041708026530683,331.07672155872825,5.258500099182129
389,-1.0934033317580127,-0.18377868784798537,-0.13147551641854957,331.2790531089533,0.6830000281333923
390,-0.8510830307716449,-0.8988747570729726,-1.3769279568196569,331.49621175975716,4.815999984741211
391,-0.7963617536487088,0.9422613648825086,0.9147329515801185,331.72816321927155,2.292099952697754
392,1.0495694062392233,-0.6315526930686174,1.10945130758378,331.9748708596721,0.18400000035762787
393,0.16147711470904852,-1.2338037806770101,0.18135908354359606,332.2362957229625,2.022200107574463
394,-0.17581346698569472,1.1420190826577994,-0.2958834541823853,332.51239652712627,3.3738999366760254
395,1.031533864934363,0.6406739016561498,-0.6302630544948595,332.8031296726458,6.181600093841553
396,0.11976301415312088,1.1665954560202796,-0.7690986101208925,333.10844924938715,0.349700003862381
397,0.9024297951347022,-0.7750971337728948,1.133123889080693,333.4283070438497,5.6118998527526855
398,0.9021922356099573,-0.7747663580038758,1.1338778784402757,333.7626525467799,4.340400218963623
399,-0.7663626290652332,-1.0079772430652263,-1.3946532227507609,334.1114329611469,2.8777999877929688
400,1.1213515357154087,0.39617727986256507,-0.20341069864554315,334.47459321048007,2.637500047683716
401,-0.02318955656990789,-1.2513354773279841,-0.21217552385741917,334.8520759475662,2.5601000785827637
402,-1.1772522517259614,0.5608856204318329,1.2646223712949385,335.2438215635052,5.9868998527526855
403,-1.1185653264386999,-0.12370139174989471,0.05224982872104743,335.64976819712297,3.1519999504089355
404,1.0662612746902485,0.5464119779528085,-0.46330401175200325,336.0698517447403,4.190999984741211
405,-1.1538177057927952,-0.0298665478274609,0.28315366034318323,336.50400587029515,2.8238000869750977
406,-1.2088147210032052,0.1565605446821111,0.6985848686847033,336.9521620158182,0.2619999945163727
407,-1.117634661922085,-0.12764508378463155,0.05725304889478182,337.4142494122591,6.172299861907959
408,-0.6919514892718501,-1.061100331254172,-1.3477345445233189,337.89019509066094,5.395500183105469
409,1.070369691854142,-0.5911479700071933,1.1183721195953173,338.379923893684,5.378499984741211
410,0.3375905070087073,1.1446832962035065,-1.0599918708737854,338.8833584874731,5.1234002113342285
411,0.7675741018211881,0.9772699841439829,-1.1764410871885802,339.4004193738699,1.142199993133545
412,-0.29651401497705665,1.1164945809868747,-0.12040823796470243,339.9310249029664,0.8827999830245972
413,-0.4499925625866935,-1.1756251703468212,-1.0386075508566175,340.4750912859987,2.8452000617980957
414,0.974046748522677,0.742007672824882,-0.7984066219998195,341.0325326085778,6.004300117492676
415,-0.10513095131758607,-1.253182200814733,-0.43134295178521714,341.60326084425685,1.8187999725341797
416,-0.8175360971799182,-0.9368275422795842,-1.3890808570838706,342.18718586843136,6.088500022888184
417,-0.2705445282798482,1.1174473147146167,-0.18216800074881928,342.78421547257085,5.631100177764893
418,1.1810846440569651,-0.33637293804820134,0.9406274987649168,343.39425537878,0.9236000180244446
419,1.2116777122362052,-0.12612357179124256,0.7254692372886516,344.0172092546856,1.301300048828125
420,0.8069213490224353,0.9475624518496134,-1.1491120811147881,344.6529787286494,0.7856000065803528
421,-1.1135953955646325,0.6459429431812718,1.286370433346619,345.30146340530104,4.700799942016602
422,-0.4529769217811227,1.08382632965243,0.15246134280892146,345.96256088139296,2.0264999866485596
423,-0.1329666859775085,-1.2507657173182418,-0.5248249257279407,346.6361667619698,0.3255999982357025
424,0.4036593313938912,-1.1873902766030586,0.5429556989992852,347.3221746768543,4.272500038146973
425,0.9154752744361033,0.8289207710099614,-0.9549914412750871,348.02047629744436,3.884999990463257
426,1.196537567321961,-0.24280378269771916,0.8775410011074213,348.7309613538191,5.070199966430664
427,-0.9309538412501921,-0.6343774508106087,-0.9653337897575648,349.4535176521519,3.64739990234375
428,-1.1505068219480625,-0.056112736295802476,0.3240338854756213,350.1880310924271,4.259500026702881
429,-1.0515490124496554,-0.2932542692227808,-0.2446421031246132,350.9343856864577,6.021399974822998
430,-0.051394893186587104,1.1448343805024146,-0.6032679491755801,351.69246357620125,0.24150000512599945
431,0.9492346168636989,0.7686279168592116,-0.8456770985305886,352.4621450523713,1.8559999465942383
432,-0.5517894189479133,1.0554374582535309,0.32889677696303155,353.24330857333996,4.951499938964844
433,-1.233181919895025,0.33071913150326465,1.1028803117612391,354.035830784332,4.795100212097168
434,-1.1400066316136197,0.6090854978817909,1.3097347688187864,354.839586536903,0.3312999904155731
435,-0.9209214823550075,0.8287555233510453,1.0721385402204509,355.65444890870225,5.603300094604492
436,-0.2189122423368259,-1.235355687543596,-0.7539377091794791,356.48028922351494,5.722899913787842
437,0.6722897885098639,-1.0075406407278615,0.9442024712244369,357.3169770715821,0.2329999953508377
438,-1.0390995348683032,0.7197041949549462,1.2322909390572463,358.1643803301932,4.083099842071533
439,-0.8260109003528295,0.9097017005544201,0.9007507970416411,359.0223651845502,4.091800212860107
440,0.778357601678173,-0.8862273847591893,1.0738672302366452,359.8907961488988,1.4703999757766724
441,0.012480571043501,-1.243951516717773,-0.32357332404057954,0.7695360879222477,2.7720999717712402
442,-1.2328134565043065,0.3050732449417245,1.096500282209924,1.6584462383977154,3.4291999340057373
443,0.7499778449386209,-0.9193603053519026,1.0399200474168124,2.557386231107799,5.283899784088135
444,0.046325880160541955,1.1518439016078932,-0.8044321863256159,3.4662141130068065,4.61899995803833
445,-0.1389216084268932,1.1234034921739662,-0.507688006183906,4.384786369636657,4.963200092315674
446,0.22382210583199338,1.1545433609057356,-1.048470673832377,5.312957947789791,5.10260009765625
447,0.017772772075266185,1.1473692462086265,-0.7707749537071037,6.250582278414051,1.0354000329971313
448,0.5587314797244487,1.079818428748573,-1.2949178858077062,7.197511299758538,4.760499954223633
449,-1.1082944983136136,0.6476661156512943,1.3110109654666104,8.153595480753651,4.770899772644043
450,0.16449011155326906,1.1554105691997782,-0.9880391486657069,9.118683844623696,1.4950000047683716
451,1.0607907315226315,-0.5389573788059318,1.211910514458836,10.092623992728598,0.7408000230789185
452,0.7847458486885668,0.9562160206530116,-1.210300375690799,11.075262128628616,0.11680000275373459
453,-0.12490344372445814,1.1216742345873183,-0.5558962992346985,12.06644308237098,4.623899936676025
454,-0.3634530799527687,1.0771983971725347,-0.11735843888449411,13.06601033499291,2.8338000774383545
455,0.6111653632848468,1.05842577602345,-1.316888700199645,14.073806043238065,1.5312999486923218
456,0.9942777462730811,0.6524401203161397,-0.6156503307274325,15.089671064481074,2.9626998901367188
457,-0.868093909406791,0.8672874655840613,0.9652759416113063,16.113444981859047,5.665599822998047
458,0.15945487765891075,1.1525835245090572,-1.0036539550421013,17.14496612960238,2.11680006980896
459,-1.1719529964246556,0.559456988258402,1.360564997724008,18.18407161856407,0.09679999947547913
460,-0.7435796691870489,0.9553648237450693,0.7064459031738447,19.23059736194172,1.9263999462127686
461,-1.1090499068600723,0.6503079131530692,1.3314053303315805,20.284378101188736,0.8152999877929688
462,-0.7730950240289411,-0.9593365170200423,-1.3982773204029872,21.34524743211059,5.02839994430542
463,1.1828280448570732,-0.21049070202178288,0.9914361319286774,22.41303783114185,0.12460000067949295
464,-1.1443748614332823,-0.08374021496775522,0.41734697822376077,23.487580681800523,6.022600173950195
465,-0.6151445755555756,-1.06856961734142,-1.3900821929026612,24.56870630131369,4.410699844360352
466,-0.9367492351870647,-0.6432572018624738,-0.8884381566749461,25.656243967413452,1.0092999935150146
467,0.6842774214488125,-0.9850914445470175,0.9435026800650512,26.750021945295117,1.200600028038025
468,-0.05987773635561946,-1.2401304577966896,-0.6024120078421682,27.849867514736516,5.742199897766113
469,0.03381759555352544,-1.2391035383587523,-0.40347909315228964,28.95560699737232,4.5954999923706055
470,-0.5392535523169288,1.0372981266108938,0.2390651289555602,30.06706578412033,4.6890997886657715
471,0.6236245942654308,1.056217616092528,-1.360423165056696,31.18406836275345,2.667799949645996
472,-0.07371938061487407,1.1222135676204363,-0.6782997626142718,32.30643834561579,5.33459997177124
473,1.1606873289363846,-0.28439224732139334,1.0945928192814052,33.43399849747638,1.4668999910354614
474,1.1265370061262543,-0.38313562504970183,1.1838887718735356,34.56657076351583,2.5857999324798584
475,-0.054772836143190395,-1.242582603325486,-0.6094955977673268,35.70397629744438,3.5552000999450684
476,-1.1286693035438364,0.6439554240454687,1.3798519910040719,36.8460354897429,2.6545000076293945
477,-1.1321895853837411,0.641675474872261,1.384847097723922,37.992567996025784,1.9714000225067139
478,-1.2091376999876695,0.14124556183314277,0.9071282312666968,39.14339276551918,2.3859000205993652
479,0.8574129762196109,0.903991655841076,-1.1880148562189603,40.29832806965142,0.24809999763965607
480,-0.4915945285524377,-1.129628619004501,-1.3189535940013721,41.45719153074924,2.0655999183654785
481,-0.49483751238383256,1.056695048262172,0.14919331349421835,42.61980015083841,3.414599895477295
482,-0.45236033337347564,1.0671332394531947,0.05665120132371441,43.785970340540416,4.469399929046631
483,0.41689215885613523,-1.193249896772178,0.4334506292860565,44.955517948063395,2.4249000549316406
484,-0.7158182917001022,0.9759439881821278,0.6628443636063986,46.12825828828254,0.8661999702453613
485,0.04107869676999038,1.1439093367967856,-0.8531455185720516,47.3040061719032,0.22689999639987946
486,1.022506426564185,0.6546057075416407,-0.6622870109217369,48.482575934704855,1.9074000120162964
487,-1.0325708956108766,-0.46127365447788543,-0.5066528330200639,49.663781466859476,3.4351999759674072
488,0.803856362079138,0.9787454083206878,-1.3246347926694833,50.847436242320796,2.573199987411499
489,-1.1600900582243947,-0.07008270495501576,0.4203071876728741,52.03335334827808,2.775099992752075
490,-0.6818020587319236,1.00706251843926,0.6033705462680187,53.22134551467296,3.4932000637054443
491,0.5795345430912247,-1.1015704084838518,0.7964157696726322,54.411225143770736,2.0004000663757324
492,-1.1908793163398625,0.60701855142205,1.4322982961226391,55.60280433978418,4.406599998474121
493,-0.09675266810136844,-1.2723449428427636,-0.657533665937541,56.795894938545274,0.5960999727249146
494,-0.5621293817414232,1.0694847311472544,0.35255022517794105,57.99030853721764,3.1512999534606934
495,1.227713322691536,0.12059557651019837,0.5045462538268858,59.18585652404799,3.467600107192993
496,1.0595918236497084,0.6658902744087928,-0.7215317106248569,60.38235010814986,2.1240999698638916
497,0.9976527614510293,0.8129899209216536,-1.0439070887512432,61.579600349316394,4.411300182342529
498,-0.12952244839214108,1.146914072322582,-0.5102907221606413,62.7774181878552,1.1023999452590942
499,-0.779938639074699,-0.9869492312969417,-1.4612975422654975,63.975614474444285,1.3206000328063965
500,-1.0061087466775722,-0.7067625934864965,-1.1244196552133914,65.17399999999998,5.996399879455566
501,0.08075904753325393,-1.3005127458668002,-0.19765495970684474,66.37238552555569,1.2585999965667725
502,1.0549178721580952,-0.6322794236279449,1.3249589360619454,67.57058181214477,3.933199882507324
503,-0.6828985972789654,-1.0644687315962855,-1.4422488910926765,68.76839965068366,4.515999794006348
504,-1.1855865971659179,0.6731320221684982,1.4542614832753307,69.9656498918501,3.9681999683380127
505,-1.1149046280569792,-0.36950703448720085,-0.4581529293213812,71.16214347595198,6.131100177764893
506,1.2314564943008381,-0.25124322043125275,1.018433928442669,72.3576914627824,1.7555999755859375
507,-1.233862040910918,0.5143732569886406,1.3299601128474208,73.5521050614547,5.143199920654297
508,-1.0453305870701561,-0.6606512735562426,-1.1301467329100263,74.74519566021578,2.544100046157837
509,-0.42267107023559974,-1.2362736661576919,-1.1542612110667747,75.93677485622932,1.2487000226974487
510,1.2573542854793636,-0.13496503184902992,0.822484452057716,77.12665448532701,1.256600022315979
511,1.1665018561066287,-0.4555870764336198,1.1896498944118021,78.3146466517218,1.1725000143051147
512,0.809044860400543,1.0343093284160745,-1.4107576499134713,79.50056375767926,2.7325000762939453
513,-0.5712817675422369,1.1040852243533366,0.5687205874545166,80.6842185331405,2.6598000526428223
514,0.9228421907424039,-0.8361472535898341,1.3489067882627426,81.8654240652951,3.9755001068115234
515,-0.9160857402610529,-0.8889687728524753,-1.4873538108055335,83.04399382809686,0.02710000053048134
516,-0.9433682731837392,0.9547971724314257,1.279056645206096,84.21974171171743,4.249499797821045
517,-0.815551959454596,-0.9977925562424552,-1.5006265955485218,85.39248205193657,2.163800001144409
518,1.0599613391851053,0.8434266608857586,-1.2253158307748522,86.56202965945963,2.805799961090088
519,1.0747145133281737,0.8322285287704657,-1.21068940288922,87.72819984916156,0.2727000117301941
520,0.8737327259203477,-0.9179113418605719,1.3236363127256854,88.89080846925064,1.3006000518798828
521,-0.21402593494236552,-1.3240713583176587,-0.5506971537671167,90.04967193034862,4.701200008392334
522,0.6153300614701689,-1.1289935651046097,1.1073587369182076,91.2046072344807,0.6004999876022339
523,1.0247413186865302,0.9183376534392553,-1.324213766538874,92.35543200397417,1.4141000509262085
524,-1.099694793591866,0.8949304010614244,1.4720873662870253,93.50196451025715,1.9767999649047852
525,-1.2088097303017722,-0.12342641965836947,-0.2769596460043349,94.6440237025556,1.5372999906539917
526,1.0301308030878276,-0.7916883300294079,1.287068252687945,95.78142923648414,5.645500183105469
527,-1.2167510967645894,0.7279853694937449,1.3910946599320526,96.91400150252367,5.135799884796143
528,-1.2136479597140777,-0.30685735501879735,-0.7273585479467366,98.04156165438418,2.512399911880493
529,-1.239095705447303,0.03446734757784185,-0.005570482424435792,99.16393163724652,1.6475000381469727
530,1.3167487540233804,0.12352149790865635,0.06273511110355545,100.28093421587971,3.697999954223633
531,1.0699470663295398,-0.7833822998203597,1.2421391608241468,101.39239300262756,0.8345000147819519
532,-1.1956936609331226,0.842084110699869,1.453759413543551,102.49813248526345,5.700799942016602
533,-0.4331225992337223,-1.3361854150789054,-0.7576124456492664,103.59797805470485,4.486000061035156
534,-0.930565988818513,1.1015692791252212,1.334570185180626,104.69175603258651,4.433300018310547
535,-1.2871060201364828,0.3753815364810033,0.6433444622191128,105.77929369868627,1.7553999423980713
536,0.9924750490667595,-0.933322830443613,1.2685362045566573,106.86041931819953,0.8532000184059143
537,-1.2216954661669952,0.8610090031608971,1.4383262000990185,107.93496216885812,5.424300193786621
538,0.6343663470120927,-1.2326616506898773,1.1403058452424022,109.00275256788939,2.608599901199341
539,-0.22990465988426478,-1.4454073718900793,-0.1927032282616137,110.0636218988113,2.606300115585327
540,1.3855799462556821,-0.13546080463159363,0.41243323064852827,111.11740263805825,0.8016999959945679
541,1.1845808817269212,-0.7171597550417822,1.1096990944832115,112.16392838143591,2.8231000900268555
542,1.0174701394263075,-0.9679626237521933,1.2506185298765913,113.2030338703976,1.0462000370025635
543,-1.2152580609158437,0.9625877379705166,1.4919160750009213,114.23455501814092,5.990900039672852
544,-1.3258494809383385,-0.32107056883604235,-0.9764462403882017,115.2583289355189,2.1891000270843506
545,-0.10427303623170349,-1.5174311442893675,0.16190887926231223,116.27419395676199,1.8902000188827515
546,-1.3394533394654988,0.0068959038315980934,-0.3640751239830261,117.28198966500706,1.329300045967102
547,1.2955245238611137,0.863690297720397,-1.2473445257059015,118.28155691762899,1.7175999879837036
548,0.7359450967379486,1.2596920374635856,-1.1998129466219296,119.27273787137143,1.645799994468689
549,-0.050539513043966915,-1.558118634422312,0.3021778223591656,120.25537600727137,4.9807000160217285
550,-0.6705233634521901,-1.3902964973274257,-0.9596162338499584,121.22931615537627,4.0543999671936035
551,0.1076603622419179,1.4047994082152135,-0.3579369966549966,122.1944045192464,4.093500137329102
552,1.4118163870910523,0.7558782661618212,-1.0849182084299949,123.15048870024144,0.5070000290870667
553,1.4724886708805915,0.5797439619209009,-0.7958879182506194,124.09741772158586,4.254300117492676
554,-1.3555437113399202,-0.7188539947352048,-1.5536613232485328,125.03504205221026,0.4945000112056732
555,1.0549676584981504,1.1736603100878413,-1.3956597815925698,125.96321363036331,1.4185999631881714
556,1.2832530041703396,1.0070190112181816,-1.3615510478767006,126.88178588699316,1.5276999473571777
557,0.6062450935010189,1.3889784115558992,-1.0618981121095177,127.79061376889223,3.0053000450134277
558,1.3692358814415224,0.93867149353495,-1.295925290706873,128.68955376160227,0.6554999947547913
559,-0.1891714079960921,-1.6366917396542697,0.08782548453150912,129.57846391207772,2.224299907684326
560,-1.4344521362124356,0.8166301067876739,1.2087464585071048,130.45720385110127,0.04270000010728836
561,1.4657942893890576,0.8451382504152761,-1.1666061275481234,131.32563481544977,6.235799789428711
562,-0.19724350810610883,1.524178337685809,0.16784460616382074,132.1836196698068,2.3557000160217285
563,1.5556280256123878,0.6512568406969302,-0.8558762463410796,133.03102292841794,6.232100009918213
564,-1.3453989021808768,-0.9641233240967939,-1.6803490122279645,133.86771077648498,1.2336000204086304
565,-1.4352749564215221,0.9806356456583922,1.4291173413940177,134.69355109129773,2.1547000408172607
566,-1.206792522211806,1.2845285017309502,1.593790094725284,135.508413463097,5.5817999839782715
567,1.503651890376521,-0.5792538730341974,0.9269157308568452,136.31216921566798,0.34150001406669617
568,0.9628260045196156,-1.3193021083152126,1.2682660734885758,137.10469142666,5.025100231170654
569,1.6434391366559937,0.051248442951029864,0.1303726198890674,137.88585494762876,1.1377999782562256
570,-1.5404180206237357,0.3387176008649179,0.18791731983632473,138.6555364237987,4.887899875640869
571,-1.4580369040178383,-0.8834097613843057,-1.6942338110228392,139.4136143135423,5.348700046539307
572,1.6420813964225551,-0.2605707484638367,0.5711464701628524,140.15996890757296,4.444900035858154
573,0.0309059883850051,1.600326521246493,-0.23649469047396168,140.8944823478481,1.2062000036239624
574,-0.33895496675739967,1.6081906917662292,0.4058097076305859,141.61703864618087,5.913899898529053
575,1.6655614117756314,0.47698072033092176,-0.5242460814443657,142.3275237025556,5.065000057220459
576,0.9522531651252059,1.4282241893635315,-1.3934592307674958,143.02582532314568,3.7111001014709473
577,-1.522287384871562,-0.8185575937489239,-1.6700782514491774,143.71183323803024,2.7985999584198
578,-1.5330313808087501,-0.7982280933031768,-1.6559867569219493,144.38543911860708,5.7769999504089355
579,0.6777777668366303,1.5519340908250339,-1.1461342935366017,145.04653659469895,5.2164998054504395
580,-1.411107954662594,1.222039958907624,1.6319265550711872,145.69502127135064,3.4885001182556152
581,1.3622845997326252,1.1840995850117475,-1.471847159196562,146.3307907453144,3.9228999614715576
582,-0.22341584045184007,-1.7906899981553737,0.10193314910739137,146.95374462122004,2.023200035095215
583,-0.9001916298547576,-1.5639651634589407,-1.1273723424151796,147.5637845274291,2.3234000205993652
584,1.0839607659173205,-1.3224356770129018,1.2870225278999485,148.16081413156866,0.019099999219179153
585,-1.6051878667365813,0.11825488744923435,-0.3257494975249839,148.74473915574316,6.192800045013428
586,1.7139565698048724,-0.2646710599574853,0.5667527695516725,149.31546739142215,0.4097999930381775
587,-1.5817807630363065,-0.7319809958443073,-1.6067804990267485,149.8729087140013,0.147599995136261
588,-1.622819527305481,0.6431604351961953,0.7319600986357003,150.4169750970336,3.442199945449829
589,-0.009004031205022526,-1.8396473163435973,0.47068218071330287,150.9475806261301,5.766300201416016
590,-0.21279047748587937,1.6764815473414767,0.19962185696077603,151.4646415125269,3.084399938583374
591,1.7545199939553382,0.019509023115737257,0.17810566740243508,151.96807610631598,5.093900203704834
592,1.7238395911521456,0.4876262747270534,-0.5272629048085248,152.45780490933905,5.091899871826172
593,-1.5394917397575847,1.1016553683711665,1.4941562346875104,152.93375058774097,3.3973000049591064
594,-0.7573193025910986,1.6150446473451852,1.085489454601785,153.39583798418175,1.7639000415802002
595,1.6444041451035383,-0.5642623740861334,0.8648475568719384,153.84399412970487,4.298799991607666
596,0.12840359177605506,-1.849217890747953,0.6696138312884916,154.27814825525974,2.639899969100952
597,1.7494261233632087,-0.2254788605392678,0.49865692248992755,154.698231802877,4.59630012512207
598,-1.2306385076521826,1.4257637098335874,1.5897596467905293,155.1041784364948,4.55019998550415
599,0.6406560513497452,1.6250822613213316,-1.0654447795333264,155.4959240524338,3.6763999462127686
600,1.5163226272003043,-0.8311563280894742,1.0593660865940548,155.87340678951992,5.613800048828125
601,1.7175810304755077,-0.39359424354716804,0.6852595567120623,156.2365670388531,3.137700080871582
602,0.8892041323533775,-1.5121102152553192,1.2214385753148063,156.5853474532201,1.0805000066757202
603,-1.376390769529085,-1.232578031793543,-1.703788694688886,156.91969295615027,0.4693000018596649
604,-0.731419001861627,-1.6987220331536448,-0.7331266547159565,157.2395507506128,4.394700050354004
605,-1.4045098330957422,1.3061231194252758,1.6245221959690848,157.54487032735418,2.6401000022888184
606,1.414950192017521,1.2022381085986256,-1.4504668600808202,157.8356034728737,3.5046000480651855
607,1.182137234982217,1.3866960392129588,-1.4776478221779443,158.11170427703752,2.4123001098632812
608,0.6244122496745891,-1.6900950957336343,1.1007983025739643,158.3731291403279,2.108099937438965
609,0.5224989795252784,1.6609950472433388,-0.8966516874229942,158.61983678072846,3.737600088119507
610,-0.8060782691424505,-1.6711194764198032,-0.847174584812548,158.85178824024285,1.3968000411987305
611,0.6724078223167991,1.627718512814785,-1.0810595764529736,159.06894689104672,3.7527999877929688
612,1.7411509519994213,0.5000894787989919,-0.5498526192843152,159.27127844127176,5.684299945831299
613,-0.7673639838083199,1.6333920170022398,1.1048596444268282,159.45875094042066,4.595900058746338
614,-1.4319032531110265,1.2824815088502401,1.6040024131243134,159.63133478441256,5.8933000564575195
615,-1.6490051142756115,0.6975441653319643,0.7511789130744426,159.78900272025783,5.305099964141846
616,-0.3852208266770416,-1.8056489253909382,-0.0809425429997684,159.93172985036165,3.3524999618530273
617,1.7843620570148637,-0.014101945757931446,0.19570570051705746,160.05949363645567,6.208799839019775
618,-1.6491044816399532,0.271178232678365,-0.11623298963224468,160.17227390315696,1.1812000274658203
619,-1.654418244581899,0.49937912175763643,0.34616637555131125,160.27005284115398,0.09920000284910202
620,-1.607917371204835,-0.7578241564180137,-1.6340129678468773,160.352815010019,4.104300022125244
621,1.1746333182565647,-1.296676785465536,1.253558840173831,160.42054734064607,0.75
622,0.8919508741395519,1.5505597990189497,-1.2983278444430184,160.4732391373151,5.074100017547607
623,-1.6110032641376593,0.9611168330953229,1.2263529927204782,160.51088207938048,3.2718000411987305
624,-1.6112549335745168,0.9601768011377129,1.2248115392692247,160.53347022258532,4.479599952697754
625,0.5740097409293361,-1.7231107970113684,1.0705671121816205,160.541,4.5991997718811035
626,-1.3648015433308252,-1.259026664730054,-1.6719153901409787,160.53347022258532,6.228700160980225
627,1.537559110430183,-0.8184187190865786,1.0202772778784985,160.51088207938048,0.9132999777793884
628,1.685963595430067,-0.5121602591018658,0.7776418084615739,160.4732391373151,0.6225000023841858
629,-1.6012296905356398,-0.7970213778509864,-1.666818021919149,160.42054734064607,5.08620023727417
630,0.4054417529904099,-1.799880617573647,0.9566380662841781,160.352815010019,3.6098999977111816
631,-0.49409213289327136,-1.7807645760592408,-0.2742180157131226,160.27005284115398,5.433700084686279
632,1.7260691693137573,-0.3952497148956892,0.6654128552993698,160.17227390315693,4.671599864959717
633,-0.8338251598465187,-1.658793595987045,-0.8874187134397659,160.05949363645567,0.6743999719619751
634,-1.1647823443777718,-1.436962570092816,-1.4158851732581097,159.93172985036165,3.1136999130249023
635,-0.5135586040472913,1.6859591651683732,0.7269522000264653,159.78900272025783,4.051400184631348
636,1.7832865758582839,0.019140888182393814,0.1527397280570905,159.63133478441256,0.6764000058174133
637,1.7246238371638014,0.5935103715997941,-0.6888940567608506,159.45875094042066,5.82480001449585
638,-1.6229840842766459,0.9022255159009834,1.1404050147182858,159.27127844127176,5.300099849700928
639,0.3180070115301437,-1.825901405912319,0.882091987960469,159.06894689104675,0.5152000188827515
640,-1.6066427042963574,0.9666192730581976,1.2536923594141993,158.85178824024285,2.271199941635132
641,-1.644289315297355,0.24733289820332013,-0.14800103620212918,158.6198367807285,0.6420000195503235
642,-0.5184056598095387,-1.7709022575644957,-0.3377976422500482,158.37312914032793,5.085999965667725
643,-1.6058473602641758,-0.749566349726734,-1.6283384939856504,158.11170427703752,2.6939001083374023
644,1.303012012945863,1.2965169978457611,-1.4900270967857545,157.83560347287374,3.1819000244140625
645,1.690329896373054,0.7294514381355386,-0.8932303795077192,157.54487032735418,3.4820001125335693
646,-1.4663136594808104,-1.1189673654866863,-1.774348394030031,157.23955075061286,5.460899829864502
647,-0.5547830514816608,1.6723008726209192,0.7849900617986064,156.91969295615024,5.882299900054932
648,-0.08270670981653826,-1.84971261682269,0.3892682161939437,156.5853474532201,3.386399984359741
649,-0.010100269396690655,-1.855045768686324,0.4928530295180625,156.23656703885308,3.47379994392395
650,0.6386696734589391,1.6239283850864836,-1.0653316334861906,155.87340678951995,3.0541999340057373
651,-1.6355206208842665,0.729729737788096,0.8621295534262265,155.49592405243382,0.15109999477863312
652,1.7269569348345915,-0.328611230572541,0.6235787263266,155.1041784364948,1.9627000093460083
653,-1.633733619527508,0.7183468839428877,0.84769308052058,154.698231802877,0.4341999888420105
654,-1.6245318868005993,0.0710887046567428,-0.44850017090497096,154.27814825525974,0.7742999792098999
655,-1.6103920520108035,0.8768663625227465,1.152874380466264,153.84399412970492,5.84119987487793
656,-1.3847382894298852,1.3053113324590726,1.6459587595779914,153.3958379841818,1.8909000158309937
657,-1.4734421811714382,-1.0683279772105363,-1.780167815904991,152.93375058774097,5.206399917602539
658,0.12281747370820133,-1.839601047362967,0.6510981800938742,152.45780490933902,5.904900074005127
659,1.3737369140126074,1.209695992031281,-1.4791491347323704,151.968076106316,6.093299865722656
660,-1.0135573849529362,-1.5108622126398497,-1.2788319558455157,151.46464151252695,1.5134999752044678
661,-1.4859404681236505,1.167442609653971,1.5811825749301562,150.9475806261301,0.9954000115394592
662,0.39841319119781077,1.636386971692261,-0.7813412793413762,150.41697509703363,2.3236000537872314
663,0.20701669753028934,-1.8125013784334516,0.7429706146455279,149.87290871400137,2.9725000858306885
664,0.32892845973816737,-1.776715417717033,0.8714948077487561,149.31546739142215,2.1691999435424805
665,-1.2268494792856854,1.3887465590819967,1.6046891683288345,148.74473915574313,2.0195000171661377
666,-0.5060887507391572,-1.7201244284981427,-0.4183517824724667,148.16081413156869,2.9286000728607178
667,-1.4796216947392424,-0.9800791167301687,-1.7552823268325128,147.5637845274292,4.425600051879883
668,0.6338414141041279,1.5677018199650425,-1.0962760105523235,146.95374462122004,6.047299861907959
669,0.40119222847607794,1.6059928459985757,-0.7988067376277043,146.33079074531446,1.7039999961853027
670,0.3856032206375973,-1.727589341798292,0.92018309599057,145.6950212713507,4.289299964904785
671,-1.5838014334967299,0.49342610084430805,0.4799376090284944,145.04653659469898,3.198899984359741
672,-0.986255041224342,-1.4689242984629565,-1.2999492532606787,144.38543911860705,4.437099933624268
673,1.1450737878093677,-1.2159846682642539,1.2840540387619954,143.7118332380303,4.825399875640869
674,0.22761696588448002,1.5940120237912159,-0.5516950481693829,143.02582532314577,2.5085999965667725
675,0.22823036921997955,-1.7473191079937833,0.7493352369247575,142.32752370255565,3.585200071334839
676,1.5515001923379257,0.8663300140330559,-1.152341313758119,141.61703864618084,5.1570000648498535
677,-0.5006713304026327,-1.6573941188357926,-0.46313365765487113,140.8944823478481,5.741499900817871
678,-0.9222972520714826,-1.4653455892664304,-1.2368685239661321,140.159968907573,0.8953999876976013
679,0.3684737429000022,-1.6709514536170054,0.899151204127036,139.41361431354233,5.894999980926514
680,1.5430515395815176,-0.5050172636423369,0.8552397825349493,138.65553642379876,0.06239999830722809
681,1.604403692346481,0.5605647806663906,-0.6864318427481965,137.88585494762884,2.0789999961853027
682,0.9505090409180238,-1.3111821724823094,1.2650693868205227,137.10469142666005,4.592800140380859
683,0.9976601093144133,1.3170240422707726,-1.4031469220906023,136.31216921566795,6.265500068664551
684,0.5753697913161003,-1.5254807487182678,1.0799884051384325,135.50841346309699,2.561800003051758
685,1.1750325598572262,1.1833868530032317,-1.4425214857527326,134.69355109129782,5.957300186157227
686,-1.4781578842757466,-0.14757144483418683,-0.7464986692572307,133.867710776485,5.848199844360352
687,1.4827684786800468,-0.505051478179672,0.8520618152368994,133.031022928418,0.5637000203132629
688,1.1919445416412542,-0.9937202260353284,1.2139509275869445,132.18361966980683,6.072500228881836
689,-0.8469725577194236,-1.3979908049357979,-1.1898312704046623,131.3256348154498,5.665299892425537
690,-1.419888943631101,0.7913650248725107,1.1790396457329544,130.45720385110124,1.1813000440597534
691,-0.8229441517531222,-1.3891523198962792,-1.1661471554639242,129.57846391207778,0.3752000033855438
692,-1.065783216421991,-1.1734649827593293,-1.4999477028948816,128.68955376160238,2.0611000061035156
693,-1.4076011950185592,-0.5176530944341623,-1.3330616911457862,127.79061376889234,3.942699909210205
694,1.154883164382293,-0.9531778296129377,1.2015098251632605,126.88178588699314,3.882200002670288
695,1.2870166680517978,-0.7319825644788656,1.060049613476637,125.9632136303633,4.485099792480469
696,-0.9251442657538618,1.276438005936564,1.3542604434408336,125.03504205221029,5.775400161743164
697,0.39439574774855635,-1.476202069940972,0.9403776395958412,124.09741772158591,4.677499771118164
698,0.8832335223475358,-1.1829439414858762,1.2548137760161975,123.15048870024148,1.3253999948501587
699,0.5921142656302283,-1.355379510670363,1.112190557931032,122.19440451924652,2.078200101852417
700,-1.3567032478338323,-0.356529162279163,-1.0677406717662834,121.22931615537632,4.867000102996826
701,0.19131400342532023,1.359943995679901,-0.50437050622352,120.25537600727135,6.1168999671936035
702,-0.42241364878669524,1.353300670070918,0.585405925322302,119.27273787137142,4.899799823760986
703,-0.8173267049347548,-1.246890229309279,-1.263372664094509,118.2815569176291,5.891900062561035
704,-1.325424173611656,-0.335473620694147,-1.001670170105822,117.28198966500719,0.6883999705314636
705,1.4096589367953898,0.05179861683949917,0.086608165111962,116.27419395676203,5.69379997253418
706,-1.1453128633194682,1.0358569912485667,1.518317119271418,115.25832893551888,0.5860000252723694
707,1.284136016670864,0.7882763884121441,-1.1631634164172393,114.23455501814098,3.5685999393463135
708,1.3757935311851397,-0.22652813098515226,0.552561891927692,113.20303387039758,1.1893999576568604
709,-1.2918536594521146,-0.044035434964283804,-0.37470088797063417,112.16392838143595,5.554100036621094
710,1.0696386782777136,-0.8566223626460435,1.2271707219657642,111.11740263805838,4.608099937438965
711,-0.27821982055190714,1.3013635918472497,0.2650452727037992,110.06362189881143,3.300299882888794
712,1.3616368832288366,-0.01099221748697523,0.2441480664375841,109.00275256788936,1.4918999671936035
713,0.8562599211891979,1.1071825078399278,-1.3313063554004638,107.9349621688581,2.848900079727173
714,0.7514892815370392,-1.1265402538070695,1.2218924317242503,106.86041931819958,5.189799785614014
715,-1.2658302081645003,0.16364837913527214,0.20254428931458127,105.77929369868626,0.597599983215332
716,0.3909740024655333,-1.3228528378130597,0.8645582563865808,104.69175603258657,6.042200088500977
717,-1.2433764709676223,-0.07429792224002175,-0.29299424898003573,103.59797805470498,2.4089999198913574
718,0.9793754069108184,-0.8916337178645011,1.290108245354513,102.49813248526351,4.755000114440918
719,1.0608602935987632,0.930498834098173,-1.328057758552761,101.39239300262754,5.543600082397461
720,-1.144688168614263,-0.6603973066117992,-1.34029702132269,100.28093421587968,0.15649999678134918
721,-1.1526923115731742,-0.6190061261996295,-1.2747248340159023,99.16393163724666,0.29269999265670776
722,-1.161805214159251,-0.5639258822355356,-1.1788611343502349,98.04156165438431,4.764900207519531
723,-0.19848319570225598,1.226311445762875,-0.03552602714295213,96.91400150252372,4.126299858093262
724,-1.0061755401895554,0.9732594485806644,1.3936011726801507,95.78142923648412,4.297699928283691
725,1.2817598355303552,0.018625893608374106,0.3384910372819857,94.64402370255566,0.10339999943971634
726,1.2587314416209345,-0.2734501239478437,0.8518249285871462,93.50196451025704,5.251999855041504
727,-0.7368997823037801,-1.09179373199958,-1.4425384170653115,92.35543200397424,6.020299911499023
728,0.07116870148677097,1.1963811741841859,-0.6069411493732072,91.20460723448085,5.798799991607666
729,0.7110144087558247,1.0988354776889047,-1.3645781169860411,90.04967193034877,0.19460000097751617
730,1.268211287787183,-0.07254058745946003,0.5905633417046623,88.89080846925062,0.4189999997615814
731,0.6004230277421412,1.132605702951009,-1.3111859020453585,87.72819984916154,1.3265000581741333
732,0.4556649583589974,-1.2111446444544582,0.8189574193437835,86.56202965945968,5.6743998527526855
733,-0.6846745398843054,-1.0984378518822182,-1.4359682527533344,85.39248205193671,0.8736000061035156
734,-0.5631682793882836,-1.1796847294307482,-1.3182716072232783,84.21974171171749,5.733099937438965
735,-1.2406701120614358,0.43223651235850297,1.1712656780916055,83.04399382809692,3.531599998474121
736,-1.1428876701764008,-0.2947257556784361,-0.39941709157200167,81.86542406529517,0.3880999982357025
737,0.7766705367851777,1.0510644985605195,-1.413178255727795,80.68421853314038,6.189899921417236
738,-0.7003551273800857,-1.067773479238255,-1.4548601289745382,79.50056375767923,3.6242001056671143
739,0.8373276843915112,1.0113840579428461,-1.3973784340008364,78.31464665172194,3.980299949645996
740,1.0914130428472102,0.7172439039641442,-0.9237941165576314,77.12665448532715,4.56879997253418
741,0.9874963551708531,0.8793682736003853,-1.2258954648269458,75.93677485622938,5.7733001708984375
742,-1.0723663254525446,-0.5622632277536062,-0.9017359806588191,74.74519566021576,1.219499945640564
743,1.1227806390611075,0.5816513166598196,-0.6066364110085145,73.55210506145475,2.243000030517578
744,-1.2284490643811343,0.17362351904773501,0.8050134795019538,72.35769146278247,0.6712999939918518
745,1.2542112763997524,-0.0932702877327989,0.8270113709839972,71.16214347595204,5.070000171661377
746,-0.6557490141502977,-1.0812497874138884,-1.4277382498357145,69.96564989185016,2.365999937057495
747,-1.0603422715977062,0.8135182082093962,1.3502709163058155,68.7683996506838,5.414899826049805
748,-1.0962462348075885,0.7778540556845881,1.3910752204842962,67.57058181214465,5.8140997886657715
749,0.14457380341003156,-1.2932264013872194,-0.07452664543535711,66.37238552555566,0.8259000182151794
750,0.8199761177220621,1.00038181605774,-1.3623216000806087,65.17400000000004,0.531000018119812
751,-1.186339972363889,-0.013357719124969431,0.48041505030830317,63.97561447444443,3.396899938583374
752,-0.5015403235688234,1.0937097101193953,0.22887635458919608,62.777418187855254,4.991000175476074
753,0.9929567903747659,0.8045790896254725,-1.0186198636129609,61.57960034931645,4.185800075531006
754,-0.9115419783640787,-0.8452679620699319,-1.3225618925798177,60.38235010814992,4.858799934387207
755,1.1844867043349034,0.2634991088496979,0.2074543725489081,59.18585652404805,1.3859000205993652
756,-0.8385112050846447,-0.924510429413269,-1.4140402852773253,57.99030853721762,0.6467999815940857
757,1.0823001914253056,-0.5310437017679275,1.291990288323472,56.79589493854533,0.36390000581741333
758,-1.106092748658789,0.7192606833864285,1.378141131381419,55.60280433978432,1.798699975013733
759,0.5694794481393209,1.104318238034165,-1.3853895130841853,54.41122514377071,2.9293999671936035
760,0.6781314170982847,-1.002923166951895,0.9732809646845376,53.22134551467294,5.294400215148926
761,0.9513971421637457,-0.6978640315882567,1.3082371935875838,52.03335334827814,4.132400035858154
762,-0.7716055361483343,-0.9721091461346656,-1.4396567341712823,50.84743624232085,1.8841999769210815
763,-1.232589327094951,0.3457469548372916,1.2261632320433549,49.66378146685953,6.19789981842041
764,-0.8470479163753575,-0.893899838313235,-1.3616461572179424,48.48257593470492,1.6162999868392944
765,-0.9057243412381686,-0.7991941650436165,-1.2089244885558248,47.30400617190334,2.4728000164031982
766,-1.2124791814762697,0.4925949006686368,1.3827013631331877,46.128258288282595,5.301300048828125
767,0.5474009449450825,1.0972619757528295,-1.374645518832207,44.955517948063374,0.15530000627040863
768,0.678468160571211,-0.992941572108505,0.9529298869741574,43.78597034054039,0.6315000057220459
769,-0.7218775719617466,-1.0023205755271054,-1.4422042875160266,42.61980015083854,5.532899856567383
770,-0.5464511089022477,-1.1018264463682326,-1.3662919780081524,41.4571915307493,5.0218000411987305
771,1.0072001105974742,-0.5997258289141892,1.2983319221654712,40.298328069651475,1.0492000579833984
772,-1.110998595536884,0.6651706732056155,1.3628631293124502,39.14339276551923,4.17110013961792
773,1.2072325726764146,0.08034875915460049,0.6330897219219546,37.99256799602585,1.183899998664856
774,-0.3377376038874923,-1.1888456936421938,-1.1200041157256178,36.846035489742874,4.212399959564209
775,0.5282540125343217,-1.1233872537696052,0.6541586419823762,35.70397629744443,3.801800012588501
776,-0.798974543872285,-0.9320608788571542,-1.3874452430893125,34.56657076351597,4.632199764251709
777,1.2030160101520553,-0.08566143340529954,0.8730044875777528,33.433998497476516,1.69350004196167
778,0.7310779445237081,-0.9311537404065715,1.0258206081015888,32.30643834561576,2.727299928665161
779,-0.5675497774785742,1.029472611363944,0.3032441013564847,31.184068362753422,3.421799898147583
780,-0.5158869822708727,-1.1150513581296497,-1.3171368794254086,30.067065784120388,5.351600170135498
781,-0.7573215711645392,0.9425250910535105,0.7370663667583046,28.955606997372378,0.8359000086784363
782,-1.1418231369290637,-0.0901185958217416,0.4075394790777838,27.849867514736566,1.5887000560760498
783,-0.99680235131847,-0.4497723880495425,-0.4688200965321437,26.750021945295252,0.8985999822616577
784,-0.7432634013014751,-0.9860760817214339,-1.416548175080309,25.656243967413502,0.40790000557899475
785,-0.0013577183357083927,-1.2400185501466041,-0.46004830009014386,24.56870630131366,5.454500198364258
786,1.007859954120913,0.6193646738332016,-0.5459868883597195,23.487580681800495,3.1977999210357666
787,1.1495306744332854,0.29596648298946293,0.18164051516737492,22.413037831141978,3.6963000297546387
788,1.031481447063229,-0.5678263121921672,1.2461526752086696,21.345247432110718,1.1019999980926514
789,0.8015573548931684,-0.8500039347665366,1.1096810471850622,20.284378101188793,0.9810000061988831
790,0.8156980571649854,-0.8330429925974164,1.1249525429657385,19.230597361941697,0.31779998540878296
791,-0.6010223338607202,-1.0805732239263703,-1.3621572770799653,18.18407161856412,3.354599952697754
792,-1.215476149771327,0.15904675191754192,0.9011015545643707,17.144966129602352,1.2582000494003296
793,-1.187709279605784,0.527094864820443,1.3459056729030805,16.113444981859104,0.8184000253677368
794,-0.7549874001016808,0.9525751416869009,0.7347640251694136,15.089671064481202,5.381999969482422
795,-1.2267037679262216,0.23111612474169227,1.0173892019108668,14.073806043238179,0.7566999793052673
796,-1.1865474898252657,0.03732232993075369,0.6449922793914895,13.066010334992889,4.865900039672852
797,-0.028336679584027753,1.139202172069908,-0.7105559499319646,12.06644308237096,5.8242998123168945
798,0.3904811697898978,-1.1885820837433585,0.42089232612628413,11.075262128628665,1.0807000398635864
799,0.5539629554867701,1.0815416011901355,-1.2966966356654324,10.092623992728726,2.691499948501587
800,1.1352417958646834,-0.408520255095378,1.1200710912744483,9.118683844623753,1.478700041770935
801,-1.2318075576159124,0.3331870150343861,1.1526059799948243,8.153595480753694,5.489799976348877
802,-0.6867259990771455,-1.0397273599983123,-1.3951477422919445,7.197511299758581,1.5616999864578247
803,-1.1383916146233293,0.6099751637225852,1.324938781129485,6.250582278414029,0.07119999825954437
804,-1.2319954936281152,0.28265009117569295,1.0692716501092379,5.312957947789769,2.6010000705718994
805,-0.1569128102488998,-1.2415821913152247,-0.6770516913445482,4.384786369636771,5.881899833679199
806,-1.2318323441270078,0.2764362323674109,1.0526692504704078,3.46621411300692,2.4986000061035156
807,0.8644193741176397,-0.7834086907406146,1.1506370059820157,2.5573862311078415,2.6956000328063965
808,-0.7675613584821821,0.9534390039101593,0.7809342098691741,1.6584462383976941,1.014299988746643
809,1.0239078461718136,-0.6051230478609366,1.19650727174126,0.7695360879222903,1.8137999773025513
810,-0.9397066340965088,-0.6051194198813789,-0.8758968471069419,359.89079614889886,4.372399806976318
811,0.42356115574604114,-1.1792248112752333,0.5298591085976478,359.02236518455027,3.7551000118255615
812,0.42347323428203465,1.12255416883457,-1.2021981689605339,358.16438033019324,4.497300148010254
813,-1.043735141142816,-0.3129846843544034,-0.26241950638441913,357.3169770715822,2.5125999450683594
814,-0.229155260940537,-1.2342289778873126,-0.7615050402960096,356.4802892235149,0.9399999976158142
815,0.6148510861169667,-1.0634409517955663,0.8681504210833724,355.6544489087022,0.3903999924659729
816,0.35401682363227044,1.1390487183065559,-1.1370220094241668,354.8395865369031,2.6431000232696533
817,0.3229809609286751,-1.2068376607350155,0.3644167552752101,354.0358307843321,3.604099988937378
818,0.2727611098813846,-1.2156565494887839,0.27062203764578946,353.24330857334,0.6818000078201294
819,1.2058877678378361,0.09404318339881,0.46007770851396285,352.4621450523713,0.298799991607666
820,0.7049948876483298,-0.9724565253999726,1.0018366879011043,351.6924635762013,1.648900032043457
821,-1.2324634279931324,0.29367581967739737,1.0254262332984014,350.93438568645774,0.4927999973297119
822,0.5274459259425575,1.091219726551378,-1.228600893728221,350.1880310924271,5.130300045013428
823,1.071900631726966,0.5055586601207801,-0.35650602226209244,349.45351765215196,4.590700149536133
824,-1.0297049159932148,-0.3438389089916579,-0.38894421208785174,348.7309613538192,2.152100086212158
825,-0.6568236535672224,1.0245178491332019,0.580599137254314,348.0204762974444,5.303400039672852
826,-0.7420222729806575,0.9778390237150376,0.7646189533732084,347.3221746768543,5.112299919128418
827,-1.0233661342106026,-0.35907974468173276,-0.43713382116155164,346.6361667619698,2.7416999340057373
828,1.1541685811760958,-0.42426928715921397,1.0281189769684438,345.96256088139296,5.575399875640869
829,1.002600058657674,0.6775488724571449,-0.6813761730591087,345.3014634053011,1.545699954032898
830,0.32650963187457444,1.1460821592405293,-1.0704278240126186,344.6529787286494,1.3669999837875366
831,0.30877797036248017,1.1492178067151295,-1.0499047604122076,344.01720925468567,3.4179000854492188
832,-0.43103601635264466,-1.1815442839521264,-1.0194147046188018,343.3942553787799,0.9083999991416931
833,0.9588722132141981,-0.7052409578885094,1.1563000573547195,342.78421547257085,5.9695000648498535
834,-0.8740127518591478,-0.8260005300093565,-1.2877560322806358,342.18718586843136,3.440700054168701
835,0.4452532700792099,1.1180064682358952,-1.1537580933475107,341.6032608442569,2.3912999629974365
836,0.5938785548454908,-1.0798946673017809,0.8903044307018635,341.0325326085778,2.287400007247925
837,1.109355715253573,-0.5323630486209957,1.0870353039990328,340.47509128599876,5.5802998542785645
838,0.756991587129445,-0.9168142605623588,1.0706740051669672,339.93102490296644,5.742599964141846
839,-0.5873744319288895,-1.1177905738278875,-1.226666350598852,339.4004193738699,1.7235000133514404
840,-0.4369732218368441,1.0949637422940537,0.15838987755214023,338.8833584874731,5.262599945068359
841,1.0982269513797684,-0.5545801939884717,1.0921646211203506,338.379923893684,6.15880012512207
842,1.2139701834486962,-0.08865430370515166,0.6378786103132781,337.890195090661,0.11219999939203262
843,1.2052720313950276,-0.20901772235469723,0.7739873670743351,337.41424941225904,0.24789999425411224
844,1.188331573794736,0.16624077706449616,0.23355309254149728,336.9521620158182,4.262599945068359
845,1.098639849324322,-0.5582531079237717,1.0861727897396927,336.50400587029515,3.922300100326538
846,0.05508491905394188,-1.2442301494369568,-0.05517541233893808,336.0698517447403,2.3958001136779785
847,0.3908180299157036,-1.1934542151857375,0.5939272900284377,335.64976819712297,0.15320000052452087
848,-1.0068889367503604,0.7601864142716698,1.1998694485919355,335.2438215635052,4.277900218963623
849,1.1755703833709261,-0.3817406513980263,0.9315133101432658,334.8520759475663,3.928100109100342
850,-0.8340159138946714,-0.925065023415414,-1.3901402823592715,334.4745932104801,6.0640997886657715
851,-1.2162505267886141,0.4602586970903812,1.1773160160655174,334.1114329611469,0.5019999742507935
852,0.8381142978676642,0.9263514813694285,-1.103367816986262,333.7626525467799,1.7964999675750732
853,0.3083055760102702,-1.2136773019627056,0.45878834776682836,333.42830704384977,2.3443000316619873
854,0.398368674006085,-1.1910380055455394,0.6228767465394639,333.10844924938715,3.800100088119507
855,-1.2252438421344003,0.2677268311023195,0.8811425323930598,332.80312967264587,5.308300018310547
856,-0.3984064255925305,-1.2030118865185686,-0.9005490159138263,332.51239652712627,4.021900177001953
857,-1.2146100351387614,0.4671644101034569,1.1773353208543078,332.2362957229625,4.025199890136719
858,0.8821925311262198,-0.7979416577627378,1.1264256955093377,331.9748708596721,0.955299973487854
859,1.2123412269619527,-0.00990190198033586,0.4895951723735817,331.72816321927155,1.5226999521255493
860,1.1458481973924404,-0.4796024524038748,1.0016176832629438,331.49621175975716,1.5241999626159668
861,-1.1892005601106714,0.5390516676322633,1.2382564279128547,331.2790531089533,4.5518999099731445
862,-0.6172635813503337,-1.1106870241792688,-1.2302201870136131,331.0767215587282,5.014599800109863
863,-0.5596311011072256,1.0702325762541391,0.4459145232854888,330.88924905957936,0.879800021648407
864,-0.6286714587288327,1.0446037347664756,0.5900229993396982,330.71666521558745,1.1208000183105469
865,1.1705820181061395,-0.40883858330126605,0.9344625612014219,330.5589972797422,0.3425000011920929
866,0.864217400876787,0.9043944116171275,-1.0688429613600514,330.41627014963836,5.972499847412109
867,0.4689023473530338,-1.1617669110171653,0.756718617586651,330.28850636354434,1.6583000421524048
868,1.1752813184000117,0.2171415063010534,0.09553239112149438,330.17572609684305,5.175000190734863
869,-1.0529353190292712,0.7210222593850548,1.237774226888911,330.07794715884603,2.67930006980896
870,-1.2241640500738,0.2699976708498437,0.8677879974823758,329.995184989981,3.0669000148773193
871,-0.49143493423462253,-1.1691318268078108,-1.0379290838747357,329.92745265935395,5.662199974060059
872,-0.6467743235833404,-1.0962130919694817,-1.2645305030625722,329.8747608626849,4.792300224304199
873,1.1966456472013227,-0.28449840493922773,0.8111728771378667,329.83711792061956,0.3682999908924103
874,-1.1654899249975128,0.5847289738234219,1.2587718412521498,329.8145297774147,4.0346999168396
875,-1.2195577898682506,0.44364823140946963,1.1399317025429023,329.807,0.48249998688697815
876,0.7884059191998272,0.9652635475764066,-1.1437732078663576,329.8145297774147,4.51639986038208
877,-0.766508451270583,-1.0133001348672552,-1.3872099661979378,329.83711792061956,3.8754000663757324
878,0.6996271506002968,-0.9792676475596065,1.0387077907054625,329.8747608626849,2.2079999446868896
879,0.5432142167795084,-1.1161525128333132,0.8684470600039117,329.9274526593539,1.4744999408721924
880,0.12321432678803251,1.167780728530053,-0.7555887038906381,329.99518498998106,5.520100116729736
881,1.2045613337920538,0.06945876671313372,0.35544834334070835,330.07794715884603,4.32859992980957
882,0.5194789065798688,-1.1325622591639832,0.8334057536188845,330.17572609684305,2.0671000480651855
883,0.2698499773017423,1.1577551687627048,-0.9455880981994439,330.28850636354434,4.450900077819824
884,0.6964170443503996,-0.9824598036081128,1.0351782856184453,330.41627014963836,5.818999767303467
885,1.196552800118334,0.1204278246705251,0.27247865780409714,330.5589972797422,4.650899887084961
886,1.1137818134507893,0.42882488498242793,-0.27686280853052647,330.71666521558745,0.4763999879360199
887,-0.21723438703736966,1.138429337233584,-0.2145769315831002,330.88924905957936,5.215700149536133
888,0.3655609881528756,-1.20137015121026,0.5753013221335684,331.07672155872825,1.413699984550476
889,-1.0370577990833039,-0.32239866709042037,-0.4582991678062774,331.27905310895324,3.7077999114990234
890,-1.2048231737253654,0.15260085823736308,0.6492873041927939,331.4962117597571,3.1858999729156494
891,-1.2207045650949322,0.23397148435666004,0.8144916746274866,331.72816321927155,4.929999828338623
892,0.9089050593399675,0.8551189481442492,-0.9939596210004368,331.97487085967214,6.099100112915039
893,1.212617443054001,-0.11879587896876058,0.6435645325665139,332.2362957229625,4.217599868774414
894,-1.2189368832092573,0.44734691380866476,1.158268850440354,332.51239652712627,2.8980000019073486
895,1.1166350563299121,0.414510224049582,-0.2433264284586874,332.8031296726458,0.5333999991416931
896,0.19148973149897314,1.1647262931537121,-0.8662168629685555,333.10844924938715,2.466900110244751
897,-1.2271964725373004,0.2826141517380162,0.9158310639975978,333.4283070438497,0.05139999836683273
898,-0.7311488618158212,0.9884911674389272,0.785411854675533,333.7626525467799,3.842900037765503
899,1.0862831161873021,-0.5799799752727263,1.0920926267576923,334.11143296114693,6.116700172424316
900,-0.41079718612889954,-1.1961238233932654,-0.9386462002044484,334.47459321048007,1.6132999658584595
901,1.2007291278635426,0.10455591712051489,0.3344964545426388,334.85207594756616,4.668300151824951
902,-0.9583087391589095,-0.5466784627997369,-0.8826151682735631,335.2438215635052,3.4052999019622803
903,-0.6742405462797006,1.0212293625341409,0.6615000592263371,335.64976819712297,0.10100000351667404
904,0.6941361109889417,-0.98359293768494,1.0209694919427454,336.0698517447403,2.3736000061035156
905,-1.1763685956772392,0.037875574030129554,0.43899243831089757,336.5040058702951,4.5808000564575195
906,1.2144640892165595,-0.062445061556338034,0.6041249271826302,336.95216201581826,0.482699990272522
907,1.1186589392156705,-0.5208054671756807,1.0684859784789416,337.41424941225904,2.670599937438965
908,-1.0053346556825755,-0.40481088992442205,-0.5889289132748152,337.8901950906609,3.8517000675201416
909,-0.5995033041009575,1.0522969946318514,0.49140124100266114,338.379923893684,5.311600208282471
910,1.1241076450274556,-0.5073148852004864,1.0662278245908043,338.8833584874732,6.1016998291015625
911,-0.5262377090438407,1.0738937893576253,0.3326386659982972,339.4004193738699,5.0040998458862305
912,1.1156579900765964,0.4031985016002869,-0.19204832776137865,339.9310249029664,1.5640000104904175
913,-1.1466020726983448,0.6068461878923681,1.2880155775667372,340.4750912859987,6.036399841308594
914,-1.0811183179935715,0.684207776112025,1.2636284293701663,341.03253260857775,4.908199787139893
915,0.11019959090831437,1.1636153940054184,-0.8009327970380858,341.6032608442568,2.08240008354187
916,0.2280334275723559,1.1599507482517464,-0.9585178517609575,342.18718586843136,2.8515000343322754
917,1.2054808577187668,-0.1941045397811054,0.7940545859514418,342.7842154725709,5.874499797821045
918,-0.16831526402601432,-1.2495957220836962,-0.5696834012596109,343.3942553787799,1.9737999439239502
919,-0.6666423670275148,1.021396314564111,0.6116953276922273,344.01720925468555,2.8907999992370605
920,-1.141951129002067,0.6110719411784457,1.2950236838162819,344.6529787286493,1.0526000261306763
921,-0.7369973246504555,0.98130544373493,0.7561665467065126,345.30146340530104,2.9235000610351562
922,-0.8080289330613165,-0.945181064468753,-1.3903112746302495,345.96256088139296,6.158100128173828
923,-0.7016180677370765,1.0021019272772185,0.677220187982307,346.6361667619697,4.829400062561035
924,0.05352009555772261,-1.2426629404462677,-0.14806976028437657,347.32217467685433,2.1547000408172607
925,-1.2235492106444894,0.21025282915657978,0.8734386851643595,348.02047629744436,4.530900001525879
926,0.55689899356664,1.0805686289238745,-1.2378169970017798,348.73096135381905,5.558700084686279
927,-0.8128297771884699,-0.9339286737254001,-1.3804533423622904,349.4535176521518,5.679999828338623
928,1.2142589246944548,-0.06250558492955964,0.6829671198870605,350.1880310924271,6.152299880981445
929,-0.7639355435916814,0.9607632880211232,0.7948255442206638,350.9343856864577,3.202500104904175
930,0.8921387341224386,0.8572292199653386,-1.0087036937211873,351.69246357620125,4.806099891662598
931,0.7583834036294052,-0.9116956901085997,1.0579044340468235,352.4621450523713,3.6654999256134033
932,-0.34079010898398826,1.0960329536965612,-0.09850410501249357,353.24330857333996,0.7989000082015991
933,-0.2638566923239682,-1.2268778563468004,-0.8182058647975062,354.03583078433195,1.3432999849319458
934,0.9058259130224303,0.8353928773001317,-0.9710296443921407,354.839586536903,1.1187000274658203
935,1.0577082364369135,0.5286931105834805,-0.38093545181559785,355.6544489087023,5.148799896240234
936,1.0493386543171161,-0.5786353364702345,1.1823510853787214,356.480289223515,4.968100070953369
937,1.1385375517596152,-0.4277849858492864,1.0937779536351577,357.316977071582,2.083899974822998
938,1.189010698027379,-0.254444635459536,0.936874610853412,358.164380330193,1.7312999963760376
939,1.036572508264519,-0.5897659815533012,1.1936418936015505,359.02236518455015,0.9172000288963318
940,0.3041328686535983,-1.2095154050529542,0.28923708433552303,359.89079614889874,1.8451999425888062
941,-0.5973329978562024,-1.093628316784901,-1.319976107696125,0.7695360879222335,0.09929999709129333
942,-1.202600384021507,0.09648103138374538,0.7255571319553767,1.6584462383977652,1.448699951171875
943,0.6136493068198665,-1.0634925453481743,0.8426476321909284,2.5573862311077917,2.849299907684326
944,-1.2321146658440503,0.2854488442351731,1.0735888505613613,3.4662141130067283,3.1221001148223877
945,-0.6019679299320415,-1.0884970463032426,-1.334386262050883,4.384786369636572,4.336100101470947
946,-0.8537509228831084,-0.8495750256202261,-1.2719863902106276,5.312957947789833,4.978700160980225
947,0.017448989775964322,1.1473298912139747,-0.7702771414402025,6.2505822784141,3.459399938583374
948,1.206886552137779,0.08684981502159497,0.5504413655223639,7.197511299758517,4.090000152587891
949,0.6299359310985051,-1.0472055985208326,0.858540772120193,8.153595480753488,2.482800006866455
950,-1.0053664409229845,-0.41199886419489745,-0.42682714603617883,9.118683844623689,3.519200086593628
951,0.9891045451525032,0.6676163188185126,-0.6473793634632702,10.092623992728512,1.5104000568389893
952,1.1067934939632242,-0.4605342043177779,1.1733847137320998,11.075262128628594,1.4696999788284302
953,0.33168325095424805,-1.2034915506423478,0.29386370757075264,12.066443082371038,0.9437999725341797
954,-0.5251640446317977,1.0462989342796765,0.2194884094649751,13.06601033499296,0.599399983882904
955,0.5664792696963112,-1.0987358200597714,0.7391041309960281,14.073806043237965,2.3041000366210938
956,-1.1477558044812644,0.5979914771457058,1.3487511147584885,15.089671064480989,3.8364999294281006
957,-0.8273455010366764,-0.8935900801092929,-1.3274228595279731,16.113444981859026,2.1668999195098877
958,-0.8892956832834048,0.8497655918798409,1.0049801547408355,17.144966129602437,4.848999977111816
959,0.7841478546050461,-0.8714535105373847,1.0878193781926568,18.184071618564055,4.871099948883057
960,-1.2165534709435568,0.43854066369264344,1.3057449159980838,19.230597361941626,6.097499847412109
961,-1.0021039647065724,-0.4288590359261554,-0.4296669830074382,20.284378101188715,4.396399974822998
962,-0.0031351351903756513,1.1370853462328838,-0.7788270937618329,21.34524743211049,1.0644999742507935
963,0.9969818200484329,0.6439726300068622,-0.6012135221411902,22.41303783114175,2.040800094604492
964,0.8055387678859041,-0.8427427055345869,1.1224936796450025,23.487580681800573,4.2778000831604
965,-0.8748951818105646,-0.8093495834395931,-1.2038553236314415,24.56870630131374,0.4487999975681305
966,0.09249105914470827,1.146392706440372,-0.9296128477777751,25.65624396741343,2.2964999675750732
967,-1.2210889683179649,0.21389116746062437,1.0277045834745007,26.750021945295025,1.7305999994277954
968,-0.561155941920949,1.0312795163985387,0.28839123088380275,27.849867514736495,4.36870002746582
969,-0.0762422009660319,1.1224215539376416,-0.6712014014458925,28.9556069973723,2.1939001083374023
970,1.1320255827028702,0.3382346284089569,0.09453183447930383,30.06706578412031,1.36080002784729
971,-0.4102903917174935,1.06410896807654,-0.043198000664823835,31.184068362753507,6.220099925994873
972,1.0107591676622132,0.618759484196215,-0.555211198093881,32.306438345615845,5.974400043487549
973,-0.8968463384123391,0.8438092689625591,1.0266862778010843,33.43399849747628,3.6217000484466553
974,1.1766319592856362,0.22177717030726893,0.3558204456064006,34.56657076351573,5.99459981918335
975,0.38361777383046103,-1.1956110745944326,0.35665587144611965,35.70397629744435,4.386000156402588
976,0.3469394622540255,-1.2073741761668297,0.27886173045018303,36.84603548974296,4.490499973297119
977,1.1789554355447978,0.21880824058851364,0.3613604449550963,37.99256799602577,3.0302999019622803
978,-0.6849940104140928,-1.0265121989481985,-1.4395408920730262,39.14339276551915,2.756700038909912
979,-0.5393733119375351,1.0429022775154675,0.24705127078053563,40.2983280696514,1.444000005722046
980,-0.9253902757147104,-0.7381271634312271,-1.0876065022148356,41.45719153074922,3.6763999462127686
981,0.9652785207411978,-0.6613874822758236,1.3019836531882094,42.6198001508383,2.52239990234375
982,-1.1603847835219996,-0.048153428697441235,0.5055720357590673,43.78597034054047,2.422800064086914
983,0.22397693060710733,-1.2412455758310634,0.014408810385826776,44.95551794806346,1.901900053024292
984,-0.8732986629341645,0.876102951688461,0.9915939494265742,46.12825828828251,3.2741000652313232
985,0.6662475697883204,-1.0108901146774945,0.9421485369344331,47.3040061719031,1.9342000484466553
986,0.6960148297074128,1.0417213980356015,-1.3856774256371793,48.48257593470484,3.8210999965667725
987,0.2524638984653761,-1.2469313274007956,0.0882493090814665,49.66378146685945,2.6939001083374023
988,-1.1751034023257918,0.6168557658900959,1.4274594102205118,50.84743624232077,1.3295999765396118
989,-1.142391171524941,-0.12394127466646339,0.2929348316966482,52.033353348278055,2.975800037384033
990,-0.9215720901063822,-0.8092821826630057,-1.2474531380631237,53.221345514673025,5.232600212097168
991,0.9650353856061047,0.8195399412007491,-1.0390901466836029,54.41122514377062,2.277899980545044
992,0.8428237934627278,0.9625162432606185,-1.3060372937473574,55.60280433978407,2.687299966812134
993,1.2370756400898757,-0.032824576479479256,0.7947956029883795,56.795894938545246,4.4415998458862305
994,0.06049783145183814,1.1572185444493235,-0.8469612801062176,57.99030853721771,3.306299924850464
995,0.46925598587787654,-1.1883517418314051,0.5940798631145167,59.18585652404796,3.9231998920440674
996,0.6831714945624512,1.073516542216893,-1.4039585580025944,60.382350108149836,3.7648000717163086
997,1.1774241232068394,-0.35604359365629895,1.1573152558029864,61.579600349316365,4.231900215148926
998,0.5538946312517526,1.1273902374213554,-1.3664339133808507,62.777418187855176,2.0731000900268555
999,-1.0211063434599486,0.8343454508892743,1.2850193222326758,63.97561447444418,3.1552000045776367
